source_id,target_id,NC_mean_total,NC_stdev_total,parcel_count
1000,1002,2.896461161,2.746329449,1
1000,1004,2.269547628,3.250716897,1
1000,1005,1.866712199,2.687325081,1
1000,1006,1.764075496,2.970356068,1
1000,1009,1.912774369,2.969292758,1
1000,1010,2.32635901,3.662106418,1
1000,1013,2.843827989,3.655008853,1
1000,1026,3.09344606,4.248365854,1
1000,1027,2.788093375,4.288286896,1
1000,1035,2.100156362,3.49550032,1
1000,1036,3.672333682,5.521699784,1
1000,1041,2.084608878,2.120019787,1
1000,1043,3.114210419,2.914899795,1
1000,2000,2.55759077,1.287254645,2
1000,2004,4.634122611,1.611009054,2
1000,2005,1.539576096,N/A,1
1000,2013,1.594428877,1.499813005,1
1000,2014,1.426652977,3.966598993,1
1000,2019,3.096657295,0.861183049,1
1000,2028,3.366155829,0.957003868,2
1000,2035,1.874436645,0.107579506,2
1000,2036,2.307870359,1.707534503,2
1000,2043,3.290738791,0.83353569,2
1000,2044,1.6364262,0.465517413,2
1000,2045,3.043088971,0.809047807,2
1000,2046,2.668174944,1.373543509,2
1000,2049,2.34215791,1.251118739,2
1001,1000,3.048412254,3.292297812,1
1001,1001,2.414211793,3.23762663,1
1001,1002,5.698578125,4.929035421,1
1001,1004,7.296270244,11.47461903,2
1001,1005,3.917732119,6.719572606,2
1001,1006,5.410385267,10.77029245,3
1001,1009,6.162149341,12.62698896,3
1001,1010,9.327886812,18.78340722,3
1001,1013,6.719486435,11.05457493,1
1001,1026,9.40164194,14.91478332,3
1001,1027,8.384656,15.86662068,3
1001,1035,9.824198356,19.84253113,3
1001,1036,17.24213538,28.79873498,3
1001,1040,1.50120671,1.6927905,2
1001,1041,4.900209465,3.19646045,2
1001,1043,7.006991071,4.783727056,3
1001,2000,3.63507914,N/A,1
1001,2004,5.393301335,N/A,1
1001,2005,3.253636974,N/A,1
1001,2013,1.665104548,2.965894599,1
1001,2014,1.351170136,5.277324296,1
1001,2019,3.601257273,1.857293671,1
1001,2028,2.687427172,N/A,1
1001,2035,2.557191925,N/A,1
1001,2036,2.956250344,6.026697455,1
1001,2043,3.115271437,N/A,1
1001,2044,2.320601535,N/A,1
1001,2045,2.34075163,N/A,1
1001,2046,3.118749076,1.48762182,1
1001,2049,2.685591291,N/A,1
1002,1000,1.182963074,0.742112019,1
1002,1001,1.162947434,0.819930985,1
1002,1002,2.982026066,1.460846005,1
1002,1004,2.178062362,1.028854426,2
1002,1005,1.962989674,1.192825162,2
1002,1006,1.710228453,1.081163637,2
1002,1009,1.883046901,0.932909148,2
1002,1010,2.284247233,1.096067033,2
1002,1013,2.74627136,1.699836351,1
1002,1026,3.01112224,1.459013496,2
1002,1027,2.722257382,1.736581469,2
1002,1035,2.041314699,1.093147148,2
1002,1036,3.541277514,1.775592469,2
1002,1040,1.100683152,0.663614086,1
1002,1041,2.295211824,0.897323472,2
1002,1043,3.300259358,1.32004233,2
1004,1000,9.114118731,4.602411592,2
1004,1001,10.19219041,5.047450439,2
1004,1002,4.690768029,1.653441547,1
1004,1004,7.670082142,N/A,3
1004,1005,6.198133823,5.84867185,3
1004,1006,6.132279935,3.823711035,3
1004,1007,4.053050749,N/A,1
1004,1008,7.829284977,5.41528866,1
1004,1009,8.971504993,3.023612376,3
1004,1010,20.17585634,N/A,3
1004,1013,5.420777127,5.463384711,1
1004,1026,8.665709965,2.802319749,2
1004,1027,9.838984998,8.80306899,3
1004,1035,16.25917864,5.686300246,3
1004,1036,24.95027975,N/A,3
1004,1040,2.392843951,N/A,1
1004,1041,10.64672794,N/A,3
1004,1043,8.182802831,N/A,3
1004,4011,3.232884065,1.91825,1
1005,1000,5.939813379,7.531824394,2
1005,1001,6.822402976,8.833015526,2
1005,1004,2.576340891,3.280288108,2
1005,1005,2.99297362,4.054649795,2
1005,1006,2.421270854,3.222819687,2
1005,1007,2.762269825,6.05936391,1
1005,1008,5.006249397,11.25576203,1
1005,1009,3.828106541,5.212574161,2
1005,1010,10.36079671,13.45780852,2
1005,1026,1.970006079,1.897226271,1
1005,1027,3.368584009,4.407239936,2
1005,1035,7.503396892,11.89975492,2
1005,1036,9.710148993,14.28704748,2
1005,1040,1.772726907,1.965483552,1
1005,1041,5.630571902,6.085544166,2
1005,1043,2.8374467,2.980740182,2
1005,4011,2.359297237,4.921568271,1
1006,1000,5.154060399,7.901546025,1
1006,1001,6.123235116,7.162821081,1
1006,1004,2.540478769,0.394374208,1
1006,1005,2.170702933,6.294465606,1
1006,1006,2.681721402,1.643123214,1
1006,1007,5.057803665,0.8670966,1
1006,1008,9.457245975,7.318228534,1
1006,1009,3.923749136,1.962856034,1
1006,1010,9.710195776,1.375794185,1
1006,1027,3.369034198,3.49978801,1
1006,1035,9.383877374,6.066505615,1
1006,1036,12.22648693,1.915882588,1
1006,1041,4.273861166,0.60485751,1
1006,1043,2.186370499,0.312365858,1
1006,4011,3.399880931,3.280250079,1
1007,1000,5.678075178,13.92406506,1
1007,1001,6.343286815,10.85503798,1
1007,1004,3.752887329,N/A,1
1007,1005,2.143627769,8.589723369,1
1007,1006,5.543331701,12.17349886,1
1007,1007,20.91735442,N/A,1
1007,1008,26.4226861,41.47200021,1
1007,1009,5.259098115,3.614852572,1
1007,1010,9.757704389,N/A,1
1007,1027,4.543647717,9.548908852,1
1007,1035,13.87233873,9.055257172,1
1007,1036,22.45066645,N/A,1
1007,1041,4.267225524,N/A,1
1007,1043,2.258174388,N/A,1
1007,4011,5.246328043,11.23965964,1
1007,5001,3.179079908,2.968592941,1
1007,5002,3.437771836,5.535836636,1
1007,5005,2.732257868,N/A,1
1008,1000,11.3178331,25.23507546,1
1008,1001,14.85509814,31.28634338,1
1008,1004,3.776375421,9.436491452,1
1008,1005,4.446232919,10.5159915,1
1008,1006,3.616760936,9.522211949,1
1008,1007,6.637219556,17.98330194,1
1008,1008,13.81301438,37.74282709,1
1008,1009,6.89430218,16.70813601,1
1008,1010,25.66112254,50.72949839,1
1008,1027,5.697227847,13.94595242,1
1008,1035,17.36419825,43.43402866,1
1008,1036,20.63890109,52.12960484,1
1008,1041,10.36086939,20.33617698,1
1008,1043,4.145722619,8.572048493,1
1008,4011,5.345517767,13.6254013,1
1009,1000,5.733745914,5.033800716,1
1009,1001,5.037985559,4.640105843,1
1009,1004,2.992675313,2.681452749,1
1009,1005,3.144435983,5.816260968,1
1009,1006,2.671900859,2.328536236,1
1009,1009,3.554173816,5.632901022,1
1009,1010,5.419395841,4.308303662,1
1009,1026,3.246101491,1.915260162,1
1009,1027,3.460826726,3.174353773,1
1009,1035,4.918520073,4.651550902,1
1009,1036,8.193120507,7.24224346,1
1009,1040,2.91486625,1.729476281,1
1009,1041,5.40006495,3.75318134,1
1009,1043,3.195452374,2.177098943,1
1010,1002,8.911332208,2.48002533,1
1010,1041,5.664819352,N/A,1
1010,1043,12.23028776,N/A,2
1013,1000,4.237019977,9.195770129,1
1013,1001,5.473207728,11.59730052,1
1013,1004,1.801071886,4.159622297,1
1013,1005,2.148905633,4.712188094,1
1013,1006,1.733721384,4.103282761,1
1013,1007,2.551011297,6.10562167,1
1013,1008,4.575900768,11.27815368,1
1013,1009,2.744637979,6.30417884,1
1013,1010,9.09754688,18.74246081,1
1013,1027,2.384753039,5.481670093,1
1013,1035,5.806320161,13.70591392,1
1013,1036,6.631303948,15.38947656,1
1013,1041,4.085245647,8.384648182,1
1013,1043,2.0085921,4.23524143,1
1013,4011,2.255067575,5.316396475,1
1026,1000,5.489665342,2.027877752,2
1026,1001,6.219283143,2.452914426,2
1026,1002,7.170647007,5.217883761,1
1026,1004,6.785715146,5.290285824,3
1026,1005,5.803129971,4.750960128,3
1026,1006,5.309891035,4.143288863,4
1026,1007,2.497245929,0.526191815,1
1026,1008,4.405304873,3.153544979,1
1026,1009,7.25740817,4.47452642,4
1026,1010,14.51224814,6.287612386,4
1026,1013,7.146704908,7.620941679,1
1026,1026,9.878367979,8.139739713,3
1026,1027,9.704785888,8.589178836,4
1026,1035,11.28087271,6.3508978,4
1026,1036,19.16263461,11.3801704,4
1026,1040,2.196966296,0.42821601,2
1026,1041,8.836626813,3.06449949,3
1026,1043,10.12797629,5.011822656,4
1026,2000,8.82402636,5.298791357,3
1026,2004,8.487415583,5.102925358,3
1026,2005,1.476137313,0.818335619,1
1026,2009,4.282931864,1.924967898,1
1026,2013,1.741575203,1.177183194,1
1026,2014,1.667938966,2.937566852,1
1026,2019,4.205403303,2.749298915,2
1026,2020,2.72434757,4.614362306,1
1026,2021,5.828039573,9.772921783,1
1026,2022,2.779115719,1.284281123,1
1026,2028,6.076172509,3.134977764,3
1026,2035,4.291589667,1.824565654,3
1026,2036,2.149563947,2.270611081,2
1026,2043,5.582446219,3.079715331,3
1026,2044,2.038909295,1.364184755,3
1026,2045,5.607364424,2.82012129,3
1026,2046,3.252221138,2.836297859,3
1026,2047,3.640507521,8.831001112,1
1026,2049,2.601621717,2.208829236,3
1026,4011,2.156636192,1.210830397,1
1027,1000,3.260791996,2.182867388,1
1027,1001,2.991709462,2.206481935,1
1027,1002,5.87544958,3.824792424,1
1027,1004,5.943202921,5.100281956,2
1027,1005,4.878260772,4.611070625,2
1027,1006,4.715792589,4.521781925,3
1027,1009,5.991607136,4.726667788,3
1027,1010,8.425529235,6.645117052,3
1027,1013,6.246610036,6.898142104,1
1027,1026,9.645566112,7.372051193,3
1027,1027,8.051409329,8.84668622,3
1027,1035,7.410723936,6.345092175,3
1027,1036,14.38831839,11.3946699,3
1027,1040,2.536594756,1.423296782,2
1027,1041,6.28308138,2.865921012,2
1027,1043,8.215334846,3.738315299,3
1035,1006,4.615469073,8.278938783,1
1035,1009,6.572675475,11.18181222,1
1035,1010,8.54395195,15.49628866,1
1035,1035,9.184000646,17.28385163,1
1035,1036,13.82821944,23.53613809,1
1035,1040,4.444567235,5.956195931,1
1036,1006,5.379170152,5.545198018,1
1036,1009,7.7032813,2.57435463,1
1036,1010,10.03503092,N/A,1
1036,1035,10.800087,5.10227433,1
1036,1036,16.41472504,N/A,1
1036,1040,5.184514568,N/A,1
1040,1000,2.109316273,0.239403094,1
1040,1001,1.977164326,0.696062126,1
1040,1002,3.035319529,0.734157435,1
1040,1004,2.899319279,N/A,2
1040,1005,2.660406707,1.767565463,2
1040,1006,3.486430778,1.437612092,3
1040,1009,4.500642492,0.943220138,3
1040,1010,5.933251987,N/A,3
1040,1013,3.039491842,1.728971086,1
1040,1026,5.943420207,3.042333693,3
1040,1027,5.027267895,4.170628158,3
1040,1035,5.668797316,1.309644792,3
1040,1036,9.755899293,N/A,3
1040,1040,2.748136078,N/A,2
1040,1041,3.350335651,N/A,2
1040,1043,5.523410156,N/A,3
1041,1002,1.926657759,0.630895056,1
1041,1004,1.883141868,N/A,1
1041,1005,1.490898996,2.038733512,1
1041,1006,1.573473699,1.733566096,1
1041,1009,1.699366293,0.403027905,1
1041,1010,2.045015739,N/A,1
1041,1013,2.063285549,1.846149436,1
1041,1026,2.376633085,0.844025048,1
1041,1027,2.123047803,3.120987073,1
1041,1035,1.916690402,0.674371066,1
1041,1036,2.975206954,N/A,1
1041,1041,1.561247466,N/A,1
1041,1043,2.041658355,N/A,1
1043,1000,3.773096761,4.913385907,1
1043,1001,2.796832608,4.365803315,1
1043,1002,2.694796729,0.442582389,1
1043,1004,3.662777271,N/A,2
1043,1005,2.043816821,2.920461624,2
1043,1006,2.570427005,1.445897093,2
1043,1009,2.364282986,5.606969365,2
1043,1010,3.755078143,N/A,2
1043,1013,2.518181835,0.837233831,1
1043,1026,2.957225327,0.576797447,2
1043,1027,3.605069144,3.726041652,2
1043,1035,5.804032544,3.675321278,2
1043,1036,8.395264435,N/A,2
1043,1040,1.375564423,N/A,1
1043,1041,3.103797042,N/A,2
1043,1043,3.435341316,N/A,2
2001,2000,2.499980626,7.395294092,1
2001,2004,4.659176763,13.09234031,1
2001,2005,2.215313453,6.590509324,1
2001,2013,2.570230291,5.371288554,1
2001,2014,2.23151185,6.080324547,1
2001,2019,6.413074486,13.61064673,1
2001,2028,4.211384494,9.303168519,1
2001,2035,2.667626129,7.139395898,1
2001,2036,2.738360931,7.794341614,1
2001,2043,3.929013569,9.822885654,1
2001,2044,1.856983807,5.410066933,1
2001,2045,4.167021898,8.132108785,1
2001,2046,2.228173256,6.595615497,1
2001,2049,2.119216325,6.156119296,1
2004,2000,12.20040064,N/A,2
2004,2001,1.996811765,0.05746328,1
2004,2004,11.56039093,N/A,2
2004,2005,1.713721062,N/A,1
2004,2008,4.199857525,N/A,1
2004,2009,5.921356256,N/A,1
2004,2013,2.802028298,4.554507466,1
2004,2014,2.682103114,2.723849674,1
2004,2020,3.758101125,5.748466393,1
2004,2021,7.700585553,10.07617626,1
2004,2022,3.596138881,N/A,1
2004,2023,4.387490451,7.843921413,1
2004,2028,7.069294001,N/A,2
2004,2035,7.256107149,N/A,2
2004,2036,4.876097551,1.784817887,1
2004,2043,5.985969955,N/A,2
2004,2044,5.938963569,N/A,2
2004,2045,7.379327292,N/A,2
2004,2046,4.605295707,0.246034845,2
2004,2047,4.690429682,9.117052861,1
2004,2049,2.872674672,N/A,2
2005,2000,19.95462234,N/A,2
2005,2001,12.14241234,3.939918822,2
2005,2004,8.379024764,N/A,1
2005,2005,5.11015783,N/A,2
2005,2008,5.483918559,N/A,1
2005,2013,3.523984869,5.952417654,1
2005,2014,3.373166804,3.568702797,1
2005,2023,5.697132614,10.44301692,1
2005,2028,11.39812152,N/A,2
2005,2035,5.904794296,N/A,1
2005,2036,6.616295113,2.607036888,1
2005,2043,11.85212007,N/A,2
2005,2044,12.06175575,N/A,2
2005,2045,5.941853823,N/A,1
2005,2046,4.815197982,0.346748149,1
2005,2049,2.387265381,N/A,1
2008,2000,11.14163112,N/A,1
2008,2001,8.083648758,2.971836302,1
2008,2005,3.541870526,N/A,1
2008,2028,6.170363709,N/A,1
2008,2043,7.097535469,N/A,1
2008,2044,4.363009365,N/A,1
2009,2000,18.65410468,N/A,3
2009,2001,7.829819365,2.51002112,2
2009,2004,9.746709224,N/A,2
2009,2005,3.566761592,N/A,2
2009,2008,3.709323222,N/A,1
2009,2009,5.540823536,N/A,1
2009,2013,2.527120652,3.804088015,1
2009,2014,2.406271038,2.256642936,1
2009,2020,3.644270949,5.3275165,1
2009,2021,6.935300749,8.063755076,1
2009,2022,3.360188249,N/A,1
2009,2023,3.926682853,6.6768493,1
2009,2028,10.47291473,N/A,3
2009,2035,6.126724038,N/A,2
2009,2036,4.089940747,1.300213658,1
2009,2043,10.27807069,N/A,3
2009,2044,7.730777736,N/A,3
2009,2045,6.207586809,N/A,2
2009,2046,3.773474046,0.181457204,2
2009,2047,4.280464025,7.389773533,1
2009,2049,2.605399334,N/A,2
2013,2000,14.11083307,9.531185094,4
2013,2001,2.418016217,4.955901402,1
2013,2004,15.95679466,9.754909166,4
2013,2005,2.338036484,2.508175268,2
2013,2008,5.566408752,4.698878865,1
2013,2009,5.205226516,1.228482665,1
2013,2013,4.045129812,5.659623789,2
2013,2014,3.806792066,4.421163301,2
2013,2019,3.365744442,2.14792857,2
2013,2020,3.310638272,5.213415899,1
2013,2021,6.854973316,9.769761671,1
2013,2022,3.236068516,0.842551952,1
2013,2023,5.836443238,11.1649321,1
2013,2028,9.571749012,5.83062664,4
2013,2035,9.165441462,6.508196014,4
2013,2036,7.465262907,8.51882828,3
2013,2043,8.397932473,3.972739752,4
2013,2044,8.240982211,10.60912149,4
2013,2045,10.23300945,7.372662124,4
2013,2046,6.77017125,7.484861156,4
2013,2047,4.218306155,8.808520624,1
2013,2049,4.022868112,2.631003033,4
2014,2000,4.946568214,3.854936763,2
2014,2001,1.876894693,1.938258929,1
2014,2004,7.821576897,5.071154367,2
2014,2005,2.028798386,1.561514196,2
2014,2008,5.080812868,2.892265111,1
2014,2013,3.790829141,3.983176373,2
2014,2014,3.481639224,3.200386195,2
2014,2019,2.63489127,3.110031695,1
2014,2023,5.627880691,8.772748398,1
2014,2028,4.465452973,3.079644442,2
2014,2035,5.238506756,3.503242555,2
2014,2036,5.57260777,4.163972312,2
2014,2043,4.243107588,2.571714945,2
2014,2044,5.610137743,4.517013524,2
2014,2045,5.584625045,3.765877207,2
2014,2046,3.697894692,3.02731706,2
2014,2049,2.33797625,1.630704784,2
2019,1000,1.755782429,0.350154838,2
2019,1001,1.901915034,0.52159097,2
2019,1004,1.23448627,N/A,2
2019,1005,1.279227009,1.365423467,2
2019,1006,1.205034119,0.150202447,2
2019,1007,1.238212922,N/A,1
2019,1008,1.548883617,1.055129227,1
2019,1009,1.400738766,1.142985023,2
2019,1010,2.472819572,N/A,2
2019,1026,1.108231718,0.472578747,1
2019,1027,1.346593313,0.402564232,2
2019,1035,1.957039256,0.790945178,2
2019,1036,2.264838594,N/A,2
2019,1040,1.096686919,N/A,1
2019,1041,1.699870592,N/A,2
2019,1043,1.26801058,N/A,2
2019,2000,8.080974268,12.97783244,2
2019,2001,1.623593994,6.478395582,1
2019,2004,11.99288872,14.13995044,2
2019,2005,5.500167846,8.374050782,2
2019,2008,3.688005459,7.714864294,1
2019,2013,3.472914183,5.654428198,2
2019,2014,2.864090869,6.060338057,2
2019,2019,4.766877434,2.941055257,1
2019,2023,3.997584762,9.285771077,1
2019,2028,5.188908133,7.182966214,2
2019,2035,5.970349855,8.986724073,2
2019,2036,6.916775755,13.5855008,2
2019,2043,5.779730276,5.545789195,2
2019,2044,6.280999967,12.68576495,2
2019,2045,5.401618179,9.21716964,2
2019,2046,6.359722863,10.6464064,2
2019,2049,4.543515819,5.582452802,2
2019,4011,1.192367661,0.5761702,1
2020,2000,48.93226892,41.17467508,4
2020,2001,4.985831879,13.66977907,1
2020,2004,62.8103268,51.75718004,4
2020,2005,7.546693981,11.4544632,2
2020,2008,16.63384172,21.99089313,1
2020,2009,18.17692868,6.620103564,1
2020,2013,13.54385038,19.17416927,2
2020,2014,11.68186381,17.4073726,2
2020,2019,18.51527085,19.53752635,2
2020,2020,10.83208363,16.50427134,1
2020,2021,23.85776924,31.12348702,1
2020,2022,9.986732473,3.916632653,1
2020,2023,18.11207089,35.5784507,1
2020,2028,37.47736274,28.28654813,4
2020,2035,31.72433755,31.00169268,4
2020,2036,25.70543128,37.87578437,3
2020,2043,33.84125848,23.23829258,4
2020,2044,25.28217035,44.40853023,4
2020,2045,37.67709457,34.08810078,4
2020,2046,23.22386951,30.62553569,4
2020,2047,13.61427648,25.4985674,1
2020,2049,15.04265767,13.92527153,4
2020,3007,2.047883971,6.451611208,1
2020,4000,17.3719049,23.28460863,3
2020,4003,5.559317696,5.880094962,3
2020,4004,2.364102801,1.275112825,1
2020,4005,3.93898984,2.377280125,1
2020,4006,5.264465815,1.900992397,1
2020,4013,4.349244159,5.539057371,3
2020,4015,3.715046485,8.886096188,1
2020,4020,5.152577736,6.577112329,3
2020,4022,2.844913318,7.929924009,1
2020,4023,5.771171796,11.05892274,2
2020,4028,3.737221161,3.513981203,1
2020,4031,3.322782535,7.192197179,1
2020,4033,5.914047832,12.2041498,1
2020,4035,9.131810877,15.93733467,1
2020,4036,13.28230942,18.55658266,3
2020,4038,3.359854015,9.863187089,1
2020,4039,2.381810873,7.459558873,1
2020,4041,5.528046434,6.470019518,2
2020,4054,5.216082525,9.332106974,1
2020,4055,8.701324221,10.40383212,3
2020,4056,4.908925912,4.194699599,1
2020,4061,7.714594157,1.87099095,1
2020,4066,10.172522,16.14243111,2
2020,4068,7.848911163,14.24844912,1
2020,4069,9.221811154,23.88591498,1
2020,4076,7.39885292,12.99291687,3
2020,4078,14.43919513,13.92107118,3
2020,4079,9.288329451,11.13680188,3
2020,4080,6.346187115,8.921683415,3
2020,4081,7.984699823,13.39705049,3
2020,4083,3.227526821,8.658056429,1
2020,4084,6.971713286,9.586709589,3
2020,4087,7.516315485,21.87161605,1
2020,4089,7.156252571,19.08839868,1
2020,4091,6.263435017,8.183490084,2
2020,4093,7.72173653,11.62392014,2
2021,2005,5.868387826,4.350964949,2
2021,2008,8.88436505,5.577792227,1
2021,2009,11.04081095,8.062547149,1
2021,2013,8.646437174,9.5183591,2
2021,2014,7.367942335,9.863970141,2
2021,2019,14.70110508,7.906753457,2
2021,2020,6.824771164,10.83021367,1
2021,2021,14.17599241,21.02178363,1
2021,2022,6.226457408,4.919764036,1
2021,2023,9.35906334,17.25540939,1
2021,2028,23.87263299,11.66130361,4
2021,2035,19.35183108,11.22085691,4
2021,2036,16.20654354,12.77035959,3
2021,2043,21.35356627,9.916799907,4
2021,2044,15.6002176,14.72864924,4
2021,2045,23.63436385,12.52753494,4
2021,2046,14.82187022,11.51920449,4
2021,2047,8.279996489,16.22310228,1
2021,2049,9.844232708,5.288603558,4
2022,2000,5.273928375,N/A,1
2022,2004,4.484058859,N/A,1
2022,2009,6.249713132,N/A,1
2022,2020,4.938636145,4.662252599,1
2022,2021,6.583213993,3.545825914,1
2022,2022,3.516735844,N/A,1
2022,2028,3.792554587,N/A,1
2022,2035,2.745423696,N/A,1
2022,2043,2.935504128,N/A,1
2022,2044,1.252332481,N/A,1
2022,2045,2.888315422,N/A,1
2022,2046,1.52608881,0.142181177,1
2022,2047,4.135322919,3.115425783,1
2022,2049,1.919408217,N/A,1
2023,2000,4.237017702,6.415752544,1
2023,2001,1.728794384,2.727189773,1
2023,2004,7.098118946,10.01779327,1
2023,2005,1.642935682,2.488521091,1
2023,2008,6.041037628,7.66203368,1
2023,2013,3.860369529,5.445483957,1
2023,2014,3.389141927,4.766968775,1
2023,2023,7.435642079,11.26581412,1
2023,2028,3.397421032,5.034432911,1
2023,2035,4.858197411,6.949912462,1
2023,2036,4.988954138,7.332675551,1
2023,2043,3.683935396,5.010315175,1
2023,2044,4.999686854,7.569515704,1
2023,2045,4.509804215,6.618245664,1
2023,2046,3.047356996,4.729168944,1
2023,2049,2.031069837,2.94816903,1
2028,2000,1.973117179,N/A,1
2028,2004,4.152787144,N/A,1
2035,1002,3.986705294,1.313698543,1
2035,1004,3.86987143,N/A,1
2035,1005,2.587079654,3.56840696,1
2035,1006,2.8676454,3.197199477,1
2035,1009,3.279063876,0.786637739,1
2035,1010,4.408397079,N/A,1
2035,1013,4.439007273,4.011695645,1
2035,1026,5.466773512,1.967324961,1
2035,1027,4.639698488,6.898108844,1
2035,1035,3.995274016,1.410793704,1
2035,1036,7.429779792,N/A,1
2035,1041,2.811012661,N/A,1
2035,1043,4.357901738,N/A,1
2035,2000,2.361639607,N/A,2
2035,2004,4.83711492,N/A,2
2035,2005,1.708967508,N/A,1
2035,2013,2.314598094,0.548333186,1
2035,2014,2.419648649,1.833011057,1
2035,2019,6.031692224,0.758504235,2
2035,2028,4.325899442,N/A,2
2035,2035,2.579909728,N/A,2
2035,2036,2.501986137,0.856602344,2
2035,2043,3.990795281,N/A,2
2035,2044,1.716460206,N/A,2
2035,2045,4.336953876,N/A,2
2035,2046,2.406225397,0.329588435,2
2035,2049,2.12497392,N/A,2
2036,2000,6.657804468,7.227643653,3
2036,2001,1.930227471,1.664555409,1
2036,2004,12.0827155,14.98769692,3
2036,2005,2.812268619,5.396222563,2
2036,2008,4.093691712,1.571842068,1
2036,2013,4.466866781,6.871106832,2
2036,2014,4.137875946,5.927087254,2
2036,2019,8.002583326,17.46072054,2
2036,2023,4.292641049,7.700167876,1
2036,2028,8.154146766,11.50300705,3
2036,2035,6.399973284,6.448211168,3
2036,2036,7.069518703,7.595586136,3
2036,2043,7.483870075,11.00984946,3
2036,2044,6.33719153,5.177685171,3
2036,2045,8.843868396,10.76574255,3
2036,2046,5.7494601,7.015693634,3
2036,2049,3.791680414,5.768044204,3
2043,2000,2.23222767,N/A,1
2043,2004,4.996766382,N/A,1
2043,2028,3.256959499,N/A,1
2043,2043,3.487203551,N/A,1
2043,2044,1.519137365,N/A,1
2043,2045,2.71354232,N/A,1
2043,2049,2.171023186,N/A,1
2044,2000,2.815002965,N/A,1
2044,2004,6.939579047,N/A,1
2044,2028,4.359273929,N/A,1
2044,2043,4.716239063,N/A,1
2044,2044,1.772113834,N/A,1
2044,2045,3.549831156,N/A,1
2044,2049,2.724768309,N/A,1
2045,2000,26.32711318,N/A,3
2045,2001,2.189316149,0.062480313,1
2045,2004,31.37800797,N/A,4
2045,2005,3.038958624,N/A,2
2045,2008,6.212202622,N/A,1
2045,2009,16.05829782,N/A,1
2045,2013,5.508945543,4.65456657,2
2045,2014,4.962626271,4.54472478,2
2045,2019,8.782176964,1.243758801,2
2045,2020,10.02518155,14.12824928,1
2045,2021,20.12700925,21.42585651,1
2045,2022,8.744152039,N/A,1
2045,2023,6.832879941,10.56169677,1
2045,2028,20.53832363,N/A,4
2045,2035,15.95477172,N/A,4
2045,2036,9.416772422,1.879709441,3
2045,2043,17.88586432,N/A,4
2045,2044,9.502275543,N/A,4
2045,2045,18.90077079,N/A,4
2045,2046,10.1345306,0.609762336,4
2045,2047,11.59689796,18.30653923,1
2045,2049,7.724232247,N/A,4
2046,2000,29.68250226,29.00508267,3
2046,2001,2.870915717,3.835843609,1
2046,2004,35.29973464,17.0401237,4
2046,2005,5.120161287,2.152216031,2
2046,2008,7.306491561,3.821981377,1
2046,2009,9.620775762,8.07391369,1
2046,2013,7.061069786,7.58539918,2
2046,2014,5.958005484,8.039660388,2
2046,2019,11.64533938,4.04160094,2
2046,2020,5.40365841,10.08420001,1
2046,2021,14.15225348,27.98384363,1
2046,2022,5.729939795,4.934149039,1
2046,2023,7.726089399,13.91022959,1
2046,2028,20.83686789,9.174227877,4
2046,2035,18.35666386,10.2126113,4
2046,2036,13.1648053,8.484718185,3
2046,2043,19.52289844,8.643441387,4
2046,2044,13.44059089,9.745932324,4
2046,2045,21.26864181,10.52773735,4
2046,2046,13.75281275,8.860167074,4
2046,2047,8.167847608,22.43418815,1
2046,2049,8.347503691,3.261911941,4
2047,2000,1.691952554,4.767409726,1
2047,2004,3.300967336,9.117307876,1
2049,2000,3.723216683,N/A,1
2049,2001,2.866401814,0.969462888,1
2049,2005,1.938848429,N/A,1
2049,2028,2.435500487,N/A,1
2049,2043,2.76357979,N/A,1
2049,2044,1.896354099,N/A,1
3000,3000,11.62840029,14.34437583,3
3000,3003,5.364229628,5.061971434,3
3000,3006,7.248291495,8.778537805,3
3000,3007,5.500219417,5.413134264,3
3000,3008,6.388079357,11.37147023,3
3003,3000,20.28350289,21.33427622,3
3003,3003,11.15567179,10.32176083,3
3003,3006,13.21332763,12.73384404,3
3003,3007,8.157260091,6.783652784,3
3003,3008,9.242474812,7.029550271,3
3006,3000,6.668926264,1.649030734,1
3006,3003,7.256543244,0.203464075,1
3006,3006,6.033239246,N/A,1
3006,3007,7.442255859,N/A,1
3007,3000,4.134949094,0.999090271,1
3007,3003,4.499394816,0.091203575,1
3007,3006,3.927979298,N/A,1
3007,3007,4.594384234,N/A,1
3007,3008,3.289876276,N/A,1
3008,3000,9.025844305,2.997135503,1
3008,3003,5.223560693,1.705334612,1
3008,3006,5.709480287,N/A,1
3008,3007,3.285799947,N/A,1
3008,3008,4.050128415,N/A,1
4000,4000,4.959050986,8.467778762,1
4000,4003,1.981817426,2.508764437,1
4000,4013,1.86543541,2.697920089,1
4000,4020,1.758839998,3.614041725,1
4000,4022,1.957748115,3.9082876,1
4000,4023,3.023304713,4.411115049,1
4000,4031,2.129309758,2.946091302,1
4000,4033,3.184506929,6.09276542,1
4000,4035,4.761293306,5.137386979,1
4000,4036,3.871590012,7.411360352,1
4000,4038,2.276017954,4.386035913,1
4000,4039,1.566890141,5.119371633,1
4000,4041,1.841648702,3.878472431,1
4000,4055,2.295144205,5.012777206,1
4000,4066,3.36074828,5.547832467,1
4000,4068,4.196016712,4.694769545,1
4000,4069,5.20307526,9.107618688,1
4000,4076,2.05164098,4.352703339,1
4000,4078,2.919410857,5.843286651,1
4000,4079,2.814965653,4.749296984,1
4000,4080,2.25118836,4.400619543,1
4000,4081,3.21828292,6.134920766,1
4000,4083,2.160413664,3.774011353,1
4000,4084,2.38083465,4.802104258,1
4000,4087,4.493828835,8.907015469,1
4000,4089,3.664398223,10.10300728,1
4000,4093,2.510344922,5.327696333,1
4003,3007,2.510460563,N/A,1
4003,4000,15.29207405,4.321952812,4
4003,4003,6.29595079,N/A,4
4003,4004,4.070024026,3.234607448,2
4003,4005,4.789121661,N/A,2
4003,4006,6.983878129,N/A,2
4003,4011,3.178805412,2.492662603,1
4003,4012,7.629762331,7.541471817,1
4003,4013,4.124092033,N/A,4
4003,4015,5.990362117,5.783066382,2
4003,4020,5.393322702,0.845886565,4
4003,4021,2.299121842,0.036448839,1
4003,4022,3.424494742,2.598641291,2
4003,4023,3.007300068,N/A,2
4003,4028,4.503584679,2.405414247,1
4003,4031,1.806532788,0.988795418,1
4003,4033,2.380488355,4.570388969,1
4003,4035,3.501407754,N/A,1
4003,4036,12.54925234,6.203481559,4
4003,4038,2.098490187,0.733627408,1
4003,4039,1.3272178,4.482549924,1
4003,4041,4.709134926,N/A,2
4003,4054,7.900560384,6.488180625,2
4003,4055,8.628440524,4.332856025,4
4003,4056,4.391588211,N/A,2
4003,4061,9.677062646,N/A,1
4003,4066,10.06591049,8.920856928,2
4003,4068,3.151173558,N/A,1
4003,4069,4.256374896,4.271877963,1
4003,4076,10.356575,14.49299469,4
4003,4078,13.20099759,4.821729808,4
4003,4079,9.501633153,2.555805902,4
4003,4080,4.860468262,3.91367949,3
4003,4081,4.738741981,2.403751657,3
4003,4083,1.929714388,1.156835778,1
4003,4084,5.018368335,N/A,3
4003,4087,3.957036431,4.216703648,1
4003,4089,2.630781144,7.721134325,1
4003,4091,4.486652703,1.700304744,2
4003,4093,4.759453526,2.845889468,2
4003,4094,2.460864598,0.142662883,1
4004,1000,2.834547405,3.915702815,1
4004,1001,3.335796684,3.806480187,1
4004,1004,1.593975674,1.659186781,1
4004,1005,1.55005191,3.782027116,1
4004,1006,1.604202193,1.991817754,1
4004,1007,2.375444036,3.057309847,1
4004,1008,3.998015954,5.590731479,1
4004,1009,2.185466309,2.256765785,1
4004,1010,5.037140052,3.183394294,1
4004,1027,1.953598019,2.370389837,1
4004,1035,4.351444907,5.007409612,1
4004,1036,5.268932088,5.632409254,1
4004,1041,2.522695324,1.573146332,1
4004,1043,1.53699413,1.058421434,1
4004,4000,13.8877696,17.25810562,2
4004,4003,6.912834935,5.058902573,2
4004,4004,6.37072912,6.54738157,2
4004,4005,6.523658219,6.758943357,2
4004,4006,9.519437303,10.27375279,2
4004,4011,5.427147311,4.226077708,1
4004,4012,14.61998365,12.10088946,1
4004,4013,3.885983035,3.14203306,2
4004,4015,7.348798329,9.709085523,2
4004,4020,4.803863256,4.986103343,2
4004,4021,3.462811944,2.426532553,1
4004,4022,4.750490662,4.178961344,1
4004,4028,4.774575858,8.314211312,1
4004,4036,12.86871941,13.20550211,2
4004,4041,4.209704014,8.203282396,1
4004,4054,10.36130577,13.30360108,2
4004,4055,8.853723914,10.45957798,2
4004,4056,5.83958952,7.162712543,2
4004,4061,10.34237387,16.95235895,1
4004,4066,8.708573722,15.6372347,1
4004,4076,10.95100308,18.26416236,2
4004,4078,12.81640656,18.31939429,2
4004,4079,10.80164326,9.534742909,2
4004,4080,3.432373544,6.579532486,1
4004,4081,2.515499529,5.638387509,1
4004,4084,3.04494718,6.394201466,1
4004,4091,2.76953935,6.94465115,1
4004,4093,3.744590633,8.873752643,1
4004,4094,3.546265548,2.644959251,1
4005,4000,18.04120445,5.623925137,2
4005,4003,7.72399759,N/A,2
4005,4004,6.288232235,3.943955327,2
4005,4005,7.195023772,N/A,2
4005,4006,11.64363806,N/A,2
4005,4011,3.941609116,2.562104214,1
4005,4012,9.985748993,8.165828469,1
4005,4013,4.279127497,N/A,2
4005,4015,10.03628498,9.844534288,2
4005,4020,5.378384039,0.569717817,2
4005,4021,2.710302317,0.042153135,1
4005,4022,3.326163086,2.589481263,1
4005,4028,7.791965358,4.039836734,1
4005,4036,13.61504787,5.845595356,2
4005,4041,6.616260211,N/A,1
4005,4054,13.46016267,9.681806744,2
4005,4055,10.35427255,4.399842761,2
4005,4056,6.680798067,N/A,2
4005,4061,17.82930464,N/A,1
4005,4066,15.30326904,16.32565387,1
4005,4076,15.54914531,27.01158045,2
4005,4078,17.86963991,4.814746914,2
4005,4079,11.59653343,2.594684487,2
4005,4080,5.350885175,3.995441768,1
4005,4081,3.585326371,0.662582834,1
4005,4084,4.529833277,N/A,1
4005,4091,3.958428525,1.733107851,1
4005,4093,5.655194891,3.117963732,1
4005,4094,2.862618038,0.13210113,1
4006,4000,3.85695028,1.529770829,1
4006,4003,3.084577829,N/A,1
4006,4004,3.408544103,2.555772072,1
4006,4005,2.70714839,N/A,1
4006,4006,3.314916947,N/A,1
4006,4011,3.471192431,0.674262436,1
4006,4012,8.65928562,1.682621805,1
4006,4013,1.970413078,N/A,1
4006,4015,2.21118662,0.802412595,1
4006,4020,2.185744445,0.359770452,1
4006,4021,2.315621944,0.034773346,1
4006,4022,3.261092775,1.780362833,1
4006,4036,5.22359107,3.008296148,1
4006,4054,3.213928213,3.235107234,1
4006,4055,3.199238059,2.341765275,1
4006,4056,2.336727495,N/A,1
4006,4076,3.275033099,2.546112079,1
4006,4078,2.86510115,1.890039232,1
4006,4079,4.42936677,0.804826283,1
4006,4094,2.29761857,0.0407039,1
4011,1000,10.92295619,15.78983655,1
4011,1001,13.3745187,15.23465913,1
4011,1004,4.500813988,1.662040905,1
4011,1005,3.856851242,10.57160923,1
4011,1006,4.717491193,2.967604544,1
4011,1007,9.75985994,3.64025513,1
4011,1008,19.59455153,16.13644378,1
4011,1009,7.771624145,4.581769562,1
4011,1010,22.15745916,8.107463049,1
4011,1027,6.472042695,6.434781792,1
4011,1035,20.31517635,14.77377264,1
4011,1036,26.37659678,9.749345742,1
4011,1041,8.961754208,3.278741213,1
4011,1043,3.858377458,1.412996143,1
4011,4000,6.595119081,4.108300346,1
4011,4003,4.508826257,1.779773974,1
4011,4004,4.552460475,6.870667598,1
4011,4005,4.756907881,2.112962744,1
4011,4006,5.02245854,2.00583406,1
4011,4011,6.010437932,4.364043684,1
4011,4012,16.33340307,13.89455447,1
4011,4013,2.782529445,1.135849869,1
4011,4015,3.546833303,3.196381626,1
4011,4020,3.193301763,1.517947208,1
4011,4021,3.879601592,1.719432203,1
4011,4022,5.03138106,4.255625301,1
4011,4036,8.927312273,8.067512514,1
4011,4054,5.00266637,8.845018118,1
4011,4055,5.588477828,5.649781682,1
4011,4056,3.855876268,1.686800778,1
4011,4076,4.272340395,7.820161132,1
4011,4078,5.289621024,4.693598321,1
4011,4079,7.587627398,3.969663187,1
4011,4094,4.092063175,1.906316126,1
4012,4000,12.58362372,30.49062583,1
4012,4003,8.377518786,16.60866382,1
4012,4004,8.558382719,18.62773571,1
4012,4005,8.674324913,23.61278248,1
4012,4006,9.431499657,19.449285,1
4012,4011,11.33334451,28.75429749,1
4012,4012,32.66807018,82.79336714,1
4012,4013,4.715559132,10.40405916,1
4012,4015,6.230649415,16.73851332,1
4012,4020,5.568491406,12.45580248,1
4012,4021,6.886088009,18.631047,1
4012,4022,9.428650055,21.17237266,1
4012,4036,17.48689021,41.82825779,1
4012,4054,9.356848208,25.35172423,1
4012,4055,10.43228444,28.27468824,1
4012,4056,6.854444803,18.04447603,1
4012,4076,7.977002088,18.72527904,1
4012,4078,9.714941338,28.70082267,1
4012,4079,14.66697288,34.41447451,1
4012,4094,7.253572762,21.56728251,1
4013,3007,2.698361058,N/A,1
4013,4000,8.412501182,2.198434408,3
4013,4003,3.891316782,N/A,3
4013,4004,1.64493211,0.378949007,1
4013,4005,1.822780911,N/A,1
4013,4006,2.675516879,N/A,1
4013,4013,3.047465706,N/A,3
4013,4015,2.453137041,3.34727402,1
4013,4020,3.502231514,0.344205062,3
4013,4022,1.628982025,1.302899344,1
4013,4023,3.372477426,N/A,2
4013,4028,2.329640541,1.305469862,1
4013,4031,1.837537154,0.511470043,1
4013,4033,2.936654307,3.775291248,1
4013,4035,4.074901726,N/A,1
4013,4036,6.986210866,3.951413721,3
4013,4038,1.779508542,0.423142741,1
4013,4039,1.598930061,4.472151721,1
4013,4041,2.621395596,N/A,2
4013,4054,2.993889345,2.659394615,1
4013,4055,4.739015396,1.777448937,3
4013,4056,1.843669723,N/A,1
4013,4061,4.290446046,N/A,1
4013,4066,5.338684915,4.015081821,2
4013,4068,3.567185858,N/A,1
4013,4069,3.838402377,1.946088852,1
4013,4076,5.499042551,6.135893726,3
4013,4078,7.145525282,2.313824945,3
4013,4079,5.137471831,2.016893187,3
4013,4080,4.03869234,2.741553071,3
4013,4081,3.952243537,2.993941815,3
4013,4083,1.75730529,0.568140436,1
4013,4084,4.186158362,N/A,3
4013,4087,3.166234032,1.190160806,1
4013,4089,3.499882992,7.278067504,1
4013,4091,4.455308783,1.904715009,2
4013,4093,2.90031854,1.331314067,2
4015,3007,1.566052323,5.956614786,1
4015,4000,12.64516682,20.72399859,3
4015,4003,4.933390218,6.274612852,3
4015,4004,2.994294594,5.787172736,1
4015,4005,3.470412802,8.554887898,1
4015,4006,6.117758379,13.1357623,1
4015,4013,3.317288547,4.301620591,3
4015,4015,5.537373318,11.98878516,1
4015,4020,3.890324215,6.315000987,3
4015,4022,1.593731833,3.390519531,1
4015,4023,2.68370605,4.086783537,2
4015,4028,5.119872536,10.03290057,1
4015,4031,1.688061884,2.482496442,1
4015,4033,2.30268016,4.566620515,1
4015,4035,3.263753286,3.748682631,1
4015,4036,8.744881191,14.27381079,3
4015,4038,1.800201322,3.752719326,1
4015,4039,1.332237265,4.419881127,1
4015,4041,4.991354382,9.009651471,2
4015,4054,7.165744571,14.97916341,1
4015,4055,6.482004434,11.41966363,3
4015,4056,3.508920646,9.27589502,1
4015,4061,11.20218388,20.97290973,1
4015,4066,10.98380108,17.74077458,2
4015,4068,2.927614876,3.484941182,1
4015,4069,3.594689557,6.716268873,1
4015,4076,9.701171343,19.58599177,3
4015,4078,11.7320203,21.57971527,3
4015,4079,7.063389329,10.7362879,3
4015,4080,4.995202738,7.358747132,3
4015,4081,4.60856583,6.642265514,3
4015,4083,1.720062084,3.223264783,1
4015,4084,4.777840853,7.395074583,3
4015,4087,3.185668089,6.820755828,1
4015,4089,2.579382802,7.302971786,1
4015,4091,3.948447962,8.694628311,2
4015,4093,4.861228392,9.515819165,2
4020,4003,1.398886109,0.298213242,1
4020,4013,1.403112293,0.388029133,1
4020,4020,1.636228869,2.210631522,1
4020,4022,1.540652767,3.434635958,1
4020,4023,1.952141232,0.550038519,1
4020,4031,1.476084492,1.125647716,1
4020,4033,1.697614052,3.719869016,1
4020,4035,2.341762188,0.383283689,1
4020,4036,2.799067692,3.712458674,1
4020,4038,1.926117783,1.542173543,1
4020,4039,1.150903445,4.080551688,1
4020,4041,1.799331925,1.481718889,1
4020,4055,1.709134645,5.439356707,1
4020,4066,2.155717139,2.533919149,1
4020,4068,2.171390008,0.375828504,1
4020,4069,3.19384554,4.867209033,1
4020,4076,1.534970192,4.553401523,1
4020,4078,1.908461017,5.109495168,1
4020,4079,1.968417707,2.343623741,1
4020,4080,1.562355718,3.951232294,1
4020,4081,2.599670063,1.722749908,1
4020,4083,1.66751848,1.676040272,1
4020,4084,2.153069928,1.490635822,1
4020,4087,3.391683608,6.847494952,1
4020,4089,1.796389542,5.840150681,1
4020,4093,2.084725327,4.806342714,1
4021,4003,1.380792524,0.349733743,1
4021,4004,1.31650228,0.741861865,1
4021,4005,1.700082201,0.9330814,1
4021,4006,1.997090516,0.719246303,1
4021,4013,1.207071572,0.339271683,1
4021,4015,1.627194705,3.956433328,1
4021,4020,1.442889608,0.747033018,1
4021,4028,1.634457819,1.575515425,1
4021,4036,2.210904421,2.587340078,1
4021,4041,1.707865008,0.648865711,1
4021,4055,1.989812661,2.38228592,1
4021,4056,1.949556719,1.491485124,1
4021,4061,2.555871232,0.720255887,1
4021,4066,2.033617721,4.026981273,1
4021,4076,1.759429933,5.148254311,1
4021,4078,2.96038412,2.589797827,1
4021,4079,1.821090761,1.641920226,1
4021,4080,1.430354741,2.72724861,1
4021,4081,1.4713174,0.898922346,1
4021,4084,1.533741324,0.708539658,1
4021,4091,1.825606412,1.881794016,1
4021,4093,1.942599601,2.63956259,1
4022,4003,2.24269754,7.825850449,1
4022,4013,2.032106165,7.807842636,1
4022,4020,1.770017382,8.358244523,1
4022,4022,2.0685105,8.889611661,1
4022,4023,3.403305771,13.15521532,1
4022,4031,2.40491582,8.670933374,1
4022,4033,4.180380517,12.22822884,1
4022,4035,6.100651361,18.67471582,1
4022,4036,4.10999388,18.17937009,1
4022,4038,2.333388891,10.66822469,1
4022,4039,1.959913858,6.46185781,1
4022,4041,1.835786676,8.853416236,1
4022,4055,2.45868921,10.49872873,1
4022,4066,3.762511093,15.00340309,1
4022,4068,5.26736548,16.64036076,1
4022,4069,5.808458634,23.88965959,1
4022,4076,2.213795196,9.163963758,1
4022,4078,3.274826371,13.01540936,1
4022,4079,3.061237787,12.6466966,1
4022,4080,2.513846222,9.712301031,1
4022,4081,3.32134386,15.14331179,1
4022,4083,2.287299225,9.747835138,1
4022,4084,2.402228708,11.31780276,1
4022,4087,4.700354618,21.21736894,1
4022,4089,5.074771951,15.91553163,1
4022,4093,2.58195914,11.91056243,1
4023,1002,6.591245553,1.442408496,1
4023,1004,4.715015225,N/A,1
4023,1005,3.546452501,3.002793648,1
4023,1006,3.232999224,2.320669416,1
4023,1009,3.666681243,0.590342684,1
4023,1010,4.873271705,N/A,1
4023,1013,6.41518048,3.16863613,1
4023,1026,7.132197768,1.214900926,1
4023,1027,6.242343748,5.03423601,1
4023,1035,4.209996599,1.365099149,1
4023,1036,8.811822128,N/A,1
4023,1041,4.193203941,N/A,1
4023,1043,7.231924901,N/A,1
4023,2000,13.90794108,N/A,4
4023,2001,5.077633712,1.648513782,2
4023,2004,18.95709215,N/A,3
4023,2005,3.559228343,N/A,3
4023,2008,13.35165581,N/A,1
4023,2009,2.294651594,N/A,1
4023,2013,8.795910925,6.093706486,2
4023,2014,7.716507257,4.02636325,2
4023,2019,3.643258072,0.647524666,1
4023,2020,2.138302531,1.179267179,1
4023,2021,2.25767696,0.791730736,1
4023,2022,1.597073128,N/A,1
4023,2023,16.16447821,18.46059482,1
4023,2028,10.74185596,N/A,4
4023,2035,12.07888438,N/A,3
4023,2036,12.20554586,1.480609184,2
4023,2043,10.83104682,N/A,4
4023,2044,13.03014409,N/A,4
4023,2045,12.22372575,N/A,3
4023,2046,7.146753854,0.213481777,3
4023,2047,1.71056978,0.713921943,1
4023,2049,4.371175156,N/A,3
4023,3007,2.099197417,N/A,1
4023,4000,15.27585841,2.947372435,4
4023,4003,6.605892774,N/A,4
4023,4004,3.379963603,1.761690296,2
4023,4005,3.39366581,N/A,2
4023,4006,5.117471724,N/A,2
4023,4011,2.46401487,0.725836493,1
4023,4012,5.520766109,1.911150938,1
4023,4013,4.70006748,N/A,4
4023,4015,4.210510182,3.891503294,2
4023,4020,4.804904211,0.390678401,4
4023,4021,1.796512222,0.027087889,1
4023,4022,3.862398048,1.920887156,2
4023,4023,5.491075181,N/A,2
4023,4028,3.258498449,1.760264307,1
4023,4031,3.124922548,0.817498714,1
4023,4033,6.030519433,7.41548497,1
4023,4035,8.897553585,N/A,1
4023,4036,12.68217703,4.040815837,4
4023,4038,2.937042088,0.690024027,1
4023,4039,2.60045024,7.088003892,1
4023,4041,4.100946295,N/A,2
4023,4054,5.647500813,3.834568372,2
4023,4055,7.829893278,2.615757418,4
4023,4056,3.184916273,N/A,2
4023,4061,6.592418493,N/A,1
4023,4066,9.783769989,6.348473519,2
4023,4068,7.578288862,N/A,1
4023,4069,8.125473342,3.936744916,1
4023,4076,9.254567028,9.408070118,4
4023,4078,11.81128158,3.319922315,4
4023,4079,9.948104535,1.466533975,4
4023,4080,5.902320798,2.59608519,3
4023,4081,6.533284121,1.394349289,3
4023,4083,2.894295482,0.905197779,1
4023,4084,5.671223635,N/A,3
4023,4087,6.390724556,2.211019501,1
4023,4089,7.549186806,15.05694643,1
4023,4091,4.163965506,1.574090248,2
4023,4093,4.902793225,2.300143777,2
4023,4094,1.803667622,0.039936575,1
4028,4000,12.67672208,4.745116057,1
4028,4003,5.254768166,0.90825026,1
4028,4004,3.878667344,0.962898031,1
4028,4005,4.25899407,1.014218224,1
4028,4006,8.105226555,1.729542528,1
4028,4013,2.984123497,0.563361143,1
4028,4015,7.763942726,7.944527455,1
4028,4020,3.602343427,0.865350757,1
4028,4028,6.985978737,3.552188248,1
4028,4036,7.673842612,3.729340902,1
4028,4041,5.763103423,1.252691504,1
4028,4054,9.90056225,6.474881339,1
4028,4055,6.547122595,3.026046244,1
4028,4056,4.221132996,1.058600897,1
4028,4061,15.85563801,2.998678438,1
4028,4066,14.19043891,12.72115401,1
4028,4076,13.24103148,23.8190643,1
4028,4078,13.02419184,4.302726766,1
4028,4079,6.754800563,2.17376475,1
4028,4080,4.80256588,2.966095956,1
4028,4081,3.121872487,0.942958975,1
4028,4084,3.94075949,0.904702848,1
4028,4091,3.368748182,1.707415279,1
4028,4093,4.793376471,2.80799437,1
4031,4003,1.841386052,0.449969068,1
4031,4004,1.630299856,0.641920921,1
4031,4005,1.9256248,0.476991905,1
4031,4006,2.731677866,0.671659222,1
4031,4013,1.423795206,0.348568166,1
4031,4015,2.36227361,4.094489286,1
4031,4020,1.683298412,0.485246536,1
4031,4028,2.28809647,1.623463922,1
4031,4041,2.187952449,0.538472421,1
4031,4055,2.48140626,1.636600278,1
4031,4056,1.999339658,0.498126082,1
4031,4061,4.178455395,1.023000545,1
4031,4066,3.42870765,5.151723456,1
4031,4076,2.967323247,7.367401003,1
4031,4079,2.412060666,1.27490038,1
4031,4080,1.843885307,2.231365422,1
4031,4081,1.608899147,0.502957178,1
4031,4084,1.790053511,0.442063184,1
4031,4091,1.764116084,0.893774315,1
4031,4093,2.124890418,1.493930622,1
4033,4000,7.531959897,18.56690801,1
4033,4003,2.979861551,6.470531711,1
4033,4013,2.577488828,5.982214961,1
4033,4020,2.070993246,5.482752106,1
4033,4022,2.566131468,6.581981059,1
4033,4023,4.66352922,10.86738963,1
4033,4031,3.210551619,7.148851031,1
4033,4033,6.694643531,13.38625584,1
4033,4035,9.575554774,18.84925412,1
4033,4036,5.480415494,14.21610811,1
4033,4038,2.883378881,7.49381786,1
4033,4039,3.033221103,7.898546895,1
4033,4041,2.149847556,5.74852975,1
4033,4055,3.150206046,7.990215201,1
4033,4066,5.170324218,12.46832405,1
4033,4068,8.084125055,16.30793904,1
4033,4069,8.156138387,19.98201691,1
4033,4076,2.816407892,7.004761606,1
4033,4078,4.462603811,10.71310642,1
4033,4079,4.053820216,9.87734877,1
4033,4080,3.336315322,7.881712186,1
4033,4081,4.28136817,11.08004903,1
4033,4083,2.88049252,7.182192887,1
4033,4084,2.951070576,7.784116929,1
4033,4087,6.264942797,16.14982385,1
4033,4089,8.662776313,19.46856117,1
4033,4093,3.237300459,8.637923226,1
4035,3007,1.671035599,N/A,1
4035,4000,46.20326357,9.938323715,3
4035,4003,15.25845711,N/A,3
4035,4004,4.756183192,0.886882247,1
4035,4005,5.46118316,N/A,1
4035,4006,10.46761663,N/A,1
4035,4013,10.85728324,N/A,3
4035,4015,9.671465403,11.1934271,1
4035,4020,10.0078218,1.322083817,3
4035,4022,7.902498755,6.250383465,1
4035,4023,17.2643832,N/A,2
4035,4028,8.782861045,4.446725829,1
4035,4031,10.23454959,2.789146287,1
4035,4033,22.52651282,28.52891825,1
4035,4035,35.04687284,N/A,1
4035,4036,31.281316,13.37726077,3
4035,4038,9.532763637,2.256970217,1
4035,4039,7.721271794,21.41204928,1
4035,4041,12.6858486,N/A,2
4035,4054,12.61332438,9.24211673,1
4035,4055,18.63241998,9.119522615,3
4035,4056,5.471789868,N/A,1
4035,4061,20.29207521,N/A,1
4035,4066,35.54812316,19.93231801,2
4035,4068,29.40258098,N/A,1
4035,4069,32.18089388,16.05991753,1
4035,4076,24.49447555,30.74234806,3
4035,4078,32.91096602,12.80933837,3
4035,4079,23.11153361,4.45379541,3
4035,4080,16.64449806,9.209702088,3
4035,4081,19.65487842,1.695592116,3
4035,4083,9.308838804,2.974610927,1
4035,4084,14.8548012,N/A,3
4035,4087,24.72426876,9.033218296,1
4035,4089,28.86767825,59.19821456,1
4035,4091,5.644574058,1.939346596,2
4035,4093,16.35589659,8.220457643,2
4035,5001,16.20723022,14.66780366,2
4035,5002,26.97028856,72.85626895,1
4035,5005,13.62975462,N/A,2
4036,4000,4.130388175,11.86276243,1
4038,4000,5.389488801,10.09794321,1
4039,4000,2.909519407,5.056814195,1
4039,4020,2.302622947,3.835515635,1
4039,4036,3.746044142,6.701700025,1
4039,4078,2.970792267,4.972547896,1
4039,4079,3.446450821,5.531701072,1
4039,4080,2.719463377,4.431546111,1
4039,4081,3.021781794,4.794483672,1
4041,3007,1.719122332,N/A,1
4041,4000,7.212589183,3.384755293,3
4041,4003,3.044675864,N/A,3
4041,4004,1.832074316,0.67363775,1
4041,4005,2.381070597,N/A,1
4041,4006,3.390876146,N/A,1
4041,4013,2.330455854,N/A,3
4041,4015,2.744155494,5.403017322,1
4041,4020,2.786579168,0.285915259,3
4041,4022,1.30389168,0.853275191,1
4041,4023,2.182452354,N/A,2
4041,4028,2.689171198,2.020773241,1
4041,4031,1.452273675,0.218933925,1
4041,4033,2.308615945,1.721616447,1
4041,4035,2.855597592,N/A,1
4041,4036,5.585148149,2.741016484,3
4041,4038,1.356361976,0.302400719,1
4041,4039,1.573874606,2.779493578,1
4041,4041,2.871533893,N/A,2
4041,4054,3.572043014,4.949713931,1
4041,4055,4.223065563,1.942162912,3
4041,4056,2.573648763,N/A,1
4041,4061,5.159136342,N/A,1
4041,4066,4.846526245,5.896819644,2
4041,4068,2.515716417,N/A,1
4041,4069,2.403721123,0.880003313,1
4041,4076,4.372815141,7.175882453,3
4041,4078,6.939305439,2.583509863,3
4041,4079,4.312867933,1.608725203,3
4041,4080,3.195584705,2.355396857,3
4041,4081,3.068477336,1.624822978,3
4041,4083,1.364033971,0.357334364,1
4041,4084,3.275309636,N/A,3
4041,4087,2.001039492,0.348942664,1
4041,4089,2.855617064,3.265460931,1
4041,4091,3.494829966,1.234540627,2
4041,4093,3.145200333,1.804616364,2
4054,4000,1.733976471,9.114034618,1
4054,4003,1.201865789,5.07020254,1
4054,4013,1.16911766,5.537400371,1
4054,4020,1.128904106,6.823146323,1
4054,4022,1.176702487,6.308347759,1
4054,4023,1.39402221,6.65025013,1
4054,4031,1.228802222,5.384771591,1
4054,4033,1.505276953,4.87099136,1
4054,4035,1.819806742,6.538280048,1
4054,4036,1.516333835,8.443047462,1
4054,4038,1.222396465,7.111523779,1
4054,4039,1.148433572,3.734722362,1
4054,4041,1.140284604,7.07082273,1
4054,4055,1.240919555,6.589937393,1
4054,4066,1.4538677,7.165152941,1
4054,4068,1.687553531,6.304647933,1
4054,4069,1.792483076,9.170650192,1
4054,4076,1.199802621,6.135950956,1
4054,4078,1.373075545,6.701204733,1
4054,4079,1.340053041,6.911138324,1
4054,4080,1.247542643,5.878406984,1
4054,4081,1.387107502,8.048528924,1
4054,4083,1.213045657,6.489086537,1
4054,4084,1.234717079,7.448196614,1
4054,4087,1.616126279,9.251729539,1
4054,4089,1.641924364,5.435879394,1
4054,4093,1.263777065,7.385596688,1
4055,3007,2.887267748,5.369270194,1
4055,4000,13.7261543,26.90346507,2
4055,4003,5.134422976,6.443649075,2
4055,4013,4.495927459,6.35699174,2
4055,4020,4.524639771,8.015228093,2
4055,4022,3.52626564,9.180668818,1
4055,4023,7.571462232,12.64789586,2
4055,4031,4.085898358,7.807524106,1
4055,4033,7.253538682,14.17026947,1
4055,4035,11.55024908,16.93712163,1
4055,4036,11.38990696,22.15833136,2
4055,4038,4.290910199,11.78873302,1
4055,4039,2.689054461,8.478206243,1
4055,4041,3.131526068,9.38293414,1
4055,4055,6.147540127,11.23162055,2
4055,4066,7.326120255,16.53471449,1
4055,4068,9.923629572,15.26449082,1
4055,4069,12.17978645,28.95086193,1
4055,4076,5.486133727,9.348392881,2
4055,4078,8.316888664,14.49763738,2
4055,4079,7.688663217,13.04922966,2
4055,4080,5.901275687,9.862852948,2
4055,4081,8.016194254,17.47161449,2
4055,4083,4.05500189,10.00262125,1
4055,4084,6.451859319,12.09530375,2
4055,4087,10.0532093,27.45957779,1
4055,4089,8.731168295,23.31032209,1
4055,4091,4.23110966,7.230497899,1
4055,4093,4.898457861,13.99868814,1
4056,4003,1.723931495,N/A,1
4056,4004,1.598956212,0.757374727,1
4056,4005,2.294491135,N/A,1
4056,4006,2.874181128,N/A,1
4056,4013,1.392356949,N/A,1
4056,4015,2.191506852,5.232160942,1
4056,4020,1.826992492,0.503142631,1
4056,4028,2.201726068,2.001281268,1
4056,4041,2.328094961,N/A,1
4056,4055,2.844884948,3.061732609,1
4056,4056,2.72562588,N/A,1
4056,4061,3.947804571,N/A,1
4056,4066,2.969958337,5.782655524,1
4056,4076,2.452728053,7.117725281,1
4056,4079,2.542558867,2.046635896,1
4056,4080,1.813825822,3.356048362,1
4056,4081,1.87010271,0.414067704,1
4056,4084,1.994155719,N/A,1
4056,4091,2.483248421,1.173696045,1
4056,4093,2.730189047,3.150435104,1
4061,4000,10.3503696,1.921830513,2
4061,4003,5.42160109,N/A,2
4061,4004,4.527928537,1.835003585,2
4061,4005,4.176781022,N/A,2
4061,4006,7.107336474,N/A,2
4061,4011,2.74946508,0.674792455,1
4061,4012,6.411389302,1.762035837,1
4061,4013,3.014490968,N/A,2
4061,4015,6.570248528,3.485274356,2
4061,4020,3.43074328,0.26566618,2
4061,4021,1.942374036,0.029221996,1
4061,4022,2.566706087,1.453674895,1
4061,4028,5.023358513,2.043932619,1
4061,4036,8.031131245,2.736645495,2
4061,4041,3.995216214,N/A,1
4061,4054,8.46940329,3.32971066,2
4061,4055,5.96121036,2.076746235,2
4061,4056,3.830554998,N/A,2
4061,4061,11.01379816,N/A,1
4061,4066,10.68545398,5.324390177,1
4061,4076,12.42593741,13.65336456,2
4061,4078,9.801231587,1.997237919,2
4061,4079,7.049765872,0.885927839,2
4061,4080,3.517459917,1.050214091,1
4061,4081,2.267144838,0.414678483,1
4061,4084,2.797107285,N/A,1
4061,4091,2.364217848,1.033334208,1
4061,4093,3.241140012,1.667446513,1
4061,4094,1.940847395,0.038423866,1
4066,4000,7.381592566,7.945839908,1
4066,4003,4.81201166,3.862656712,1
4066,4004,4.725522609,8.553420674,1
4066,4005,5.481678472,6.083017474,1
4066,4006,5.411428565,4.494773261,1
4066,4011,6.787181419,8.45906941,1
4066,4012,18.62767577,25.34650811,1
4066,4013,2.989289463,2.643028866,1
4066,4015,3.982815224,5.745621963,1
4066,4020,3.453295252,3.223771688,1
4066,4021,4.427387214,4.877613301,1
4066,4022,5.456383704,6.514760678,1
4066,4036,9.910047803,12.77451005,1
4066,4054,5.444157899,11.96614111,1
4066,4055,6.35765201,9.265339229,1
4066,4056,4.365867216,4.656306461,1
4066,4076,4.410979295,9.572921368,1
4066,4078,6.2152266,9.003774747,1
4066,4079,8.462945925,8.515956263,1
4066,4094,4.820443371,5.984458699,1
4068,3007,1.870705383,N/A,1
4068,4000,22.4071407,4.689742259,4
4068,4003,10.06199198,N/A,4
4068,4004,6.781283812,4.72647992,2
4068,4005,7.261201611,N/A,2
4068,4006,11.38627294,N/A,2
4068,4011,4.960938082,2.599765364,1
4068,4012,13.1444689,8.609378052,1
4068,4013,6.045686314,N/A,4
4068,4015,9.634717591,8.055277542,2
4068,4020,6.804494348,0.555782248,4
4068,4021,3.24978336,0.04983395,1
4068,4022,5.228802941,2.834043521,2
4068,4023,4.008749099,N/A,2
4068,4028,6.921645483,3.41132328,1
4068,4031,2.427018882,0.427299629,1
4068,4033,4.895573534,4.318615553,1
4068,4035,6.6952406,N/A,1
4068,4036,18.42121783,6.32624464,4
4068,4038,2.167080482,0.48710939,1
4068,4039,2.528518455,5.391590229,1
4068,4041,6.503307172,N/A,2
4068,4054,13.04053315,8.774442056,2
4068,4055,12.45098719,4.292979992,4
4068,4056,6.558052029,N/A,2
4068,4061,15.6850422,N/A,1
4068,4066,16.41778126,12.97207064,2
4068,4068,5.678280511,N/A,1
4068,4069,5.519741377,2.141259173,1
4068,4076,17.35429465,23.11153117,4
4068,4078,19.78723711,4.330464582,4
4068,4079,15.15448817,2.393798435,4
4068,4080,7.160319914,2.949927469,3
4068,4081,6.116439382,1.452575901,3
4068,4083,2.179486434,0.589838595,1
4068,4084,6.284600103,N/A,3
4068,4087,4.270973711,0.894702299,1
4068,4089,6.374884056,9.000144297,1
4068,4091,5.107425598,1.740731306,2
4068,4093,6.277982542,2.665525978,2
4068,4094,3.382204853,0.123128374,1
4068,5001,4.215016543,3.151840058,2
4068,5002,1.522604936,0.421631421,1
4068,5005,6.415535313,N/A,2
4069,4000,9.954283129,27.20221232,1
4069,4003,6.831140117,15.72334631,1
4069,4004,7.080438553,16.74428747,1
4069,4005,6.82282973,20.62998548,1
4069,4006,7.634347027,18.18653688,1
4069,4011,8.944763105,25.33509439,1
4069,4012,25.39648244,71.60738981,1
4069,4013,3.900097311,9.852338128,1
4069,4015,4.998311101,14.82740025,1
4069,4020,4.562151381,11.65055487,1
4069,4021,5.47002739,16.45457056,1
4069,4022,7.607588014,19.33064152,1
4069,4036,13.82721074,37.10925489,1
4069,4054,7.538009782,21.88884341,1
4069,4055,8.219096854,24.60810869,1
4069,4056,5.463640846,16.05854868,1
4069,4076,6.63058465,16.44126048,1
4069,4078,7.563676262,24.45030036,1
4069,4079,11.59604924,30.83876599,1
4069,4094,5.681358871,18.49997673,1
4076,4000,4.577448753,12.05508847,1
4076,4003,3.62524825,9.039946775,1
4076,4004,4.050809949,10.08868105,1
4076,4005,3.129506726,8.37805068,1
4076,4006,3.911612841,9.850343289,1
4076,4011,4.090734385,10.77081015,1
4076,4012,10.58363272,27.77450643,1
4076,4013,2.217951601,5.676334469,1
4076,4015,2.51301822,6.718006884,1
4076,4020,2.487826042,6.392327464,1
4076,4021,2.641390463,7.062910726,1
4076,4022,3.841066401,9.967200883,1
4076,4036,6.296761147,16.60701686,1
4076,4054,3.780326525,10.33690584,1
4076,4055,3.747993168,10.28259955,1
4076,4056,2.668991589,7.097697254,1
4076,4076,3.885130303,9.604628816,1
4076,4078,3.323440327,9.244875487,1
4076,4079,5.297145538,13.75562878,1
4076,4094,2.614842502,7.118371012,1
4078,4000,7.037846533,20.47183323,1
4078,4013,4.61220516,12.10750504,1
4078,4020,5.150997444,14.88959702,1
4078,4036,9.385071422,26.69875911,1
4078,4078,7.084638822,19.81437097,1
4078,4079,7.698497823,18.61666848,1
4078,4080,5.950762276,15.45865612,1
4078,4081,6.150542231,14.71325051,1
4079,4000,4.57360978,5.7499619,1
4079,4020,3.449868038,3.974148688,1
4079,4036,6.025763417,8.12955669,1
4079,4078,4.632562028,5.446163839,1
4079,4079,5.168559236,5.847593081,1
4079,4080,4.029025528,4.74543323,1
4079,4081,4.281096722,5.626959506,1
4080,3007,1.398667491,5.98988253,1
4080,4000,13.45216844,18.2683337,3
4080,4003,5.205313543,5.734520728,3
4080,4004,2.601429383,4.380940403,1
4080,4005,2.834683551,5.846834748,1
4080,4006,4.973523941,9.180508004,1
4080,4013,3.642114158,4.447976741,3
4080,4015,4.746007722,8.806370284,1
4080,4020,3.74328065,5.448867492,3
4080,4022,2.3041525,5.249751585,1
4080,4023,4.215778312,7.13802051,2
4080,4028,4.327049783,7.423696997,1
4080,4031,2.711327266,4.92411648,1
4080,4033,4.861317888,8.960535091,1
4080,4035,7.202309471,10.86501069,1
4080,4036,9.214772641,13.20807549,3
4080,4038,2.629237379,6.096643919,1
4080,4039,2.161169757,6.391339921,1
4080,4041,4.688603773,7.019371371,2
4080,4054,5.95141891,10.70110507,1
4080,4055,6.279180771,8.97261893,3
4080,4056,2.819556602,6.132276114,1
4080,4061,9.254383213,15.15395566,1
4080,4066,11.63595264,15.06614559,2
4080,4068,6.190727169,9.66278876,1
4080,4069,6.866292262,14.5350293,1
4080,4076,9.561026059,15.81513297,3
4080,4078,11.00485628,15.636993,3
4080,4079,7.231198444,9.31174158,3
4080,4080,5.340893019,6.818117345,3
4080,4081,5.39796118,8.248407272,3
4080,4083,2.57134552,5.566425888,1
4080,4084,4.838492961,6.890341659,3
4080,4087,5.520382222,12.72973978,1
4080,4089,5.94158483,14.39342832,1
4080,4091,3.077386351,6.418744495,2
4080,4093,5.072038443,8.235010267,2
4081,3007,2.163440714,8.139411738,1
4081,4000,17.76611035,13.99315566,3
4081,4003,6.278307064,5.413247153,3
4081,4004,1.69217405,2.074556733,1
4081,4005,2.058255766,3.898218398,1
4081,4006,2.930669985,4.228237374,1
4081,4013,5.103504506,4.640402115,3
4081,4015,2.480242714,5.121019792,1
4081,4020,4.867723097,5.731110926,3
4081,4022,3.8998378,4.571330735,1
4081,4023,8.375730857,6.881344902,2
4081,4028,2.411316948,3.224368772,1
4081,4031,4.798327464,3.842075199,1
4081,4033,9.544921341,14.20255961,1
4081,4035,14.74455288,9.992010923,1
4081,4036,13.46472852,13.14237417,3
4081,4038,4.626305265,4.191159945,1
4081,4039,3.561182011,10.40978954,1
4081,4041,4.605655669,3.734935132,2
4081,4054,3.139693667,5.382888376,1
4081,4055,7.766823876,8.374781958,3
4081,4056,2.161771435,4.762525853,1
4081,4061,4.479920164,5.061981024,1
4081,4066,11.09702016,9.406247886,2
4081,4068,12.50620816,8.620461752,1
4081,4069,14.03871749,13.5916077,1
4081,4076,7.556862018,9.34295487,3
4081,4078,12.1053008,11.79353245,3
4081,4079,9.690102752,8.072866837,3
4081,4080,7.171846047,7.433002095,3
4081,4081,9.154175086,7.480265909,3
4081,4083,4.494264094,4.023415411,1
4081,4084,7.133997038,7.08220642,3
4081,4087,11.0593062,10.58834739,1
4081,4089,11.92434405,26.88070341,1
4081,4091,4.080605277,10.06759989,2
4081,4093,6.598328458,6.725446867,2
4083,4000,8.021027782,7.683774702,2
4083,4003,2.702563533,1.474732659,2
4083,4004,1.611939287,1.491843836,1
4083,4005,1.814715074,2.327239485,1
4083,4006,2.617792583,2.743862346,1
4083,4013,2.25062739,1.471295633,2
4083,4015,2.360405706,3.934754901,1
4083,4020,2.699751539,3.285789651,2
4083,4022,2.058499158,4.462411558,1
4083,4023,2.968166991,2.803652262,1
4083,4028,2.25808491,2.36691884,1
4083,4031,2.013640633,2.124939268,1
4083,4033,2.584454096,5.616055305,1
4083,4035,3.974853314,2.756109366,1
4083,4036,6.017085553,7.06778253,2
4083,4038,2.662258816,4.176026288,1
4083,4039,1.355062718,4.77923994,1
4083,4041,3.3863632,3.829175498,2
4083,4054,2.891832067,3.820726537,1
4083,4055,3.738195302,5.922066175,2
4083,4056,1.847684193,2.625474501,1
4083,4061,4.110492309,3.519200754,1
4083,4066,5.857950623,5.91279695,2
4083,4068,3.58101526,2.55322846,1
4083,4069,5.400527196,8.896483975,1
4083,4076,4.185409622,7.411578761,2
4083,4078,5.714375078,7.113247044,2
4083,4079,4.245462804,4.05806275,2
4083,4080,2.992694464,4.356766298,2
4083,4081,4.411799836,5.304162481,2
4083,4083,2.299027363,3.239746291,1
4083,4084,3.670213135,4.453183426,2
4083,4087,5.386105109,11.10654634,1
4083,4089,2.833274582,9.018514323,1
4083,4091,1.637278952,2.531758246,1
4083,4093,3.927217868,6.010694716,2
4084,4000,6.753921281,5.01955042,1
4084,4003,2.517682671,N/A,1
4084,4004,2.17822301,0.79667934,1
4084,4005,2.947315056,N/A,1
4084,4006,4.380428707,N/A,1
4084,4013,1.784992287,N/A,1
4084,4015,3.472172772,6.808435781,1
4084,4020,2.38042613,0.44182731,1
4084,4028,3.392396814,2.539575308,1
4084,4036,4.662894857,3.39373289,1
4084,4041,3.342855785,N/A,1
4084,4054,4.642039184,6.399419864,1
4084,4055,4.017869175,2.970255631,1
4084,4056,3.214338171,N/A,1
4084,4061,6.891055976,N/A,1
4084,4066,5.284386798,8.778168151,1
4084,4076,4.343928886,11.49121091,1
4084,4078,7.230621745,3.743614482,1
4084,4079,3.764670425,2.159477834,1
4084,4080,2.585545368,3.65637297,1
4084,4081,2.288298087,0.44985873,1
4084,4084,2.614284389,N/A,1
4084,4091,2.736633734,1.217111105,1
4084,4093,3.425054584,2.616979208,1
4087,4000,9.160422734,15.08572117,2
4087,4003,4.416374588,5.428067012,2
4087,4004,4.048998282,6.42675157,2
4087,4005,5.146464487,10.89720571,2
4087,4006,6.155037837,8.603546265,2
4087,4011,4.446745078,11.94951823,1
4087,4012,11.47595014,31.06266668,1
4087,4013,2.782945663,3.952301376,2
4087,4015,4.748761575,8.753982869,2
4087,4020,3.478940271,5.566696849,2
4087,4021,3.070661821,9.040196327,1
4087,4022,3.602144014,7.972758743,1
4087,4028,2.876457435,4.882634503,1
4087,4036,8.982363996,16.1712336,2
4087,4041,2.784607618,5.864331102,1
4087,4054,6.447881413,11.55001346,2
4087,4055,6.469093312,12.79859101,2
4087,4056,4.613351373,9.755752555,2
4087,4061,5.625240031,8.566944459,1
4087,4066,4.443433152,8.445918312,1
4087,4076,5.677475139,10.66706076,2
4087,4078,8.891326933,17.23264317,2
4087,4079,7.518975061,12.79898085,2
4087,4080,2.236719769,4.704685985,1
4087,4081,1.947178917,5.399649352,1
4087,4084,2.208079901,5.384783163,1
4087,4091,2.23002221,7.728829238,1
4087,4093,2.765812803,8.369405417,1
4087,4094,3.35169891,11.59310606,1
4089,4000,11.97114827,28.23740323,2
4089,4003,5.765778828,13.24632557,2
4089,4004,4.223076,14.6803553,1
4089,4005,3.293217337,12.7635634,1
4089,4006,4.103206014,14.82739226,1
4089,4011,4.317357621,16.39142579,1
4089,4012,11.280806,42.67614572,1
4089,4013,3.949893645,8.852041687,2
4089,4015,2.626401642,10.10409447,1
4089,4020,3.83938126,9.76912091,2
4089,4021,2.767203949,10.7101042,1
4089,4022,5.749681695,14.76174699,2
4089,4023,4.839811541,13.29738071,1
4089,4031,3.233830492,8.268130523,1
4089,4033,5.966552386,13.47006864,1
4089,4035,9.032851999,19.26851057,1
4089,4036,11.680176,29.12475402,2
4089,4038,3.156953328,10.4296125,1
4089,4039,2.469614903,7.653301535,1
4089,4041,2.358165595,8.250417384,1
4089,4054,3.968962578,15.07702918,1
4089,4055,6.295996374,16.13088531,2
4089,4056,2.795210388,10.75055683,1
4089,4066,5.420440706,15.54082549,1
4089,4068,7.732483213,17.06779738,1
4089,4069,8.711686889,25.82337999,1
4089,4076,5.988464099,14.30179212,2
4089,4078,7.141602324,16.94552875,2
4089,4079,8.909620497,22.15229689,2
4089,4080,3.414099864,9.651607932,1
4089,4081,4.754624962,15.64528685,1
4089,4083,3.070756257,9.411220312,1
4089,4084,3.274162702,11.16532027,1
4089,4087,6.978483524,22.8066181,1
4089,4089,7.324097991,19.79378884,1
4089,4093,3.558504025,11.99449455,1
4089,4094,2.744131333,10.84276025,1
4091,4003,3.333768228,3.035768964,1
4091,4013,3.33832638,3.114249486,1
4091,4020,4.50301818,7.111372241,1
4091,4022,4.092298414,9.498005009,1
4091,4023,6.519265874,6.094934543,1
4091,4031,3.779272482,4.376493538,1
4091,4033,5.133610469,12.00724162,1
4091,4035,8.907035445,7.986320888,1
4091,4036,11.20028978,17.56244116,1
4091,4038,6.178666978,7.455381995,1
4091,4039,1.901186156,6.91891672,1
4091,4041,5.335247618,6.682894282,1
4091,4055,5.065716073,16.10149778,1
4091,4066,7.681136663,11.13785717,1
4091,4068,7.893181512,7.09630677,1
4091,4069,13.62392241,23.44964906,1
4091,4076,4.084178389,12.22678981,1
4091,4078,6.26401345,17.15388908,1
4091,4079,6.563304834,9.554223564,1
4091,4080,4.269720236,11.14641965,1
4091,4081,9.950811705,11.22774706,1
4091,4083,4.812116216,6.372142966,1
4091,4084,7.351617096,8.547566711,1
4091,4087,14.45065174,30.52563082,1
4091,4089,5.733092782,19.15668341,1
4091,4093,7.071952161,16.69311993,1
4093,4003,2.884398122,6.132340881,1
4093,4013,2.65818348,6.507689688,1
4093,4020,2.44643444,8.494902371,1
4093,4022,2.831314009,8.609604806,1
4093,4023,4.876211865,12.0482767,1
4093,4031,3.16642464,7.145224779,1
4093,4033,5.208085404,11.63121126,1
4093,4035,8.23251341,14.71050627,1
4093,4036,6.485555719,20.15924484,1
4093,4038,3.434673737,11.22346225,1
4093,4039,2.095767263,7.014408384,1
4093,4041,2.603064009,9.373784737,1
4093,4055,3.477189139,10.87933294,1
4093,4066,5.520654945,14.58720556,1
4093,4068,7.143043265,13.28474695,1
4093,4069,9.043024089,25.22071036,1
4093,4076,3.01297147,9.03695321,1
4093,4078,4.676929946,13.21499964,1
4093,4079,4.472339705,12.42845694,1
4093,4080,3.398308599,9.261061023,1
4093,4081,5.232742677,17.00273752,1
4093,4083,3.218433205,9.362442462,1
4093,4084,3.632094843,12.52067062,1
4093,4087,7.669312,24.85777667,1
4093,4089,6.138537718,17.95527447,1
4093,4093,3.882002814,13.0999037,1
4094,4000,3.980364054,4.227317909,1
4094,4003,2.460386586,1.4097578,1
4094,4004,2.268602293,5.39132701,1
4094,4005,3.655363402,4.06679939,1
4094,4006,2.749784493,1.659931277,1
4094,4011,3.870674106,6.875954586,1
4094,4012,9.545801288,20.1191117,1
4094,4013,1.845057085,1.236999293,1
4094,4015,2.589990063,6.112148675,1
4094,4020,2.052028078,1.668661286,1
4094,4021,3.003082,3.274931547,1
4094,4022,2.822228812,3.931312252,1
4094,4036,4.899448898,7.961651155,1
4094,4054,2.849160424,9.601498939,1
4094,4055,3.809791095,7.667637734,1
4094,4056,2.85755291,2.861290836,1
4094,4076,2.140145397,6.236319831,1
4094,4078,4.50066519,9.531376174,1
4094,4079,4.380224481,4.389396673,1
4094,4094,3.89776736,6.1896583,1
5001,5001,1.749135434,0.922830822,2
5001,5002,1.13385434,1.162559459,1
5001,5005,2.084500728,0.515495194,2
5002,5001,2.216716714,4.664640952,1
5002,5005,4.591014099,0.732293492,1
5005,4000,6.487270313,6.507396479,2
5005,4003,2.603699204,N/A,2
5005,4004,2.438854331,2.840977378,2
5005,4005,4.302810822,N/A,2
5005,4006,4.180058887,N/A,2
5005,4011,2.607380149,3.076309418,1
5005,4012,5.836156869,8.642998504,1
5005,4013,1.897823396,N/A,2
5005,4015,3.005304056,5.079304303,2
5005,4020,2.660544217,0.761252155,2
5005,4021,2.035585618,0.035028871,1
5005,4022,2.111301093,2.245422322,1
5005,4028,2.20276481,2.379681712,1
5005,4036,6.249024885,6.472030948,2
5005,4041,2.531284968,N/A,1
5005,4054,3.9952324,6.853981102,2
5005,4055,4.90816746,5.517666964,2
5005,4056,5.968579246,N/A,2
5005,4061,3.938796412,N/A,1
5005,4066,2.814053351,6.174692612,1
5005,4076,3.029695118,6.386153676,2
5005,4078,7.136519735,6.006090961,2
5005,4079,4.71457228,2.81653441,2
5005,4080,1.83320557,4.249800175,1
5005,4081,2.347503571,0.702738521,1
5005,4084,2.295665133,N/A,1
5005,4091,6.282133749,5.643601466,1
5005,4093,4.04628346,9.258562953,1
5005,4094,2.301606931,0.238117388,1
5005,5001,5.711220833,1.643890663,2
5005,5002,1.625181982,0.41180014,1
5005,5005,8.453373262,N/A,2
6002,6002,4.037028144,2.73214091,3
6002,6003,2.75765767,6.007148995,2
6002,6005,3.143808975,5.404504552,2
6002,6006,3.15096555,1.693146394,3
6002,6008,3.817638905,2.939889915,3
6002,6017,6.719501451,8.207056924,3
6002,6018,3.444591803,2.345737161,3
6002,6019,2.399068096,0.70001765,2
6002,6021,4.840309884,6.582412021,4
6002,6023,4.354041616,3.395712896,4
6002,6024,2.515160044,2.272212631,2
6002,6033,2.860243357,3.162892612,2
6002,6038,4.971138095,4.288333077,3
6002,6040,3.382904935,6.586836122,3
6002,6048,1.853253275,3.140566423,1
6002,6052,3.494128552,2.642682231,2
6002,6053,5.503262452,7.166986814,2
6002,6082,5.183874981,5.430602283,3
6002,6085,5.249663906,3.004223407,4
6002,6086,4.054066578,5.152662984,3
6002,6092,5.033102553,2.542821969,4
6002,6094,2.034832177,7.359964158,2
6002,6095,6.190750233,4.792965663,5
6002,6096,1.936926879,1.001360443,1
6003,6002,3.491929949,7.664128043,3
6003,6005,3.495015009,9.534854536,2
6003,6006,3.313907759,5.115260227,3
6003,6008,3.876978042,8.311702932,3
6003,6017,4.652712011,11.29265887,3
6003,6018,3.203439297,7.65347073,3
6003,6019,3.191788409,8.696915522,2
6003,6021,3.87540637,7.73700385,4
6003,6023,3.921779275,6.298511986,4
6003,6024,2.026677471,6.991682432,2
6003,6033,2.356150704,5.680039903,2
6003,6038,5.520060289,11.24018041,3
6003,6040,3.733254092,8.25210199,3
6003,6048,1.380735607,7.464409306,1
6003,6052,1.856828669,5.731371051,2
6003,6053,6.228858393,17.14894219,2
6003,6082,4.487862048,10.76774878,3
6003,6085,4.580362217,6.765848767,4
6003,6086,3.019925107,6.30772433,3
6003,6092,4.456126665,7.18898582,4
6003,6094,4.938794289,14.82448779,2
6003,6095,5.267680213,9.101688186,5
6003,6096,2.186865624,10.25653562,1
6005,6002,4.220659538,5.477148353,2
6005,6003,5.574622861,12.26646906,2
6005,6005,5.187147302,8.332498816,2
6005,6006,4.199296896,4.192137514,2
6005,6007,5.139102141,4.525204161,3
6005,6008,6.905830431,6.638946523,3
6005,6017,10.18820806,13.05586412,3
6005,6018,5.484827694,5.18909954,3
6005,6019,3.85646901,3.239372803,2
6005,6021,3.752001108,6.456101007,2
6005,6023,4.210304318,5.954662188,2
6005,6024,3.517444266,3.623560805,2
6005,6025,3.064223768,2.753350072,1
6005,6038,9.126144134,8.078933063,3
6005,6040,6.079788688,9.468814539,3
6005,6048,1.812406356,3.902577193,1
6005,6053,9.54729126,12.90542592,2
6005,6082,8.660907082,9.755901197,3
6005,6085,3.83673123,5.258389526,2
6005,6092,6.606938744,6.397449314,3
6005,6094,4.064526845,14.91237789,2
6005,6095,5.55840561,6.004348119,3
6005,6096,2.2899151,2.222164164,1
6006,6002,3.621517902,1.04322924,2
6006,6003,4.129296261,8.751578262,2
6006,6005,4.234561613,5.929982862,2
6006,6006,5.914820234,N/A,3
6006,6008,7.489562847,2.634767515,3
6006,6017,12.04818007,11.58702892,3
6006,6018,5.664733179,N/A,3
6006,6019,3.109643019,N/A,2
6006,6021,3.192483179,4.848679737,2
6006,6023,6.656200581,N/A,3
6006,6024,4.694695317,N/A,2
6006,6033,1.624626667,3.536450989,1
6006,6038,9.512399029,N/A,3
6006,6040,6.663729663,10.1200581,3
6006,6048,1.551997203,N/A,1
6006,6053,7.757284423,5.649181152,2
6006,6082,9.846187686,7.878184544,3
6006,6085,4.91497155,N/A,3
6006,6086,2.288606715,7.415044041,1
6006,6092,8.953854428,N/A,4
6006,6094,3.012239981,10.6059479,2
6006,6095,7.027059064,5.677177418,4
6006,6096,2.002120596,N/A,1
6007,6005,1.58938381,2.141872641,1
6007,6007,3.868632657,N/A,3
6007,6017,4.698993964,3.173413253,2
6007,6018,2.464070463,N/A,2
6007,6021,2.231521525,4.077656643,2
6007,6025,4.499163857,0.67372408,3
6007,6048,1.276835974,N/A,1
6007,6053,2.31213303,3.214549429,1
6007,6078,1.284185478,N/A,1
6007,6082,4.119643398,2.381737876,2
6007,6085,3.260173793,N/A,3
6007,6086,2.904641591,4.251344007,2
6007,6092,4.707793552,N/A,3
6007,6094,1.490845616,6.55557653,1
6007,6095,4.69249,2.536407763,4
6008,6002,2.741438306,2.034368369,2
6008,6003,2.507714896,5.770977578,1
6008,6005,2.293640749,3.692607332,1
6008,6006,3.723122491,2.678961881,2
6008,6008,4.911851785,2.646134408,2
6008,6017,7.683260834,6.518011106,2
6008,6018,3.808745515,1.233474573,2
6008,6019,2.204734639,0.64093329,1
6008,6021,3.277044558,3.931209918,3
6008,6023,2.984671749,2.569845197,3
6008,6024,4.415471821,1.476893022,2
6008,6033,2.097903815,2.674865818,2
6008,6038,5.999405133,2.012146761,2
6008,6040,5.085560888,6.815026714,2
6008,6048,1.680020823,1.025341869,1
6008,6052,2.100264582,1.865635315,2
6008,6053,3.83301985,6.41440468,1
6008,6082,6.660563251,4.759372934,2
6008,6085,2.979132541,2.920900872,3
6008,6086,2.708250956,3.189227419,3
6008,6092,5.834451878,2.768520398,3
6008,6094,1.922066658,8.902510415,1
6008,6095,5.613945556,3.918997641,4
6008,6096,2.18678708,0.668385779,1
6017,6002,1.794738768,3.119883992,1
6017,6006,2.96484311,1.663728516,2
6017,6007,3.183025942,1.604121119,2
6017,6008,2.670666479,2.977204433,1
6017,6017,3.908589694,8.555849574,1
6017,6018,2.124904715,2.666554715,1
6017,6021,2.723967352,5.822539438,2
6017,6023,4.231602099,5.083770704,3
6017,6024,2.468336418,1.968214186,1
6017,6025,3.974818826,2.18272707,3
6017,6033,2.543453233,3.494028171,2
6017,6038,3.666252091,6.443476298,1
6017,6040,2.397665597,5.440123236,1
6017,6052,3.049228887,4.222863114,2
6017,6078,2.007903862,1.414868226,2
6017,6082,3.404731537,6.175821149,1
6017,6085,3.515078282,2.888059851,2
6017,6086,3.529996153,5.832290146,3
6017,6092,3.850357729,1.864774211,2
6017,6095,4.84865506,6.086935092,3
6018,6006,1.999491911,N/A,1
6018,6007,2.236205554,N/A,1
6018,6008,2.581691738,1.662197363,1
6018,6017,3.729952627,6.551900719,1
6018,6018,2.009280095,N/A,1
6018,6023,1.853625061,N/A,1
6018,6024,2.404385132,N/A,1
6018,6025,2.417157743,0.43605948,1
6018,6038,3.243530111,N/A,1
6018,6040,2.396963277,4.982118046,1
6018,6082,3.240996119,4.415863647,1
6018,6092,2.644082372,N/A,1
6018,6095,2.282137034,3.746922801,1
6019,6006,2.335470751,N/A,2
6019,6008,1.967145062,0.912558995,1
6019,6017,2.619842788,2.622780405,1
6019,6018,1.520709656,N/A,1
6019,6023,1.887310518,N/A,2
6019,6024,1.891056493,N/A,1
6019,6033,1.487024622,1.369081263,1
6019,6038,1.984337784,N/A,1
6019,6040,2.064072084,3.056269975,1
6019,6082,2.298288783,1.96181637,1
6019,6085,1.69843226,N/A,1
6019,6086,1.921507385,2.806292653,1
6019,6092,3.014905179,N/A,2
6019,6095,2.198985676,1.357910799,2
6021,6002,2.450143013,4.185322415,1
6021,6021,3.507120199,8.126154468,2
6021,6023,2.274391371,4.045460813,1
6021,6025,1.848023872,2.740146078,1
6021,6033,2.811806544,4.705120904,1
6021,6052,3.962436437,5.626900548,2
6021,6078,2.535227222,1.793241228,2
6021,6085,2.946919415,2.786121228,1
6021,6086,3.275603235,5.272188203,2
6021,6095,3.979305258,6.333085561,1
6023,6002,2.508650795,2.658770785,2
6023,6003,1.715844176,5.012531094,1
6023,6005,1.890406231,4.9918189,1
6023,6006,2.48644716,N/A,2
6023,6008,2.694524059,2.383734224,2
6023,6017,4.701762538,4.45303433,2
6023,6018,2.586249038,N/A,2
6023,6019,1.680186232,N/A,1
6023,6021,2.29931295,6.444677895,2
6023,6023,3.782222613,N/A,3
6023,6024,2.467649994,N/A,2
6023,6033,2.312397803,3.083469472,2
6023,6038,3.724676986,N/A,2
6023,6040,2.486499612,5.217644484,2
6023,6048,2.02123228,N/A,1
6023,6052,2.165692679,5.335110075,1
6023,6053,2.815302543,7.617033851,1
6023,6082,3.701223675,2.892423776,2
6023,6085,4.101572729,N/A,3
6023,6086,2.653680104,5.622774277,2
6023,6092,3.936240899,N/A,3
6023,6094,1.38339533,7.164749511,1
6023,6095,4.548394498,4.560292308,4
6023,6096,1.690716696,N/A,1
6024,6002,2.297489324,0.707623011,2
6024,6003,2.787870157,5.163132221,2
6024,6005,2.649531217,3.159986636,2
6024,6006,3.005508854,N/A,3
6024,6008,3.748268752,1.169245988,3
6024,6017,5.592119413,3.399412195,3
6024,6018,3.073659849,N/A,3
6024,6019,2.267833449,N/A,2
6024,6021,2.134989683,3.072653663,2
6024,6023,2.566176193,N/A,3
6024,6024,2.728697646,N/A,2
6024,6033,1.367344265,1.033557131,1
6024,6038,4.529093241,N/A,3
6024,6040,3.708035684,4.459463962,3
6024,6048,1.465075959,N/A,1
6024,6053,4.517095273,4.07419467,2
6024,6082,4.824295769,2.645228881,3
6024,6085,2.48229688,N/A,3
6024,6086,1.687421434,2.153687736,1
6024,6092,4.49775858,N/A,4
6024,6094,2.146998399,7.255375344,2
6024,6095,3.452431056,1.394218966,4
6024,6096,1.889140991,N/A,1
6025,6005,2.249092394,3.120317017,2
6025,6007,4.970016211,2.384911382,4
6025,6017,7.169921956,6.245565937,3
6025,6018,3.461787167,2.355364735,3
6025,6021,2.945667592,5.625178853,3
6025,6025,5.929106635,2.555211175,3
6025,6048,1.41423361,3.00007878,1
6025,6053,3.608638774,4.857229781,2
6025,6078,1.478916403,0.513267707,1
6025,6082,6.116733798,4.960687428,3
6025,6085,3.98546667,1.703053951,4
6025,6086,3.132987497,4.541233592,2
6025,6092,6.464467231,3.06611037,4
6025,6094,2.016895716,6.734970285,2
6025,6095,6.422913771,4.012547567,5
6033,6002,3.605399059,5.03517971,1
6033,6006,4.991335667,4.565250856,2
6033,6008,4.710810904,6.444041271,1
6033,6017,7.193315673,11.4752517,1
6033,6018,2.961438356,4.02031708,1
6033,6021,4.680947101,11.37578967,2
6033,6023,5.568570728,4.546831869,3
6033,6024,4.434248473,5.668843233,1
6033,6033,4.748536487,5.309189034,2
6033,6038,4.65399705,6.574517397,1
6033,6040,5.205633619,9.578447567,1
6033,6052,4.541605866,5.369702106,2
6033,6082,5.950425657,9.165957188,1
6033,6085,5.728109644,3.607991534,2
6033,6086,5.640939977,7.534796513,3
6033,6092,6.927099583,6.58719133,2
6033,6095,9.628631987,8.810252399,3
6038,6002,12.98631781,5.75507193,2
6038,6003,21.73103552,35.87695642,2
6038,6005,16.91213661,18.9973054,2
6038,6006,5.951283583,N/A,2
6038,6008,16.65685853,8.367859772,3
6038,6017,24.91183165,14.58279203,3
6038,6018,16.14772263,N/A,3
6038,6019,13.72915116,N/A,2
6038,6021,11.44808962,18.34520373,2
6038,6023,6.795933349,N/A,2
6038,6024,7.479996139,N/A,2
6038,6038,30.68041288,N/A,3
6038,6040,13.51396864,19.88146916,3
6038,6048,6.594401919,N/A,1
6038,6053,33.73851067,39.12638445,2
6038,6082,22.75308967,11.57552779,3
6038,6085,10.71081629,N/A,2
6038,6092,13.20775976,N/A,3
6038,6094,16.06445674,52.4347264,2
6038,6095,13.73907474,9.412461837,3
6038,6096,9.454529465,N/A,1
6040,6002,3.113633631,11.86828097,1
6040,6003,5.361728376,15.33999159,1
6040,6005,3.92742871,14.35417864,1
6040,6006,9.240734254,24.65159016,1
6040,6008,10.90780939,27.72801536,2
6040,6017,17.05589884,45.13405809,2
6040,6018,7.227148723,17.87817593,2
6040,6019,4.049833649,11.98092939,1
6040,6021,3.139561111,11.31228241,1
6040,6023,4.079080215,13.27216106,1
6040,6024,9.90739238,25.47696599,2
6040,6038,11.56812674,28.95723644,2
6040,6040,13.98719527,33.66836407,2
6040,6048,2.219062349,9.800283257,1
6040,6053,7.649815514,26.72612036,1
6040,6082,14.61845669,37.27809678,2
6040,6085,2.118626328,9.375432065,1
6040,6092,14.05440541,35.38286802,2
6040,6094,4.056666707,17.36352409,1
6040,6095,7.976885878,20.50474221,2
6040,6096,3.946187756,12.04867677,1
6048,6002,2.396804413,2.452387621,1
6048,6003,2.449614413,6.74913955,1
6048,6005,2.611988231,5.910246323,1
6048,6008,2.181505928,3.356901298,1
6048,6017,3.81760726,3.562466813,1
6048,6018,2.651373769,N/A,1
6048,6019,2.311976588,N/A,1
6048,6021,2.065914508,6.720313724,1
6048,6024,1.915723349,N/A,1
6048,6038,3.546047603,N/A,1
6048,6040,1.948715518,7.379039393,1
6048,6048,2.316977462,N/A,1
6048,6053,4.365836431,10.27092927,1
6048,6082,3.200995916,2.849016915,1
6048,6085,2.219478015,N/A,1
6048,6092,2.168675856,N/A,1
6048,6094,1.802684577,9.099605852,1
6048,6095,2.078015087,3.794062935,1
6048,6096,2.320130645,N/A,1
6052,6021,2.163158887,2.350982023,1
6052,6052,2.681952203,2.1573853,1
6052,6086,2.070259883,2.665619601,1
6053,6002,7.948384584,5.596577,1
6053,6003,14.9641837,27.20176467,1
6053,6005,10.57167282,13.42751354,1
6053,6008,7.330044542,5.908959362,1
6053,6017,11.01468892,10.23503404,1
6053,6018,9.014659181,5.614543746,1
6053,6019,10.88223776,5.010143553,1
6053,6021,7.971838009,12.97087682,1
6053,6024,5.323776748,3.358269313,1
6053,6038,14.20979461,8.561502444,1
6053,6040,7.146990027,12.46017428,1
6053,6048,5.050242185,3.689974593,1
6053,6053,22.68083694,28.44343077,1
6053,6082,12.06705531,9.966750773,1
6053,6085,4.717113905,3.454380984,1
6053,6092,4.841077932,3.47510896,1
6053,6094,10.65127023,43.26981961,1
6053,6095,6.325253123,5.454873271,1
6053,6096,10.56209798,5.047793433,1
6078,6007,3.140952942,N/A,2
6078,6017,3.759899602,6.141550878,1
6078,6018,1.996368322,N/A,1
6078,6021,3.926585944,7.145247919,2
6078,6025,4.250196494,0.90563667,3
6078,6078,2.843031792,N/A,2
6078,6082,3.256818372,4.150845244,1
6078,6085,4.199435691,N/A,2
6078,6086,4.662602853,5.444138792,3
6078,6092,3.789747042,N/A,2
6078,6095,6.020477073,4.743046066,3
6082,6002,2.96616019,7.655279268,2
6082,6003,5.66845994,13.46250237,2
6082,6005,3.782665861,9.970170222,2
6082,6006,3.438008027,6.799687304,2
6082,6007,4.278734646,6.222623046,3
6082,6008,5.373918581,9.600367032,3
6082,6017,7.318720096,11.88012788,3
6082,6018,4.273238773,7.448876466,3
6082,6019,3.398073915,6.976964165,2
6082,6021,2.842061918,7.548104522,2
6082,6023,2.646177288,7.460069235,2
6082,6024,3.51640288,3.662419749,2
6082,6025,3.445598217,3.142763591,1
6082,6038,7.627058516,13.78683765,3
6082,6040,5.314606218,8.76692148,3
6082,6048,1.722274693,4.11215367,1
6082,6053,6.762390363,16.71724966,2
6082,6082,6.681681587,10.53593318,3
6082,6085,2.525920434,7.645853533,2
6082,6092,5.222674779,8.001268643,3
6082,6094,5.126862353,16.23788799,2
6082,6095,4.267196944,7.744261213,3
6082,6096,2.478262722,3.367903951,1
6085,6002,1.61234903,2.864044273,1
6085,6021,2.594709963,5.34182066,2
6085,6023,1.802767377,N/A,1
6085,6025,1.409469045,1.640507175,1
6085,6033,1.80208167,3.066267576,1
6085,6052,3.341212403,4.587278887,2
6085,6078,2.145770424,N/A,2
6085,6085,1.843131993,N/A,1
6085,6086,2.338679732,3.750769815,2
6085,6095,2.324698491,3.611650175,1
6086,6002,2.300337357,3.331515812,1
6086,6006,1.59907337,3.970285355,1
6086,6007,1.891623129,3.393037219,1
6086,6021,3.593776214,7.378037346,2
6086,6023,2.432205164,3.614146431,2
6086,6025,2.381263927,3.283371182,2
6086,6033,3.07247721,3.648275945,2
6086,6052,3.86216193,5.173994356,2
6086,6078,2.929125243,2.877773617,2
6086,6085,3.468921326,3.782350057,2
6086,6086,4.36289849,5.48838656,3
6086,6092,1.855323875,4.270701281,1
6086,6095,4.103783673,4.923932048,2
6092,6006,2.043846386,N/A,1
6092,6007,2.346832009,N/A,1
6092,6008,2.738344784,1.900959706,1
6092,6017,4.023361851,7.871473637,1
6092,6018,2.163014545,N/A,1
6092,6023,1.991419263,N/A,1
6092,6024,2.529621512,N/A,1
6092,6025,2.475139793,0.448363858,1
6092,6038,3.734505068,N/A,1
6092,6040,2.463258501,5.404315188,1
6092,6082,3.497528075,5.275773819,1
6092,6092,2.736009094,N/A,1
6092,6095,2.449610357,4.566588637,1
6094,6002,1.291102172,7.173495865,1
6094,6003,1.999371003,10.33240028,1
6094,6005,1.438608257,7.993391463,1
6094,6006,1.42076141,6.857371852,1
6094,6007,1.572280265,5.893861161,2
6094,6008,1.643549845,6.167063544,2
6094,6017,1.970548101,7.480456307,2
6094,6018,1.501116957,5.782229885,2
6094,6019,1.536042504,8.269069794,1
6094,6021,1.339393248,7.376534387,1
6094,6023,1.136632252,5.90039621,1
6094,6024,1.53217915,5.73999443,2
6094,6025,1.630515204,7.820360956,1
6094,6038,1.849045309,7.190864642,2
6094,6040,1.858739254,6.776234341,2
6094,6048,1.145151832,6.458915996,1
6094,6053,2.044711364,11.24840474,1
6094,6082,1.933528009,7.338160581,2
6094,6085,1.132937065,6.391197561,1
6094,6092,1.728079128,6.449181707,2
6094,6094,2.085102372,9.980034521,1
6094,6095,1.464040017,5.549509582,2
6094,6096,1.501959411,8.122211384,1
6095,6002,3.851035113,12.48461622,1
6095,6006,3.648198266,7.707419929,2
6095,6007,3.629389344,7.977948124,2
6095,6008,3.212120366,10.23646561,1
6095,6017,4.638244014,15.18070093,1
6095,6018,2.085832051,7.162848926,1
6095,6021,6.123753919,14.17474338,2
6095,6023,3.63284092,8.562369003,3
6095,6024,3.086783375,9.539833143,1
6095,6025,5.946799606,10.92947112,3
6095,6033,4.598516789,12.85561479,2
6095,6038,2.915963986,10.55839432,1
6095,6040,3.871124641,10.79635511,1
6095,6052,4.97267371,10.31368859,2
6095,6078,3.994045819,6.310399901,2
6095,6082,3.875869053,12.86890262,1
6095,6085,5.244716368,14.21674341,2
6095,6086,6.275392175,12.41048098,3
6095,6092,4.888532865,10.83615893,2
6095,6095,8.115668114,20.07213634,3
6096,6002,5.866186098,1.696173864,1
6096,6003,11.55816019,18.83690212,1
6096,6005,7.807162813,8.234760897,1
6096,6006,4.032184384,N/A,1
6096,6008,9.114167401,2.941783445,2
6096,6017,13.95450848,7.428298155,2
6096,6018,8.528047834,N/A,2
6096,6019,8.212903856,N/A,1
6096,6021,6.006739612,8.250846856,1
6096,6023,2.584278096,N/A,1
6096,6024,7.40006663,N/A,2
6096,6038,13.86237691,N/A,2
6096,6040,9.570954661,9.562620416,2
6096,6048,3.75373959,N/A,1
6096,6053,16.54477858,16.94961272,1
6096,6082,13.62706284,6.165245441,2
6096,6085,3.52618796,N/A,1
6096,6092,8.286666867,N/A,2
6096,6094,8.608050068,33.1197153,1
6096,6095,7.35495417,3.285999509,2
6096,6096,7.94611778,N/A,1