source_id,target_id,CP_mean_total,CP_stdev_total,parcel_count
1000,1002,0.007770706,0.007530745,1
1000,1004,0.00421952,0.006095945,1
1000,1005,0.00435759,0.006611719,1
1000,1006,0.003073741,0.005530229,1
1000,1009,0.003335368,0.005236828,1
1000,1010,0.003907185,0.00619466,1
1000,1013,0.005945744,0.007734177,1
1000,1026,0.005372059,0.007447034,1
1000,1027,0.005330966,0.008497874,1
1000,1035,0.003459959,0.005900116,1
1000,1036,0.005224638,0.007917385,1
1000,1041,0.005576141,0.005767695,1
1000,1043,0.007931002,0.007572832,1
1000,2000,0.001014409,0.000943515,2
1000,2004,0.001611852,0.00103187,2
1000,2005,0.000391046,N/A,1
1000,2013,0.000744832,0.000716501,1
1000,2014,0.00097641,0.002760345,1
1000,2019,0.001223062,0.000390056,1
1000,2028,0.001841593,0.001117026,2
1000,2035,0.001902438,0.000368974,2
1000,2036,0.00118171,0.001945165,2
1000,2043,0.001723788,0.00092462,2
1000,2044,0.000796857,0.0004958,2
1000,2045,0.001975378,0.00120807,2
1000,2046,0.001044899,0.000951579,2
1000,2049,0.00093795,0.000874525,2
1001,1000,0.000246349,0.000268777,1
1001,1001,0.000279013,0.000387377,1
1001,1002,0.005809991,0.005082448,1
1001,1004,0.002667523,0.005552098,2
1001,1005,0.00459944,0.017807555,2
1001,1006,0.00378998,0.01529771,3
1001,1009,0.004226806,0.02452555,3
1001,1010,0.004204143,0.017218391,3
1001,1013,0.003701581,0.006108893,1
1001,1026,0.007157419,0.020853373,3
1001,1027,0.005796295,0.023761135,3
1001,1035,0.003812228,0.01709935,3
1001,1036,0.005015191,0.019025309,3
1001,1040,0.001664789,0.004285471,2
1001,1041,0.005599003,0.005430484,2
1001,1043,0.008756836,0.024656364,3
1001,2000,0.000119427,N/A,1
1001,2004,0.000206746,N/A,1
1001,2005,0.000107492,N/A,1
1001,2013,0.000414323,0.000742694,1
1001,2014,0.000598905,0.002359152,1
1001,2019,0.000610948,0.000329205,1
1001,2028,0.000463648,N/A,1
1001,2035,0.000208682,N/A,1
1001,2036,0.000181212,0.000382111,1
1001,2043,0.000322156,N/A,1
1001,2044,0.000108529,N/A,1
1001,2045,0.000594661,N/A,1
1001,2046,0.000114202,5.95549E-05,1
1001,2049,0.000122833,N/A,1
1002,1000,0.002373908,0.001847364,1
1002,1001,0.002165967,0.001954534,1
1002,1002,0.012170242,0.006181239,1
1002,1004,0.011572757,0.011365755,2
1002,1005,0.013446563,0.017888361,2
1002,1006,0.009369214,0.01251525,2
1002,1009,0.011106617,0.012765468,2
1002,1010,0.013246151,0.013216941,2
1002,1013,0.009927697,0.006287667,1
1002,1026,0.015241781,0.015131914,2
1002,1027,0.013780027,0.016634587,2
1002,1035,0.01174212,0.013604041,2
1002,1036,0.016464243,0.016321405,2
1002,1040,0.001490513,0.001121827,1
1002,1041,0.016290931,0.014878648,2
1002,1043,0.017439014,0.015685469,2
1004,1000,0.004664759,0.004051045,2
1004,1001,0.004957028,0.004486273,2
1004,1002,0.005693639,0.002043355,1
1004,1004,0.006405827,N/A,3
1004,1005,0.010207142,0.030095716,3
1004,1006,0.005773383,0.008473878,3
1004,1007,0.001329677,N/A,1
1004,1008,0.001603589,0.001555812,1
1004,1009,0.006768558,0.009403883,3
1004,1010,0.007474263,N/A,3
1004,1013,0.003701295,0.003738804,1
1004,1026,0.006654498,0.00380593,2
1004,1027,0.00763467,0.01442402,3
1004,1035,0.006157387,0.006567578,3
1004,1036,0.006841887,N/A,3
1004,1040,0.002133385,N/A,1
1004,1041,0.010888301,N/A,3
1004,1043,0.011390378,N/A,3
1004,4011,0.001399123,0.001060321,1
1005,1000,0.005739094,0.013541424,2
1005,1001,0.006042794,0.013967466,2
1005,1004,0.003874241,0.009784716,2
1005,1005,0.006066922,0.016819167,2
1005,1006,0.003658599,0.00953064,2
1005,1007,0.001886196,0.004175159,1
1005,1008,0.00242453,0.005740409,1
1005,1009,0.005100088,0.013437942,2
1005,1010,0.006436153,0.013714091,2
1005,1026,0.002557858,0.002603424,1
1005,1027,0.004612482,0.011594845,2
1005,1035,0.005293804,0.014079818,2
1005,1036,0.005580538,0.014152772,2
1005,1040,0.00182323,0.002082887,1
1005,1041,0.006393583,0.013114052,2
1005,1043,0.004968283,0.01047543,2
1005,4011,0.001853481,0.004001786,1
1006,1000,0.001136342,0.001750614,1
1006,1001,0.001357907,0.001627377,1
1006,1004,0.00053145,0.000109999,1
1006,1005,0.001015861,0.002996086,1
1006,1006,0.000451153,0.000292519,1
1006,1007,0.000498693,0.000109409,1
1006,1008,0.000621323,0.000645828,1
1006,1009,0.000764892,0.000497441,1
1006,1010,0.001576054,0.000310514,1
1006,1027,0.000704754,0.000775269,1
1006,1035,0.000875571,0.000794504,1
1006,1036,0.000772516,0.000160744,1
1006,1041,0.001369477,0.000269656,1
1006,1043,0.000851779,0.000168544,1
1006,4011,0.000622657,0.000674044,1
1007,1000,0.000722557,0.001772525,1
1007,1001,0.00091823,0.001584465,1
1007,1004,0.000252015,N/A,1
1007,1005,0.000720609,0.002911835,1
1007,1006,0.000152891,0.00033667,1
1007,1007,8.44701E-05,N/A,1
1007,1008,0.000155783,0.000266494,1
1007,1009,0.000399765,0.000316397,1
1007,1010,0.001098667,N/A,1
1007,1027,0.000366061,0.000779027,1
1007,1035,0.000414895,0.000374052,1
1007,1036,0.00029471,N/A,1
1007,1041,0.000960825,N/A,1
1007,1043,0.000577707,N/A,1
1007,4011,0.000282665,0.000620067,1
1007,5001,0.002837883,0.002793257,1
1007,5002,0.000366283,0.000596664,1
1007,5005,0.006678377,N/A,1
1008,1000,0.003393745,0.007714187,1
1008,1001,0.003670788,0.007937622,1
1008,1004,0.002344697,0.00594794,1
1008,1005,0.003252567,0.008004338,1
1008,1006,0.002193822,0.00586573,1
1008,1007,0.002492256,0.006839981,1
1008,1008,0.002789829,0.007949795,1
1008,1009,0.002854925,0.00711914,1
1008,1010,0.003911174,0.007918743,1
1008,1027,0.002733149,0.006857575,1
1008,1035,0.003103149,0.008112553,1
1008,1036,0.003001278,0.007693281,1
1008,1041,0.003704784,0.007449828,1
1008,1043,0.00294601,0.006226039,1
1008,4011,0.002597209,0.006827453,1
1009,1000,0.001757863,0.00155497,1
1009,1001,0.001794499,0.001762981,1
1009,1004,0.001352957,0.001214263,1
1009,1005,0.002614163,0.004901616,1
1009,1006,0.001328278,0.001168344,1
1009,1009,0.001872594,0.003041558,1
1009,1010,0.001868398,0.001488459,1
1009,1026,0.002828037,0.001751168,1
1009,1027,0.001566863,0.00147397,1
1009,1035,0.001591157,0.001556605,1
1009,1036,0.001808346,0.001601192,1
1009,1040,0.002020077,0.001203091,1
1009,1041,0.002136759,0.001489185,1
1009,1043,0.001838192,0.001255965,1
1010,1002,0.008231908,0.002357267,1
1010,1041,0.006687862,N/A,1
1010,1043,0.015172652,N/A,2
1013,1000,0.005951545,0.012938253,1
1013,1001,0.006540947,0.013952755,1
1013,1004,0.003227591,0.0074621,1
1013,1005,0.004418234,0.00996899,1
1013,1006,0.00300462,0.007134973,1
1013,1007,0.004257103,0.010199052,1
1013,1008,0.00552888,0.014148821,1
1013,1009,0.004708122,0.010982182,1
1013,1010,0.007242794,0.014941222,1
1013,1027,0.00428678,0.009968279,1
1013,1035,0.006092619,0.014886527,1
1013,1036,0.006132556,0.014246947,1
1013,1041,0.006168628,0.012677607,1
1013,1043,0.003991999,0.008428073,1
1013,4011,0.004041893,0.009727056,1
1026,1000,0.006383062,0.004469226,2
1026,1001,0.006684403,0.005570234,2
1026,1002,0.009443716,0.006927001,1
1026,1004,0.011111785,0.013253381,3
1026,1005,0.015025728,0.035656971,3
1026,1006,0.015945755,0.027438245,4
1026,1007,0.001806565,0.000515133,1
1026,1008,0.002385757,0.002400318,1
1026,1009,0.01772086,0.031896207,4
1026,1010,0.019060193,0.026558716,4
1026,1013,0.007118307,0.007619176,1
1026,1026,0.018933533,0.027731734,3
1026,1027,0.019795894,0.038834069,4
1026,1035,0.017758006,0.033021103,4
1026,1036,0.019510844,0.026004624,4
1026,1040,0.006917659,0.003318266,2
1026,1041,0.016447379,0.014026157,3
1026,1043,0.022705764,0.020440758,4
1026,2000,0.00414287,0.01111967,3
1026,2004,0.005634486,0.013314588,3
1026,2005,0.001067548,0.000670808,1
1026,2009,0.00274598,0.001692866,1
1026,2013,0.001784868,0.001365073,1
1026,2014,0.002186027,0.004060998,1
1026,2019,0.004649309,0.009377709,2
1026,2020,0.004534321,0.00794237,1
1026,2021,0.001811684,0.003175266,1
1026,2022,0.001883821,0.001178866,1
1026,2028,0.006269334,0.014359582,3
1026,2035,0.005808064,0.008155441,3
1026,2036,0.00290882,0.007146748,2
1026,2043,0.005643765,0.012467478,3
1026,2044,0.002927546,0.00704511,3
1026,2045,0.00591232,0.013670914,3
1026,2046,0.003798203,0.010073607,3
1026,2047,0.00164666,0.00407968,1
1026,2049,0.00500656,0.013197062,3
1026,4011,0.001755723,0.001330636,1
1027,1000,0.004190453,0.002852665,1
1027,1001,0.004096769,0.003339335,1
1027,1002,0.007415042,0.004956817,1
1027,1004,0.007942344,0.010364192,2
1027,1005,0.011074126,0.020427583,2
1027,1006,0.010800317,0.024235507,3
1027,1009,0.011978568,0.02555108,3
1027,1010,0.012260451,0.024754506,3
1027,1013,0.005239522,0.005840635,1
1027,1026,0.016578251,0.031255548,3
1027,1027,0.013804186,0.035499422,3
1027,1035,0.011663,0.026006731,3
1027,1036,0.013361869,0.02589197,3
1027,1040,0.00729187,0.00975302,2
1027,1041,0.012008279,0.011011018,2
1027,1043,0.016624681,0.025306551,3
1035,1006,0.002023203,0.003725133,1
1035,1009,0.001868186,0.003301899,1
1035,1010,0.001779834,0.00330417,1
1035,1035,0.001790909,0.003504806,1
1035,1036,0.001999484,0.003494106,1
1035,1040,0.002159781,0.003018079,1
1036,1006,0.002190961,0.002275212,1
1036,1009,0.002011783,0.000863886,1
1036,1010,0.001912556,N/A,1
1036,1035,0.001922086,0.001144317,1
1036,1036,0.002125911,N/A,1
1036,1040,0.002336822,N/A,1
1040,1000,0.00315693,0.000467716,1
1040,1001,0.003020931,0.00147431,1
1040,1002,0.007227445,0.001814814,1
1040,1004,0.007589168,N/A,2
1040,1005,0.009929822,0.014150707,2
1040,1006,0.010659215,0.013014296,3
1040,1009,0.011789364,0.010310382,3
1040,1010,0.01236252,N/A,3
1040,1013,0.005422126,0.003106092,1
1040,1026,0.017029091,0.024522781,3
1040,1027,0.014306013,0.032570972,3
1040,1035,0.011577354,0.009172591,3
1040,1036,0.013626607,N/A,3
1040,1040,0.006586698,N/A,2
1040,1041,0.011281128,N/A,2
1040,1043,0.016630676,N/A,3
1041,1002,0.003757841,0.00125636,1
1041,1004,0.001635815,N/A,1
1041,1005,0.001755053,0.002521425,1
1041,1006,0.00110851,0.001393417,1
1041,1009,0.001207634,0.000332966,1
1041,1010,0.001429746,N/A,1
1041,1013,0.002636119,0.002365449,1
1041,1026,0.002249241,0.000798788,1
1041,1027,0.002251999,0.003415909,1
1041,1035,0.00121951,0.000579544,1
1041,1036,0.002074417,N/A,1
1041,1041,0.002394977,N/A,1
1041,1043,0.003891416,N/A,1
1043,1000,0.000209781,0.00027391,1
1043,1001,0.000253849,0.000405435,1
1043,1002,0.01051472,0.001866858,1
1043,1004,0.008330051,N/A,2
1043,1005,0.009174761,0.032207845,2
1043,1006,0.006556254,0.00806754,2
1043,1009,0.007253763,0.034404843,2
1043,1010,0.008090072,N/A,2
1043,1013,0.008453139,0.002868207,1
1043,1026,0.010664134,0.007223271,2
1043,1027,0.00998833,0.022273591,2
1043,1035,0.007180113,0.006894541,2
1043,1036,0.009827483,N/A,2
1043,1040,0.00033616,N/A,1
1043,1041,0.010701453,N/A,2
1043,1043,0.013492339,N/A,2
2001,2000,0.00101053,0.002993523,1
2001,2004,0.001392682,0.003919592,1
2001,2005,0.000918716,0.002736987,1
2001,2013,0.001561991,0.003288586,1
2001,2014,0.002110273,0.005859894,1
2001,2019,0.001996469,0.004260221,1
2001,2028,0.001721752,0.003813089,1
2001,2035,0.001164108,0.003120902,1
2001,2036,0.001138433,0.003302803,1
2001,2043,0.001486443,0.003723605,1
2001,2044,0.000789238,0.002302694,1
2001,2045,0.001943879,0.003805885,1
2001,2046,0.000930197,0.002764331,1
2001,2049,0.000905835,0.002635226,1
2004,2000,0.002559643,N/A,2
2004,2001,0.000492041,1.99002E-05,1
2004,2004,0.003336374,N/A,2
2004,2005,0.000528347,N/A,1
2004,2008,0.002054808,N/A,1
2004,2009,0.003405078,N/A,1
2004,2013,0.001754252,0.002906453,1
2004,2014,0.001452928,0.001574457,1
2004,2020,0.005635286,0.008658999,1
2004,2021,0.002350665,0.003148487,1
2004,2022,0.002495855,N/A,1
2004,2023,0.002801601,0.005411694,1
2004,2028,0.003269352,N/A,2
2004,2035,0.00295232,N/A,2
2004,2036,0.001192288,0.000436859,1
2004,2043,0.003300149,N/A,2
2004,2044,0.001804817,N/A,2
2004,2045,0.002865707,N/A,2
2004,2046,0.001821158,0.000268451,2
2004,2047,0.002191103,0.004301525,1
2004,2049,0.003430403,N/A,2
2005,2000,0.013799121,N/A,2
2005,2001,0.012745289,0.006548362,2
2005,2004,0.001489649,N/A,1
2005,2005,0.023092576,N/A,2
2005,2008,0.002117868,N/A,1
2005,2013,0.001877218,0.003227549,1
2005,2014,0.001554769,0.001746753,1
2005,2023,0.00290369,0.005730685,1
2005,2028,0.014321294,N/A,2
2005,2035,0.001317751,N/A,1
2005,2036,0.001182559,0.000466373,1
2005,2043,0.016127891,N/A,2
2005,2044,0.012800069,N/A,2
2005,2045,0.001158605,N/A,1
2005,2046,0.000785047,5.70656E-05,1
2005,2049,0.000857317,N/A,1
2008,2000,0.015392129,N/A,1
2008,2001,0.014384784,0.007141717,1
2008,2005,0.021288655,N/A,1
2008,2028,0.014942494,N/A,1
2008,2043,0.016373779,N/A,1
2008,2044,0.012882991,N/A,1
2009,2000,0.016828841,N/A,3
2009,2001,0.013437602,0.006827682,2
2009,2004,0.00380358,N/A,2
2009,2005,0.022406347,N/A,2
2009,2008,0.00213616,N/A,1
2009,2009,0.003651979,N/A,1
2009,2013,0.001785917,0.002748754,1
2009,2014,0.001486954,0.001503527,1
2009,2020,0.005832143,0.00856833,1
2009,2021,0.002619411,0.003136452,1
2009,2022,0.00268069,N/A,1
2009,2023,0.002874215,0.005320275,1
2009,2028,0.017935214,N/A,3
2009,2035,0.003354391,N/A,2
2009,2036,0.001305146,0.000415468,1
2009,2043,0.019267474,N/A,3
2009,2044,0.014856645,N/A,3
2009,2045,0.003273137,N/A,2
2009,2046,0.002109765,0.000301452,2
2009,2047,0.002409567,0.004212485,1
2009,2049,0.003635723,N/A,2
2013,2000,0.005299126,0.014076414,4
2013,2001,0.000580923,0.001214753,1
2013,2004,0.007170316,0.015973401,4
2013,2005,0.001868644,0.003410712,2
2013,2008,0.002216508,0.002083549,1
2013,2009,0.003174065,0.000914883,1
2013,2013,0.003975267,0.008319295,2
2013,2014,0.004046316,0.010425018,2
2013,2019,0.003846007,0.006267901,2
2013,2020,0.005241794,0.008335128,1
2013,2021,0.002163794,0.003165682,1
2013,2022,0.002272717,0.000701121,1
2013,2023,0.003011015,0.006291171,1
2013,2028,0.007446549,0.017333019,4
2013,2035,0.007680047,0.013796004,4
2013,2036,0.004121253,0.010402344,3
2013,2043,0.007422978,0.015289487,4
2013,2044,0.004157466,0.010441508,4
2013,2045,0.007156614,0.016460398,4
2013,2046,0.00475891,0.013355469,4
2013,2047,0.001996386,0.004217856,1
2013,2049,0.006591331,0.016142346,4
2014,2000,0.003185677,0.005664858,2
2014,2001,0.000900965,0.000945753,1
2014,2004,0.004447329,0.007452331,2
2014,2005,0.002391373,0.004259679,2
2014,2008,0.002923356,0.001750783,1
2014,2013,0.004823094,0.009690552,2
2014,2014,0.00488488,0.012297862,2
2014,2019,0.002162795,0.002978316,1
2014,2023,0.003759125,0.006510488,1
2014,2028,0.004190097,0.00680993,2
2014,2035,0.003758981,0.006261628,2
2014,2036,0.003595197,0.006810613,2
2014,2043,0.004458627,0.007104891,2
2014,2044,0.002878947,0.005098799,2
2014,2045,0.004575464,0.007170544,2
2014,2046,0.002796359,0.005147339,2
2014,2049,0.002767751,0.004755122,2
2019,1000,0.004243451,0.001710547,2
2019,1001,0.0049299,0.003504188,2
2019,1004,0.001636115,N/A,2
2019,1005,0.002618623,0.006020961,2
2019,1006,0.001488872,0.000470763,2
2019,1007,0.001274535,N/A,1
2019,1008,0.002373644,0.002285303,1
2019,1009,0.00289126,0.005377499,2
2019,1010,0.006099099,N/A,2
2019,1026,0.000350513,0.000162332,1
2019,1027,0.002447177,0.001767424,2
2019,1035,0.004616156,0.004378859,2
2019,1036,0.005026969,N/A,2
2019,1040,0.000227191,N/A,1
2019,1041,0.004441672,N/A,2
2019,1043,0.002186021,N/A,2
2019,2000,0.001726225,0.006683292,2
2019,2001,0.000633408,0.002583476,1
2019,2004,0.002389612,0.0072397,2
2019,2005,0.001064495,0.004179527,2
2019,2008,0.002449269,0.005525545,1
2019,2013,0.003207666,0.010346125,2
2019,2014,0.003310282,0.015856229,2
2019,2019,0.000641552,0.000423399,1
2019,2023,0.003218452,0.008296006,1
2019,2028,0.002206991,0.007329204,2
2019,2035,0.002227643,0.006820408,2
2019,2036,0.002043095,0.008358063,2
2019,2043,0.002485714,0.006640828,2
2019,2044,0.001790457,0.006755078,2
2019,2045,0.002595613,0.008357332,2
2019,2046,0.001473177,0.006167741,2
2019,2049,0.001454084,0.004885885,2
2019,4011,0.001110849,0.000749932,1
2020,2000,0.005598631,0.022219259,4
2020,2001,0.001103871,0.003088643,1
2020,2004,0.006874646,0.023305319,4
2020,2005,0.002334308,0.007337267,2
2020,2008,0.002906233,0.004170048,1
2020,2009,0.004053233,0.001856491,1
2020,2013,0.004641313,0.012072754,2
2020,2014,0.005222975,0.018600331,2
2020,2019,0.003385852,0.007574242,2
2020,2020,0.00714408,0.011113461,1
2020,2021,0.002772417,0.003781904,1
2020,2022,0.003284024,0.001578221,1
2020,2023,0.003801646,0.008245905,1
2020,2028,0.007457072,0.024581651,4
2020,2035,0.009516288,0.027501322,4
2020,2036,0.004368006,0.015948911,3
2020,2043,0.007492387,0.022803006,4
2020,2044,0.00530193,0.019885406,4
2020,2045,0.007248081,0.023188792,4
2020,2046,0.005213732,0.0213009,4
2020,2047,0.002758384,0.005277738,1
2020,2049,0.007719447,0.028718335,4
2020,3007,0.000835544,0.002656219,1
2020,4000,0.004266374,0.01832828,3
2020,4003,0.005302609,0.018464363,3
2020,4004,0.000799067,0.000432271,1
2020,4005,0.000441542,0.000266963,1
2020,4006,0.000803814,0.000291717,1
2020,4013,0.004461454,0.015885542,3
2020,4015,0.00130918,0.00318717,1
2020,4020,0.003326362,0.014783804,3
2020,4022,0.001364909,0.003987821,1
2020,4023,0.003408046,0.011625255,2
2020,4028,0.001069891,0.001085969,1
2020,4031,0.001837998,0.004135103,1
2020,4033,0.003456539,0.00766297,1
2020,4035,0.002929657,0.005407804,1
2020,4036,0.004109959,0.018147603,3
2020,4038,0.001322774,0.003974526,1
2020,4039,0.00558771,0.017953925,1
2020,4041,0.002098353,0.006780861,2
2020,4054,0.00111998,0.002023931,1
2020,4055,0.003888536,0.016924736,3
2020,4056,0.000332519,0.000284395,1
2020,4061,0.001293988,0.000317317,1
2020,4066,0.004218278,0.013689484,2
2020,4068,0.002745977,0.005251089,1
2020,4069,0.001966179,0.005272211,1
2020,4076,0.006815518,0.034061663,3
2020,4078,0.004390988,0.01782537,3
2020,4079,0.004752194,0.01729837,3
2020,4080,0.004884401,0.020239155,3
2020,4081,0.004276396,0.016829736,3
2020,4083,0.001437873,0.003969752,1
2020,4084,0.003818637,0.015498257,3
2020,4087,0.001668584,0.004963373,1
2020,4089,0.004388173,0.012312331,1
2020,4091,0.001746838,0.005590807,2
2020,4093,0.002048745,0.007091027,2
2021,2005,0.001823758,0.002901078,2
2021,2008,0.002407282,0.001543166,1
2021,2009,0.00401806,0.003635451,1
2021,2013,0.004053975,0.008552427,2
2021,2014,0.004613589,0.015017639,2
2021,2019,0.003129236,0.004083076,2
2021,2020,0.00682756,0.011475391,1
2021,2021,0.002809507,0.004500682,1
2021,2022,0.003171641,0.003025015,1
2021,2023,0.0032549,0.006469878,1
2021,2028,0.006979254,0.014971229,4
2021,2035,0.008553346,0.015877111,4
2021,2036,0.003740256,0.008439665,3
2021,2043,0.006990309,0.014178979,4
2021,2044,0.004612832,0.011806604,4
2021,2045,0.006755572,0.014789715,4
2021,2046,0.004699312,0.013181579,4
2021,2047,0.002730954,0.005596886,1
2021,2049,0.007051519,0.016269937,4
2022,2000,0.005184634,N/A,1
2022,2004,0.005216689,N/A,1
2022,2009,0.007521182,N/A,1
2022,2020,0.009997131,0.00954979,1
2022,2021,0.006410243,0.003909452,1
2022,2022,0.00594996,N/A,1
2022,2028,0.005324706,N/A,1
2022,2035,0.004192485,N/A,1
2022,2043,0.004452431,N/A,1
2022,2044,0.001243558,N/A,1
2022,2045,0.004366754,N/A,1
2022,2046,0.002134788,0.000281265,1
2022,2047,0.005793806,0.004647505,1
2022,2049,0.004100942,N/A,1
2023,2000,0.005062839,0.007950975,1
2023,2001,0.00267343,0.004362556,1
2023,2004,0.006146436,0.009044553,1
2023,2005,0.002592459,0.004072511,1
2023,2008,0.006719974,0.00897099,1
2023,2013,0.005989754,0.009017097,1
2023,2014,0.005408828,0.008193552,1
2023,2023,0.007776378,0.013478272,1
2023,2028,0.00478715,0.007368699,1
2023,2035,0.00559825,0.008341161,1
2023,2036,0.005481725,0.008374711,1
2023,2043,0.005428807,0.007721919,1
2023,2044,0.005302243,0.008325843,1
2023,2045,0.005335668,0.008139507,1
2023,2046,0.004335864,0.006967073,1
2023,2049,0.003522138,0.005318833,1
2028,2000,0.002898179,N/A,1
2028,2004,0.004671442,N/A,1
2035,1002,0.005815039,0.001955902,1
2035,1004,0.002548851,N/A,1
2035,1005,0.003238564,0.004689327,1
2035,1006,0.00194759,0.002470679,1
2035,1009,0.002003993,0.000557255,1
2035,1010,0.002123726,N/A,1
2035,1013,0.003923397,0.003555667,1
2035,1026,0.003131056,0.001126778,1
2035,1027,0.003299606,0.005058401,1
2035,1035,0.001873331,0.000892026,1
2035,1036,0.002659874,N/A,1
2035,1041,0.00425926,N/A,1
2035,1043,0.005837638,N/A,1
2035,2000,0.01379332,N/A,2
2035,2004,0.019285494,N/A,2
2035,2005,0.005733993,N/A,1
2035,2013,0.008351207,0.002596383,1
2035,2014,0.009370437,0.008565865,1
2035,2019,0.019488729,0.004701408,2
2035,2028,0.018649967,N/A,2
2035,2035,0.016633785,N/A,2
2035,2036,0.014290871,0.010994028,2
2035,2043,0.01834519,N/A,2
2035,2044,0.010055218,N/A,2
2035,2045,0.018390968,N/A,2
2035,2046,0.014078194,0.005437167,2
2035,2049,0.012771679,N/A,2
2036,2000,0.005462684,0.025451216,3
2036,2001,0.000502554,0.000447318,1
2036,2004,0.007058221,0.030964006,3
2036,2005,0.002789625,0.009591803,2
2036,2008,0.002081341,0.0009196,1
2036,2013,0.005106379,0.016451008,2
2036,2014,0.00562122,0.017464221,2
2036,2019,0.005580791,0.021534631,2
2036,2023,0.00282716,0.005511564,1
2036,2028,0.006882608,0.028144188,3
2036,2035,0.008101624,0.028826719,3
2036,2036,0.005912572,0.02656668,3
2036,2043,0.007281364,0.030119877,3
2036,2044,0.004800068,0.021314724,3
2036,2045,0.007139743,0.028277935,3
2036,2046,0.00539767,0.024993322,3
2036,2049,0.005310561,0.02454681,3
2043,2000,0.00332702,N/A,1
2043,2004,0.00504217,N/A,1
2043,2028,0.004403418,N/A,1
2043,2043,0.004624117,N/A,1
2043,2044,0.0021632,N/A,1
2043,2045,0.004007682,N/A,1
2043,2049,0.003250119,N/A,1
2044,2000,0.004867276,N/A,1
2044,2004,0.006697986,N/A,1
2044,2028,0.006069584,N/A,1
2044,2043,0.006307848,N/A,1
2044,2044,0.003421157,N/A,1
2044,2045,0.005651881,N/A,1
2044,2049,0.004777548,N/A,1
2045,2000,0.00685255,N/A,3
2045,2001,0.000925748,3.72841E-05,1
2045,2004,0.010621045,N/A,4
2045,2005,0.002874841,N/A,2
2045,2008,0.002865646,N/A,1
2045,2009,0.004463109,N/A,1
2045,2013,0.005349635,0.007954349,2
2045,2014,0.005766771,0.013340538,2
2045,2019,0.006031489,0.001704815,2
2045,2020,0.007508981,0.010638831,1
2045,2021,0.003196863,0.00352391,1
2045,2022,0.003648606,N/A,1
2045,2023,0.003710916,0.006345866,1
2045,2028,0.01102879,N/A,4
2045,2035,0.012722222,N/A,4
2045,2036,0.007038729,0.006179226,3
2045,2043,0.011026419,N/A,4
2045,2044,0.008005098,N/A,4
2045,2045,0.010775359,N/A,4
2045,2046,0.008514001,0.003502448,4
2045,2047,0.003150085,0.005047779,1
2045,2049,0.010729504,N/A,4
2046,2000,0.002905717,0.00660715,3
2046,2001,0.000694517,0.000931453,1
2046,2004,0.004960717,0.009338836,4
2046,2005,0.001624896,0.001802623,2
2046,2008,0.002396963,0.001282617,1
2046,2009,0.00303841,0.003513065,1
2046,2013,0.00382283,0.007915599,2
2046,2014,0.004307948,0.01461893,2
2046,2019,0.002547073,0.002378655,2
2046,2020,0.005682047,0.01155635,1
2046,2021,0.001854373,0.003987669,1
2046,2022,0.002270984,0.002662072,1
2046,2023,0.003228696,0.006284999,1
2046,2028,0.005485248,0.010172271,4
2046,2035,0.00666729,0.011267887,4
2046,2036,0.003247873,0.006244178,3
2046,2043,0.00549983,0.009714642,4
2046,2044,0.003386001,0.008043745,4
2046,2045,0.00527643,0.010193772,4
2046,2046,0.003343307,0.008499587,4
2046,2047,0.001824215,0.005240453,1
2046,2049,0.005606993,0.010935375,4
2047,2000,0.005606679,0.015806405,1
2047,2004,0.009749115,0.026942208,1
2049,2000,0.03388192,N/A,1
2049,2001,0.029840946,0.014177551,1
2049,2005,0.028607237,N/A,1
2049,2028,0.027847389,N/A,1
2049,2043,0.030933093,N/A,1
2049,2044,0.021803302,N/A,1
3000,3000,0.030908315,0.130675599,3
3000,3003,0.04681682,0.16769547,3
3000,3006,0.031593922,0.084390884,3
3000,3007,0.028730224,0.083973935,3
3000,3008,0.034122286,0.168606471,3
3003,3000,0.081679835,0.15920051,3
3003,3003,0.099506582,0.21285671,3
3003,3006,0.082874582,0.144869113,3
3003,3007,0.080050107,0.148600777,3
3003,3008,0.08407639,0.117355369,3
3006,3000,0.02899836,0.00991927,1
3006,3003,0.030525389,0.000884627,1
3006,3006,0.033860179,N/A,1
3006,3007,0.030398115,N/A,1
3007,3000,0.037459339,0.012661313,1
3007,3003,0.039431002,0.000849876,1
3007,3006,0.041655421,N/A,1
3007,3007,0.039438906,N/A,1
3007,3008,0.033962072,N/A,1
3008,3000,0.021248222,0.009067002,1
3008,3003,0.025674383,0.00924379,1
3008,3006,0.018541394,N/A,1
3008,3007,0.014167383,N/A,1
3008,3008,0.024149426,N/A,1
4000,4000,0.001271509,0.002321318,1
4000,4003,0.001092488,0.001540108,1
4000,4013,0.000864102,0.001359839,1
4000,4020,0.000546142,0.001176712,1
4000,4022,0.000768625,0.00167964,1
4000,4023,0.001233164,0.001955114,1
4000,4031,0.001111494,0.00169087,1
4000,4033,0.002487613,0.005182651,1
4000,4035,0.002177447,0.002710083,1
4000,4036,0.001085999,0.002275323,1
4000,4038,0.000756709,0.001541066,1
4000,4039,0.003291557,0.011022321,1
4000,4041,0.000552571,0.001213141,1
4000,4055,0.000907363,0.002103937,1
4000,4066,0.001244288,0.002259977,1
4000,4068,0.001990526,0.002546553,1
4000,4069,0.001350448,0.002551153,1
4000,4076,0.000876321,0.00197712,1
4000,4078,0.0012043,0.002538252,1
4000,4079,0.001058304,0.001903353,1
4000,4080,0.001076695,0.002229267,1
4000,4081,0.000933311,0.00187252,1
4000,4083,0.000832439,0.001557626,1
4000,4084,0.000735355,0.001551768,1
4000,4087,0.001081522,0.00225124,1
4000,4089,0.003320974,0.009615093,1
4000,4093,0.000816321,0.001875345,1
4003,3007,0.000186494,N/A,1
4003,4000,0.005071218,0.007895652,4
4003,4003,0.006393819,N/A,4
4003,4004,0.003936018,0.007219965,2
4003,4005,0.002690638,N/A,2
4003,4006,0.003654724,N/A,2
4003,4011,0.000821724,0.000655804,1
4003,4012,0.001064958,0.001058675,1
4003,4013,0.005184464,N/A,4
4003,4015,0.003912446,0.006780967,2
4003,4020,0.004143952,0.003269563,4
4003,4021,0.000592527,1.29312E-05,1
4003,4022,0.001799929,0.003374314,2
4003,4023,0.001446746,N/A,2
4003,4028,0.002497841,0.001638213,1
4003,4031,0.000715153,0.000401154,1
4003,4033,0.001816595,0.00362467,1
4003,4035,0.001616326,N/A,1
4003,4036,0.004939212,0.014004511,4
4003,4038,0.00044802,0.00018541,1
4003,4039,0.002121274,0.007212597,1
4003,4041,0.002716732,N/A,2
4003,4054,0.003981805,0.009717441,2
4003,4055,0.004580358,0.013144726,4
4003,4056,0.002537984,N/A,2
4003,4061,0.002902248,N/A,1
4003,4066,0.00485749,0.007106982,2
4003,4068,0.001446878,N/A,1
4003,4069,0.00090115,0.000956749,1
4003,4076,0.008520979,0.035893717,4
4003,4078,0.004878814,0.012712022,4
4003,4079,0.005517679,0.009647491,4
4003,4080,0.004281067,0.01331387,3
4003,4081,0.00345798,0.010196253,3
4003,4083,0.000508739,0.000331322,1
4003,4084,0.003235536,N/A,3
4003,4087,0.000670472,0.000720563,1
4003,4089,0.002525123,0.007579583,1
4003,4091,0.001987787,0.002016497,2
4003,4093,0.002494028,0.004037458,2
4003,4094,0.000534839,3.2199E-05,1
4004,1000,0.001198801,0.00166455,1
4004,1001,0.001446184,0.001690615,1
4004,1004,0.000491438,0.000515152,1
4004,1005,0.000825392,0.002061801,1
4004,1006,0.000437573,0.00055058,1
4004,1007,0.000616059,0.00079656,1
4004,1008,0.000852726,0.001330278,1
4004,1009,0.000796763,0.000885664,1
4004,1010,0.001762735,0.001135215,1
4004,1027,0.000705147,0.000891894,1
4004,1035,0.001095499,0.001439352,1
4004,1036,0.00104006,0.001119247,1
4004,1041,0.001346116,0.000855833,1
4004,1043,0.000702992,0.00049187,1
4004,4000,0.004538996,0.010499868,2
4004,4003,0.005336062,0.009406563,2
4004,4004,0.005144329,0.01211074,2
4004,4005,0.003673099,0.008978011,2
4004,4006,0.004710314,0.010036464,2
4004,4011,0.001961051,0.001609791,1
4004,4012,0.002264473,0.001950295,1
4004,4013,0.004158576,0.007925076,2
4004,4015,0.004847902,0.011686928,2
4004,4020,0.003882181,0.008902131,2
4004,4021,0.001602919,0.001174298,1
4004,4022,0.002132553,0.002236944,1
4004,4028,0.002354889,0.00453861,1
4004,4036,0.004424569,0.01132748,2
4004,4041,0.001860227,0.003872957,1
4004,4054,0.005010382,0.013650344,2
4004,4055,0.00407553,0.010726562,2
4004,4056,0.003507526,0.009128261,2
4004,4061,0.002714188,0.004873517,1
4004,4066,0.003449078,0.006689463,1
4004,4076,0.00786325,0.024567881,2
4004,4078,0.004101246,0.010250932,2
4004,4079,0.00452398,0.009989199,2
4004,4080,0.002017297,0.004140279,1
4004,4081,0.001257757,0.002975034,1
4004,4084,0.00150338,0.003343833,1
4004,4091,0.001193829,0.003162168,1
4004,4093,0.001480947,0.003750305,1
4004,4094,0.001512203,0.001173285,1
4005,4000,0.004099923,0.003033455,2
4005,4003,0.005008283,N/A,2
4005,4004,0.00476039,0.008008966,2
4005,4005,0.00332141,N/A,2
4005,4006,0.004277099,N/A,2
4005,4011,0.001088597,0.000725829,1
4005,4012,0.001336637,0.001102185,1
4005,4013,0.003952494,N/A,2
4005,4015,0.004550433,0.007225349,2
4005,4020,0.003548038,0.001138741,2
4005,4021,0.000825663,1.78397E-05,1
4005,4022,0.001227933,0.001156538,1
4005,4028,0.0029789,0.001915943,1
4005,4036,0.003986529,0.004699559,2
4005,4041,0.002443445,N/A,1
4005,4054,0.004595663,0.010192659,2
4005,4055,0.003682802,0.00486934,2
4005,4056,0.00315263,N/A,2
4005,4061,0.003250301,N/A,1
4005,4066,0.004051945,0.004322717,1
4005,4076,0.007441594,0.021978778,2
4005,4078,0.003702187,0.003997083,2
4005,4079,0.00411684,0.002054395,2
4005,4080,0.002671385,0.001995426,1
4005,4081,0.001821756,0.000473369,1
4005,4084,0.002086239,N/A,1
4005,4091,0.001724346,0.001066659,1
4005,4093,0.002024389,0.001520021,1
4005,4094,0.000755263,3.69471E-05,1
4006,4000,0.005514288,0.003078281,1
4006,4003,0.005286291,N/A,1
4006,4004,0.005824357,0.005723698,1
4006,4005,0.004546651,N/A,1
4006,4006,0.005401436,N/A,1
4006,4011,0.005246956,0.001282833,1
4006,4012,0.006542707,0.001448341,1
4006,4013,0.003739412,N/A,1
4006,4015,0.003996673,0.001958486,1
4006,4020,0.004109867,0.00093944,1
4006,4021,0.004102024,8.70611E-05,1
4006,4022,0.005316191,0.004045389,1
4006,4036,0.006097489,0.004894772,1
4006,4054,0.00525738,0.00724649,1
4006,4055,0.005026412,0.005168175,1
4006,4056,0.004156271,N/A,1
4006,4076,0.005789703,0.005586072,1
4006,4078,0.004642473,0.004316885,1
4006,4079,0.005797134,0.001445435,1
4006,4094,0.003994192,9.59793E-05,1
4011,1000,0.001398269,0.002086589,1
4011,1001,0.001621232,0.001972016,1
4011,1004,0.000782274,0.000405927,1
4011,1005,0.001490987,0.004195256,1
4011,1006,0.000668803,0.000498185,1
4011,1007,0.000673944,0.000351496,1
4011,1008,0.000782022,0.000882671,1
4011,1009,0.001007075,0.00080214,1
4011,1010,0.001801155,0.000930317,1
4011,1027,0.000956696,0.001062609,1
4011,1035,0.001054691,0.001079952,1
4011,1036,0.000933818,0.000484794,1
4011,1041,0.001703156,0.000879647,1
4011,1043,0.001258688,0.000650405,1
4011,4000,0.001440209,0.001167522,1
4011,4003,0.001615095,0.0008402,1
4011,4004,0.001947536,0.003256565,1
4011,4005,0.001155563,0.000645583,1
4011,4006,0.001592136,0.000833878,1
4011,4011,0.001353302,0.001102793,1
4011,4012,0.001549093,0.001427959,1
4011,4013,0.001182594,0.000627384,1
4011,4015,0.001112751,0.001132277,1
4011,4020,0.001256325,0.000759979,1
4011,4021,0.001093436,0.000610234,1
4011,4022,0.001538832,0.001622152,1
4011,4036,0.001593361,0.001777301,1
4011,4054,0.001508408,0.003064506,1
4011,4055,0.001285067,0.001654839,1
4011,4056,0.001124873,0.000622439,1
4011,4076,0.001982079,0.003859577,1
4011,4078,0.001122999,0.001295902,1
4011,4079,0.001511345,0.000976753,1
4011,4094,0.001001565,0.000577183,1
4012,4000,0.001706514,0.004209819,1
4012,4003,0.00196523,0.003925854,1
4012,4004,0.002342109,0.005341392,1
4012,4005,0.001432682,0.003915785,1
4012,4006,0.001916828,0.003980698,1
4012,4011,0.001622594,0.004142972,1
4012,4012,0.001751048,0.004462443,1
4012,4013,0.001577645,0.003502262,1
4012,4015,0.001432098,0.003891995,1
4012,4020,0.001628814,0.003674342,1
4012,4021,0.001392757,0.003783777,1
4012,4022,0.001856505,0.004307593,1
4012,4036,0.001839033,0.004540036,1
4012,4054,0.001823299,0.005249025,1
4012,4055,0.00155635,0.004382,1
4012,4056,0.001430611,0.003782441,1
4012,4076,0.002400017,0.005828156,1
4012,4078,0.001382392,0.004197003,1
4012,4079,0.001767651,0.00418113,1
4012,4094,0.001277429,0.003811191,1
4013,3007,0.000534521,N/A,1
4013,4000,0.005497495,0.005511269,3
4013,4003,0.005769649,N/A,3
4013,4004,0.001117159,0.000258375,1
4013,4005,0.000928189,N/A,1
4013,4006,0.001538564,N/A,1
4013,4013,0.004652622,N/A,3
4013,4015,0.001928658,0.002772111,1
4013,4020,0.003673806,0.001348284,3
4013,4022,0.001118034,0.001142866,1
4013,4023,0.003264477,N/A,2
4013,4028,0.001669601,0.001131006,1
4013,4031,0.001558869,0.00047421,1
4013,4033,0.003264916,0.004556644,1
4013,4035,0.003079322,N/A,1
4013,4036,0.005114342,0.009137082,3
4013,4038,0.001171398,0.00038064,1
4013,4039,0.003904004,0.011026314,1
4013,4041,0.00290355,N/A,2
4013,4054,0.001898158,0.001752571,1
4013,4055,0.004676346,0.006235557,3
4013,4056,0.000861259,N/A,1
4013,4061,0.002263363,N/A,1
4013,4066,0.005606296,0.007753589,2
4013,4068,0.002833865,N/A,1
4013,4069,0.00221558,0.001360298,1
4013,4076,0.007583666,0.020736257,3
4013,4078,0.00544253,0.00647418,3
4013,4079,0.00559751,0.006268744,3
4013,4080,0.005451144,0.01040185,3
4013,4081,0.004934635,0.010733132,3
4013,4083,0.00123863,0.000509622,1
4013,4084,0.004384156,N/A,3
4013,4087,0.001857842,0.000744869,1
4013,4089,0.004208375,0.00914356,1
4013,4091,0.001891743,0.001873008,2
4013,4093,0.003038574,0.00371856,2
4015,3007,0.001093094,0.00426925,1
4015,4000,0.005932176,0.029530701,3
4015,4003,0.006542159,0.028529293,3
4015,4004,0.002057192,0.00435468,1
4015,4005,0.001634165,0.004268169,1
4015,4006,0.002255472,0.005219488,1
4015,4013,0.005543005,0.024498377,3
4015,4015,0.002864044,0.006799676,1
4015,4020,0.00461754,0.023754493,3
4015,4022,0.00054712,0.001273284,1
4015,4023,0.002920369,0.011014663,2
4015,4028,0.00254653,0.005538278,1
4015,4031,0.000812426,0.001325725,1
4015,4033,0.001993508,0.004327845,1
4015,4035,0.001840695,0.002472467,1
4015,4036,0.00583713,0.029877227,3
4015,4038,0.000554384,0.001224631,1
4015,4039,0.002243287,0.007655409,1
4015,4041,0.0028636,0.009640536,2
4015,4054,0.002658357,0.006049244,1
4015,4055,0.005286136,0.027423298,3
4015,4056,0.001516875,0.004218218,1
4015,4061,0.002905764,0.005990522,1
4015,4066,0.005092951,0.01459697,2
4015,4068,0.001653171,0.002279934,1
4015,4069,0.00113267,0.002292303,1
4015,4076,0.008426114,0.0433558,3
4015,4078,0.005952616,0.029808399,3
4015,4079,0.006305939,0.028115513,3
4015,4080,0.006199062,0.029124569,3
4015,4081,0.005587912,0.025945582,3
4015,4083,0.000605859,0.001220977,1
4015,4084,0.00528763,0.025746668,3
4015,4087,0.000884052,0.001994253,1
4015,4089,0.002733877,0.008154773,1
4015,4091,0.003813218,0.018215979,2
4015,4093,0.002702547,0.010083035,2
4020,4003,0.000371069,8.6275E-05,1
4020,4013,0.000275429,8.03441E-05,1
4020,4020,0.000140749,0.00019243,1
4020,4022,0.000234166,0.000543332,1
4020,4023,0.000457876,0.00013583,1
4020,4031,0.000384407,0.000299052,1
4020,4033,0.001118774,0.00252784,1
4020,4035,0.001061417,0.000199709,1
4020,4036,0.000360132,0.000522873,1
4020,4038,0.000214377,0.000179197,1
4020,4039,0.001074378,0.003833789,1
4020,4041,0.000135594,0.000112366,1
4020,4055,0.000292127,0.000940201,1
4020,4066,0.000465073,0.00058445,1
4020,4068,0.000922196,0.000181113,1
4020,4069,0.000527449,0.000825738,1
4020,4076,0.000280815,0.000843042,1
4020,4078,0.000441675,0.001187418,1
4020,4079,0.000362846,0.000433809,1
4020,4080,0.000371947,0.000947212,1
4020,4081,0.000277006,0.000186718,1
4020,4083,0.000258568,0.000269161,1
4020,4084,0.00019495,0.000136177,1
4020,4087,0.000343552,0.000695984,1
4020,4089,0.001624141,0.005380345,1
4020,4093,0.000235669,0.000563274,1
4021,4003,0.000515694,0.000166662,1
4021,4004,0.000326608,0.000195489,1
4021,4005,0.000232855,0.000136081,1
4021,4006,0.000482293,0.000198853,1
4021,4013,0.000251862,8.699E-05,1
4021,4015,0.000680335,0.00168804,1
4021,4020,0.000230938,0.000128938,1
4021,4028,0.000556818,0.000587789,1
4021,4036,0.000380373,0.00047437,1
4021,4041,0.000371147,0.00015948,1
4021,4055,0.000352713,0.000445025,1
4021,4056,0.000190575,0.000150732,1
4021,4061,0.000889003,0.000307582,1
4021,4066,0.001195536,0.002379549,1
4021,4076,0.001632127,0.004981158,1
4021,4078,0.000526095,0.000481834,1
4021,4079,0.000426036,0.000397493,1
4021,4080,0.000391834,0.000751279,1
4021,4081,0.000174059,0.000116364,1
4021,4084,0.00024159,0.000121687,1
4021,4091,0.000146597,0.000166744,1
4021,4093,0.000231069,0.000338528,1
4022,4003,0.00183281,0.006802173,1
4022,4013,0.001505937,0.006091203,1
4022,4020,0.001030298,0.005040173,1
4022,4022,0.001381089,0.006248877,1
4022,4023,0.002079743,0.00845794,1
4022,4031,0.001868332,0.007141879,1
4022,4033,0.003597636,0.011629393,1
4022,4035,0.003226296,0.010684777,1
4022,4036,0.001942162,0.009005977,1
4022,4038,0.001401283,0.006654195,1
4022,4039,0.004995868,0.017748911,1
4022,4041,0.0010524,0.0052468,1
4022,4055,0.001608035,0.007200759,1
4022,4066,0.002110023,0.008874016,1
4022,4068,0.003010368,0.01024309,1
4022,4069,0.002296599,0.009913609,1
4022,4076,0.001541826,0.006709542,1
4022,4078,0.002038213,0.008512922,1
4022,4079,0.001847543,0.007982554,1
4022,4080,0.001830517,0.007459238,1
4022,4081,0.0017169,0.008124436,1
4022,4083,0.001492706,0.00664624,1
4022,4084,0.00138363,0.006749304,1
4022,4087,0.001963041,0.009206035,1
4022,4089,0.004552601,0.015658285,1
4022,4093,0.00150679,0.007267964,1
4023,1002,0.010201352,0.002336069,1
4023,1004,0.006067592,N/A,1
4023,1005,0.006852146,0.006540083,1
4023,1006,0.00501044,0.004704211,1
4023,1009,0.005197942,0.001111134,1
4023,1010,0.005572077,N/A,1
4023,1013,0.007874042,0.003925617,1
4023,1026,0.006960765,0.00118573,1
4023,1027,0.007113161,0.006322813,1
4023,1035,0.005156297,0.002347034,1
4023,1036,0.006504737,N/A,1
4023,1041,0.008281508,N/A,1
4023,1043,0.010202795,N/A,1
4023,2000,0.02411588,N/A,4
4023,2001,0.007035901,0.005067723,2
4023,2004,0.019348507,N/A,3
4023,2005,0.015316201,N/A,3
4023,2008,0.005381805,N/A,1
4023,2009,0.010382497,N/A,1
4023,2013,0.008566404,0.008435804,2
4023,2014,0.008806382,0.015110773,2
4023,2019,0.003549789,0.000839711,1
4023,2020,0.011702688,0.0066762,1
4023,2021,0.009473774,0.004287552,1
4023,2022,0.006640509,N/A,1
4023,2023,0.006331668,0.008587097,1
4023,2028,0.025203023,N/A,4
4023,2035,0.01594409,N/A,3
4023,2036,0.006961307,0.005440813,2
4023,2043,0.024811643,N/A,4
4023,2044,0.013253375,N/A,4
4023,2045,0.017337395,N/A,3
4023,2046,0.010228925,0.00334565,3
4023,2047,0.007099127,0.003550051,1
4023,2049,0.013770229,N/A,3
4023,3007,0.002198087,N/A,1
4023,4000,0.012326133,0.013183877,4
4023,4003,0.01331296,N/A,4
4023,4004,0.005335695,0.006281133,2
4023,4005,0.003993424,N/A,2
4023,4006,0.00514853,N/A,2
4023,4011,0.002155727,0.000711125,1
4023,4012,0.002992893,0.001083587,1
4023,4013,0.011499681,N/A,4
4023,4015,0.00498575,0.007366938,2
4023,4020,0.010452565,0.004246392,4
4023,4021,0.001542008,3.27943E-05,1
4023,4022,0.005229684,0.006682225,2
4023,4023,0.006070965,N/A,2
4023,4028,0.00217527,0.001437474,1
4023,4031,0.002514868,0.000726706,1
4023,4033,0.004361933,0.005863784,1
4023,4035,0.003869105,N/A,1
4023,4036,0.012414002,0.020919974,4
4023,4038,0.001947168,0.000628676,1
4023,4039,0.006585672,0.018135541,1
4023,4041,0.004039255,N/A,2
4023,4054,0.005450333,0.009464761,2
4023,4055,0.011523825,0.01787637,4
4023,4056,0.003707329,N/A,2
4023,4061,0.002684361,N/A,1
4023,4066,0.006661241,0.008814143,2
4023,4068,0.003659676,N/A,1
4023,4069,0.002871429,0.001709982,1
4023,4076,0.015478298,0.042889496,4
4023,4078,0.012018567,0.016125533,4
4023,4079,0.012944159,0.008792542,4
4023,4080,0.00916411,0.011550551,3
4023,4081,0.008556457,0.007678024,3
4023,4083,0.002063265,0.000831914,1
4023,4084,0.008070194,N/A,3
4023,4087,0.002525285,0.000942002,1
4023,4089,0.005352746,0.011195224,1
4023,4091,0.004912843,0.0048291,2
4023,4093,0.004088775,0.004942534,2
4023,4094,0.001483889,4.0742E-05,1
4028,4000,0.003481416,0.001429659,1
4028,4003,0.003852344,0.000665851,1
4028,4004,0.003151545,0.000785035,1
4028,4005,0.00264245,0.000629262,1
4028,4006,0.003378324,0.000720887,1
4028,4013,0.002896253,0.000546772,1
4028,4015,0.004053573,0.004534101,1
4028,4020,0.002629673,0.000649945,1
4028,4028,0.003703545,0.002352297,1
4028,4036,0.003115479,0.001924722,1
4028,4041,0.003126803,0.000679655,1
4028,4054,0.003818137,0.002675851,1
4028,4055,0.003047477,0.001755634,1
4028,4056,0.002502252,0.00062753,1
4028,4061,0.004073954,0.000770482,1
4028,4066,0.004870727,0.004366508,1
4028,4076,0.006165409,0.012250446,1
4028,4078,0.003399536,0.001282653,1
4028,4079,0.003265299,0.001135175,1
4028,4080,0.00331765,0.002050106,1
4028,4081,0.002332091,0.000823195,1
4028,4084,0.002673057,0.000613669,1
4028,4091,0.002258502,0.001511416,1
4028,4093,0.002662207,0.002067236,1
4031,4003,0.00120503,0.000415453,1
4031,4004,0.000821869,0.000380732,1
4031,4005,0.000640629,0.00022239,1
4031,4006,0.001098756,0.000379994,1
4031,4013,0.00066538,0.000229614,1
4031,4015,0.001460341,0.002639746,1
4031,4020,0.000616865,0.000235406,1
4031,4028,0.001239466,0.001042511,1
4031,4041,0.000902783,0.000312366,1
4031,4055,0.000881368,0.000689729,1
4031,4056,0.000579079,0.000201618,1
4031,4061,0.001694526,0.000584771,1
4031,4066,0.002209649,0.003363294,1
4031,4076,0.003015664,0.007941973,1
4031,4079,0.001002331,0.000597893,1
4031,4080,0.000947184,0.001169305,1
4031,4081,0.000496016,0.000216345,1
4031,4084,0.000645039,0.000223575,1
4031,4091,0.000472744,0.000336544,1
4031,4093,0.00065828,0.000593639,1
4033,4000,0.00399868,0.009958418,1
4033,4003,0.00347049,0.007609981,1
4033,4013,0.002987136,0.006992684,1
4033,4020,0.002215441,0.005918652,1
4033,4022,0.00280091,0.007451315,1
4033,4023,0.003818515,0.008974271,1
4033,4031,0.003521055,0.007925352,1
4033,4033,0.005652027,0.011837537,1
4033,4035,0.005171483,0.010301601,1
4033,4036,0.003664476,0.009806959,1
4033,4038,0.002853052,0.007492653,1
4033,4039,0.008121616,0.021530784,1
4033,4041,0.002260965,0.006084912,1
4033,4055,0.003157613,0.008202526,1
4033,4066,0.003863187,0.009539461,1
4033,4068,0.004934903,0.010068395,1
4033,4069,0.004114907,0.010258639,1
4033,4076,0.003049129,0.007763793,1
4033,4078,0.003763119,0.009146393,1
4033,4079,0.003510151,0.008621822,1
4033,4080,0.003470115,0.008324571,1
4033,4081,0.003351003,0.008736644,1
4033,4083,0.002982147,0.007529506,1
4033,4084,0.002833696,0.007524393,1
4033,4087,0.003705454,0.009632554,1
4033,4089,0.006709925,0.0157935,1
4033,4093,0.003023554,0.008336122,1
4035,3007,0.003930862,N/A,1
4035,4000,0.013020133,0.011531057,3
4035,4003,0.013817599,N/A,3
4035,4004,0.002785939,0.000522605,1
4035,4005,0.002233836,N/A,1
4035,4006,0.002835586,N/A,1
4035,4013,0.012597058,N/A,3
4035,4015,0.003527379,0.004382444,1
4035,4020,0.011402489,0.003734162,3
4035,4022,0.002609007,0.002648851,1
4035,4023,0.008731067,N/A,2
4035,4028,0.00319325,0.002022621,1
4035,4031,0.003168438,0.000946992,1
4035,4033,0.00481836,0.006639942,1
4035,4035,0.004053137,N/A,1
4035,4036,0.013418432,0.019297578,3
4035,4038,0.00247545,0.000802527,1
4035,4039,0.009152067,0.025632679,1
4035,4041,0.005233941,N/A,2
4035,4054,0.003248673,0.002517126,1
4035,4055,0.012291149,0.014115443,3
4035,4056,0.002092449,N/A,1
4035,4061,0.003450622,N/A,1
4035,4066,0.00747619,0.009174469,2
4035,4068,0.003892134,N/A,1
4035,4069,0.002991631,0.001817171,1
4035,4076,0.0156825,0.036986444,3
4035,4078,0.013259258,0.012869148,3
4035,4079,0.013972902,0.00760334,3
4035,4080,0.01360466,0.015816946,3
4035,4081,0.013062634,0.007309069,3
4035,4083,0.002647048,0.001081307,1
4035,4084,0.012693187,N/A,3
4035,4087,0.002693373,0.001053309,1
4035,4089,0.005775963,0.012390112,1
4035,4091,0.009410414,0.009245299,2
4035,4093,0.005050242,0.006098542,2
4035,5001,0.005312209,0.006481679,2
4035,5002,0.000294238,0.000798129,1
4035,5005,0.011573926,N/A,2
4036,4000,0.002449129,0.007225284,1
4038,4000,0.00170626,0.003421968,1
4039,4000,0.008299192,0.015670645,1
4039,4020,0.007135368,0.012484074,1
4039,4036,0.009380113,0.018703992,1
4039,4078,0.008456487,0.015043935,1
4039,4079,0.009461567,0.016142562,1
4039,4080,0.008264263,0.014248711,1
4039,4081,0.009195345,0.015497579,1
4041,3007,0.000491839,N/A,1
4041,4000,0.009434552,0.010590601,3
4041,4003,0.008083987,N/A,3
4041,4004,0.000808859,0.00029787,1
4041,4005,0.000572996,N/A,1
4041,4006,0.000978959,N/A,1
4041,4013,0.006700175,N/A,3
4041,4015,0.001390341,0.0028086,1
4041,4020,0.005011236,0.001763655,3
4041,4022,0.002152488,0.001965073,1
4041,4023,0.006465243,N/A,2
4041,4028,0.00116637,0.000982483,1
4041,4031,0.003039542,0.000590866,1
4041,4033,0.006400061,0.005904812,1
4041,4035,0.00677152,N/A,1
4041,4036,0.00863289,0.014919516,3
4041,4038,0.002368318,0.000744246,1
4041,4039,0.00611196,0.011057112,1
4041,4041,0.003668488,N/A,2
4041,4054,0.001282935,0.001806874,1
4041,4055,0.007002229,0.008356763,3
4041,4056,0.000497532,N/A,1
4041,4061,0.001517863,N/A,1
4041,4066,0.008245854,0.014671238,2
4041,4068,0.00619233,N/A,1
4041,4069,0.005452111,0.002747421,1
4041,4076,0.009474389,0.028152752,3
4041,4078,0.008487986,0.007908657,3
4041,4079,0.008467146,0.008917718,3
4041,4080,0.008015261,0.015263787,3
4041,4081,0.008007608,0.015083969,3
4041,4083,0.002459091,0.000898111,1
4041,4084,0.006636125,N/A,3
4041,4087,0.004530091,0.001011549,1
4041,4089,0.007948385,0.010375307,1
4041,4091,0.001506604,0.00149141,2
4041,4093,0.004831417,0.006186173,2
4054,4000,0.001043463,0.005525601,1
4054,4003,0.000516924,0.002203994,1
4054,4013,0.00039563,0.001889756,1
4054,4020,0.000244162,0.001484133,1
4054,4022,0.00036695,0.001994001,1
4054,4023,0.000767424,0.003691649,1
4054,4031,0.00055267,0.002446799,1
4054,4033,0.001510118,0.005042228,1
4054,4035,0.001634743,0.0059597,1
4054,4036,0.000795658,0.004481598,1
4054,4038,0.000404292,0.002366983,1
4054,4039,0.001288654,0.004295652,1
4054,4041,0.000256085,0.001595837,1
4054,4055,0.000481559,0.002584563,1
4054,4066,0.000825343,0.004115121,1
4054,4068,0.001420201,0.005377989,1
4054,4069,0.001124826,0.005809739,1
4054,4076,0.000429989,0.002223543,1
4054,4078,0.000734747,0.003618367,1
4054,4079,0.000637917,0.00331372,1
4054,4080,0.000557508,0.002654222,1
4054,4081,0.00062136,0.003626126,1
4054,4083,0.000425417,0.002293435,1
4054,4084,0.000406875,0.002467254,1
4054,4087,0.000862937,0.004970179,1
4054,4089,0.002126754,0.007286754,1
4054,4093,0.000465292,0.002749717,1
4055,3007,0.00065867,0.0013185,1
4055,4000,0.0026453,0.008420588,2
4055,4003,0.003024254,0.007489494,2
4055,4013,0.002704272,0.00715632,2
4055,4020,0.002003703,0.007029824,2
4055,4022,0.001306803,0.003512425,1
4055,4023,0.003001893,0.007788699,2
4055,4031,0.00177383,0.00341535,1
4055,4033,0.003344482,0.006815141,1
4055,4035,0.002748748,0.00406879,1
4055,4036,0.002658085,0.009292748,2
4055,4038,0.001229162,0.003397008,1
4055,4039,0.005873461,0.018698756,1
4055,4041,0.000995159,0.002988547,1
4055,4055,0.002503797,0.008357738,2
4055,4066,0.001747981,0.004033113,1
4055,4068,0.002577438,0.003998648,1
4055,4069,0.001766657,0.004258576,1
4055,4076,0.002654203,0.008625571,2
4055,4078,0.002858798,0.008880059,2
4055,4079,0.003106538,0.009071213,2
4055,4080,0.003038325,0.009460351,2
4055,4081,0.003046724,0.011080575,2
4055,4083,0.001358163,0.003379166,1
4055,4084,0.002461107,0.008123556,2
4055,4087,0.001480475,0.004060101,1
4055,4089,0.004268247,0.011739467,1
4055,4091,0.000912478,0.001769445,1
4055,4093,0.001281116,0.003756172,1
4056,4003,0.000794956,N/A,1
4056,4004,0.000517552,0.000245376,1
4056,4005,0.000332056,N/A,1
4056,4006,0.000644966,N/A,1
4056,4013,0.00042023,N/A,1
4056,4015,0.000972214,0.002362321,1
4056,4020,0.000351022,9.88013E-05,1
4056,4028,0.000795547,0.000783957,1
4056,4041,0.000524011,N/A,1
4056,4055,0.0004748,0.000536444,1
4056,4056,0.000262348,N/A,1
4056,4061,0.001107717,N/A,1
4056,4066,0.001575519,0.003067628,1
4056,4076,0.002253299,0.006809823,1
4056,4079,0.000587285,0.000479004,1
4056,4080,0.000594693,0.001100402,1
4056,4081,0.00026356,7.56512E-05,1
4056,4084,0.000357613,N/A,1
4056,4091,0.000207421,0.000133517,1
4056,4093,0.000316428,0.000399169,1
4061,4000,0.011137211,0.006936409,2
4061,4003,0.011345391,N/A,2
4061,4004,0.010816335,0.011641594,2
4061,4005,0.009187941,N/A,2
4061,4006,0.0109552,N/A,2
4061,4011,0.003005573,0.000862128,1
4061,4012,0.004009376,0.001181076,1
4061,4013,0.008939909,N/A,2
4061,4015,0.010780333,0.010310482,2
4061,4020,0.008910356,0.002225606,2
4061,4021,0.002218822,4.71355E-05,1
4061,4022,0.003064622,0.002377335,1
4061,4028,0.006699275,0.00373254,1
4061,4036,0.010949073,0.010782356,2
4061,4041,0.005866699,N/A,1
4061,4054,0.011378238,0.017190675,2
4061,4055,0.010170499,0.01170365,2
4061,4056,0.008793967,N/A,2
4061,4061,0.007628512,N/A,1
4061,4066,0.008413443,0.00419259,1
4061,4076,0.014428132,0.027551008,2
4061,4078,0.010485174,0.010196562,2
4061,4079,0.010904923,0.00364412,2
4061,4080,0.005891853,0.001763192,1
4061,4081,0.004176943,0.001079726,1
4061,4084,0.004898422,N/A,1
4061,4091,0.004185803,0.00258705,1
4061,4093,0.005121094,0.003708722,1
4061,4094,0.002145383,5.49286E-05,1
4066,4000,0.001152113,0.001432346,1
4066,4003,0.001354977,0.001268867,1
4066,4004,0.001679882,0.003322761,1
4066,4005,0.000897846,0.001086366,1
4066,4006,0.001323066,0.001270764,1
4066,4011,0.001073021,0.001442795,1
4066,4012,0.001216165,0.001760425,1
4066,4013,0.000985608,0.000992651,1
4066,4015,0.000887249,0.001380845,1
4066,4020,0.001040172,0.001105344,1
4066,4021,0.000857887,0.0010318,1
4066,4022,0.001270488,0.001769202,1
4066,4036,0.001285157,0.001909215,1
4066,4054,0.001241042,0.003027307,1
4066,4055,0.001011392,0.001715758,1
4066,4056,0.000889515,0.001041176,1
4066,4076,0.001718892,0.003945622,1
4066,4078,0.000855744,0.00142185,1
4066,4079,0.001213235,0.001369566,1
4066,4094,0.000761257,0.001013964,1
4068,3007,0.001323538,N/A,1
4068,4000,0.013258791,0.013928567,4
4068,4003,0.014180776,N/A,4
4068,4004,0.005511575,0.008371748,2
4068,4005,0.004013803,N/A,2
4068,4006,0.005054883,N/A,2
4068,4011,0.001466484,0.000798756,1
4068,4012,0.001721676,0.00114235,1
4068,4013,0.012689202,N/A,4
4068,4015,0.005285861,0.007535483,2
4068,4020,0.011102146,0.004529668,4
4068,4021,0.001167526,2.50433E-05,1
4068,4022,0.005981058,0.007666327,2
4068,4023,0.00730939,N/A,2
4068,4028,0.003287404,0.002047095,1
4068,4031,0.003979864,0.000854136,1
4068,4033,0.006604152,0.006841871,1
4068,4035,0.006319779,N/A,1
4068,4036,0.013128194,0.02287881,4
4068,4038,0.003243586,0.001023512,1
4068,4039,0.008324716,0.018048995,1
4068,4041,0.006425074,N/A,2
4068,4054,0.005375146,0.010736758,2
4068,4055,0.012198834,0.018197772,4
4068,4056,0.003845337,N/A,2
4068,4061,0.00362186,N/A,1
4068,4066,0.009977056,0.0115573,2
4068,4068,0.006003214,N/A,1
4068,4069,0.005195351,0.002701544,1
4068,4076,0.016213854,0.04622863,4
4068,4078,0.012868752,0.015870555,4
4068,4079,0.013579796,0.009696541,4
4068,4080,0.01120523,0.011976158,3
4068,4081,0.010642145,0.012195715,3
4068,4083,0.003367678,0.001251037,1
4068,4084,0.00991064,N/A,3
4068,4087,0.004644304,0.001168815,1
4068,4089,0.007790969,0.012043219,1
4068,4091,0.004592463,0.004515277,2
4068,4093,0.006976707,0.008121423,2
4068,4094,0.001083832,4.32025E-05,1
4068,5001,0.008755448,0.019603333,2
4068,5002,0.0022168,0.000821008,1
4068,5005,0.014432536,N/A,2
4069,4000,0.001916563,0.005350596,1
4069,4003,0.00214118,0.005007713,1
4069,4004,0.002515107,0.006246391,1
4069,4005,0.001618225,0.004938766,1
4069,4006,0.002103825,0.005087077,1
4069,4011,0.001826488,0.005235499,1
4069,4012,0.002001086,0.005706844,1
4069,4013,0.001694669,0.004338314,1
4069,4015,0.00158599,0.004779166,1
4069,4020,0.00176627,0.00457824,1
4069,4021,0.001557672,0.004730044,1
4069,4022,0.002044167,0.005373259,1
4069,4036,0.002066262,0.005728934,1
4069,4054,0.002010706,0.006194331,1
4069,4055,0.001755013,0.005453957,1
4069,4056,0.001594518,0.004732956,1
4069,4076,0.002565192,0.006613457,1
4069,4078,0.001577452,0.005243945,1
4069,4079,0.001986299,0.005356964,1
4069,4094,0.001448953,0.004756319,1
4076,4000,0.006596289,0.017672846,1
4076,4003,0.006385555,0.016035469,1
4076,4004,0.006957684,0.018001949,1
4076,4005,0.00558364,0.015039639,1
4076,4006,0.006498539,0.016478096,1
4076,4011,0.006320835,0.016774297,1
4076,4012,0.007599666,0.02008704,1
4076,4013,0.004716265,0.012151091,1
4076,4015,0.004992499,0.013528636,1
4076,4020,0.005126214,0.013284008,1
4076,4021,0.00510532,0.013735357,1
4076,4022,0.006407692,0.017076983,1
4076,4036,0.007181128,0.019477498,1
4076,4054,0.006345501,0.018447437,1
4076,4055,0.006091098,0.017374339,1
4076,4056,0.005166,0.013823338,1
4076,4076,0.006928769,0.017700424,1
4076,4078,0.005681868,0.016325395,1
4076,4079,0.006881811,0.01802538,1
4076,4094,0.004982542,0.013644567,1
4078,4000,0.002699491,0.008121258,1
4078,4013,0.002697182,0.007248379,1
4078,4020,0.002509646,0.007396889,1
4078,4036,0.002945832,0.008794834,1
4078,4078,0.002790032,0.008004093,1
4078,4079,0.003332681,0.008316577,1
4078,4080,0.002971525,0.007923654,1
4078,4081,0.003554532,0.008772181,1
4079,4000,0.003386949,0.005298271,1
4079,4020,0.003055255,0.00425049,1
4079,4036,0.003740931,0.006389854,1
4079,4078,0.003478979,0.005001916,1
4079,4079,0.004047403,0.005632446,1
4079,4080,0.003578476,0.005093904,1
4079,4081,0.004163771,0.006413473,1
4080,3007,0.00054719,0.00236189,1
4080,4000,0.007081845,0.036477624,3
4080,4003,0.007757618,0.034749092,3
4080,4004,0.002486138,0.004314113,1
4080,4005,0.002100586,0.004420747,1
4080,4006,0.002912953,0.005513077,1
4080,4013,0.006539261,0.029286183,3
4080,4015,0.003508513,0.006858928,1
4080,4020,0.005503002,0.029086003,3
4080,4022,0.001495063,0.003614165,1
4080,4023,0.003387742,0.013293539,2
4080,4028,0.003163619,0.005714709,1
4080,4031,0.001998312,0.003770914,1
4080,4033,0.003730529,0.007405058,1
4080,4035,0.003295339,0.005234595,1
4080,4036,0.006844383,0.035316674,3
4080,4038,0.001499596,0.003571873,1
4080,4039,0.005463242,0.016523486,1
4080,4041,0.004536938,0.014290936,2
4080,4054,0.003360641,0.006261295,1
4080,4055,0.006402007,0.03306432,3
4080,4056,0.001982031,0.004389619,1
4080,4061,0.003693036,0.006241205,1
4080,4066,0.007171048,0.019697035,2
4080,4068,0.003088608,0.005059874,1
4080,4069,0.002342692,0.005158502,1
4080,4076,0.009591687,0.048504675,3
4080,4078,0.007131445,0.035541993,3
4080,4079,0.007264191,0.03135898,3
4080,4080,0.007258128,0.033072609,3
4080,4081,0.006295768,0.027935827,3
4080,4083,0.001601135,0.003579765,1
4080,4084,0.006123156,0.029250907,3
4080,4087,0.002015497,0.004762907,1
4080,4089,0.004688838,0.011965532,1
4080,4091,0.003440687,0.016007705,2
4080,4093,0.004481646,0.015319179,2
4081,3007,0.001244806,0.004797166,1
4081,4000,0.005879553,0.025295515,3
4081,4003,0.006720897,0.025159263,3
4081,4004,0.000815464,0.001047899,1
4081,4005,0.000617246,0.001192884,1
4081,4006,0.001054735,0.001574854,1
4081,4013,0.005733767,0.021199535,3
4081,4015,0.001432418,0.00307722,1
4081,4020,0.004719541,0.02027412,3
4081,4022,0.001942885,0.00277457,1
4081,4023,0.004496997,0.014905741,2
4081,4028,0.001211251,0.001747232,1
4081,4031,0.00248358,0.002377454,1
4081,4033,0.004179025,0.006954431,1
4081,4035,0.003540488,0.003002963,1
4081,4036,0.005716178,0.02500872,3
4081,4038,0.001874532,0.001992601,1
4081,4039,0.007292358,0.021826985,1
4081,4041,0.002955584,0.005528544,2
4081,4054,0.001359151,0.002412532,1
4081,4055,0.005444461,0.023861105,3
4081,4056,0.000551561,0.001233501,1
4081,4061,0.001627695,0.001942779,1
4081,4066,0.005137599,0.011035774,2
4081,4068,0.003362805,0.002883573,1
4081,4069,0.002520188,0.002892605,1
4081,4076,0.008304879,0.039001751,3
4081,4078,0.006043416,0.025577696,3
4081,4079,0.006343566,0.022841382,3
4081,4080,0.006346869,0.025392876,3
4081,4081,0.005762321,0.021491539,3
4081,4083,0.002014897,0.002138416,1
4081,4084,0.005296366,0.020662411,3
4081,4087,0.002212821,0.002420242,1
4081,4089,0.005138731,0.012309549,1
4081,4091,0.00265032,0.011723558,2
4081,4093,0.002949007,0.00780619,2
4083,4000,0.002525186,0.004863194,2
4083,4003,0.002851201,0.003501398,2
4083,4004,0.000976016,0.000908531,1
4083,4005,0.000798188,0.001026579,1
4083,4006,0.001346266,0.001417209,1
4083,4013,0.001908099,0.002642568,2
4083,4015,0.001716063,0.002968562,1
4083,4020,0.001437076,0.003327783,2
4083,4022,0.000419878,0.000976865,1
4083,4023,0.000721467,0.000790486,1
4083,4028,0.001474701,0.00165082,1
4083,4031,0.000675097,0.000809251,1
4083,4033,0.001760592,0.00406287,1
4083,4035,0.001498145,0.001330776,1
4083,4036,0.002073613,0.00476971,2
4083,4038,0.000371584,0.000623755,1
4083,4039,0.002186165,0.007852455,1
4083,4041,0.001776089,0.004028791,2
4083,4054,0.001682433,0.002268847,1
4083,4055,0.002026443,0.006556388,2
4083,4056,0.000735753,0.001047936,1
4083,4061,0.002022579,0.001742855,1
4083,4066,0.0038063,0.008140452,2
4083,4068,0.001339681,0.001210626,1
4083,4069,0.000747316,0.001324644,1
4083,4076,0.004685289,0.017500647,2
4083,4078,0.002555313,0.007223892,2
4083,4079,0.002266512,0.004351567,2
4083,4080,0.002387694,0.006681631,2
4083,4081,0.00141676,0.002966088,2
4083,4083,0.000449311,0.000690071,1
4083,4084,0.001527951,0.003305872,2
4083,4087,0.000518298,0.001109189,1
4083,4089,0.002467072,0.008121301,1
4083,4091,0.000598089,0.00096283,1
4083,4093,0.001594295,0.00460835,2
4084,4000,0.001127694,0.000859476,1
4084,4003,0.001387593,N/A,1
4084,4004,0.000968475,0.00035477,1
4084,4005,0.000658979,N/A,1
4084,4006,0.001078784,N/A,1
4084,4013,0.000835606,N/A,1
4084,4015,0.00156424,0.003147601,1
4084,4020,0.000686779,0.000133582,1
4084,4028,0.001316203,0.00110536,1
4084,4036,0.000884844,0.000727086,1
4084,4041,0.000930302,N/A,1
4084,4054,0.001405359,0.001969476,1
4084,4055,0.000856998,0.000698739,1
4084,4056,0.000567091,N/A,1
4084,4061,0.001617702,N/A,1
4084,4066,0.002257249,0.003749658,1
4084,4076,0.003243288,0.009005555,1
4084,4078,0.001056767,0.000580045,1
4084,4079,0.001011097,0.000595032,1
4084,4080,0.001063497,0.001504109,1
4084,4081,0.000549076,0.000147346,1
4084,4084,0.000695376,N/A,1
4084,4091,0.000479796,0.000299155,1
4084,4093,0.000642984,0.000590567,1
4087,4000,0.002390528,0.007992461,2
4087,4003,0.003027119,0.006789249,2
4087,4004,0.002882826,0.008320394,2
4087,4005,0.001674833,0.006751513,2
4087,4006,0.002551992,0.007154445,2
4087,4011,0.000883051,0.002383823,1
4087,4012,0.001064371,0.00289186,1
4087,4013,0.002082669,0.005486333,2
4087,4015,0.002699011,0.010166452,2
4087,4020,0.001896367,0.006096437,2
4087,4021,0.000666923,0.001968473,1
4087,4022,0.001037635,0.002371618,1
4087,4028,0.001313585,0.002285797,1
4087,4036,0.002272005,0.008125994,2
4087,4041,0.00094507,0.001990711,1
4087,4054,0.002822163,0.010626935,2
4087,4055,0.001989214,0.00780425,2
4087,4056,0.001567254,0.006687646,2
4087,4061,0.001676988,0.002554971,1
4087,4066,0.002271654,0.004318993,1
4087,4076,0.005353305,0.020603449,2
4087,4078,0.002019179,0.008342093,2
4087,4079,0.002359641,0.0074872,2
4087,4080,0.001040312,0.002188732,1
4087,4081,0.000546042,0.00151767,1
4087,4084,0.000696698,0.001699279,1
4087,4091,0.000498254,0.001740657,1
4087,4093,0.000673801,0.00206786,1
4087,4094,0.000590315,0.002045608,1
4089,4000,0.008741289,0.043359661,2
4089,4003,0.008940395,0.039884541,2
4089,4004,0.006127741,0.022038013,1
4089,4005,0.00487187,0.019160662,1
4089,4006,0.00568815,0.020903373,1
4089,4011,0.005498959,0.021214271,1
4089,4012,0.006546541,0.025159166,1
4089,4013,0.007464245,0.03507883,2
4089,4015,0.004386067,0.017187284,1
4089,4020,0.00716239,0.036873016,2
4089,4021,0.004474424,0.017574114,1
4089,4022,0.008325258,0.041798354,2
4089,4023,0.002201668,0.006300593,1
4089,4031,0.002091732,0.005609927,1
4089,4033,0.003794715,0.009320355,1
4089,4035,0.003280387,0.007474066,1
4089,4036,0.008897962,0.045471876,2
4089,4038,0.001559244,0.005311564,1
4089,4039,0.005968817,0.01924746,1
4089,4041,0.001233384,0.004426695,1
4089,4054,0.005549336,0.022032803,1
4089,4055,0.008151345,0.042221043,2
4089,4056,0.004529079,0.017680177,1
4089,4066,0.002204956,0.006633178,1
4089,4068,0.003087192,0.007248587,1
4089,4069,0.002305225,0.007122849,1
4089,4076,0.00906214,0.043230723,2
4089,4078,0.008183295,0.041569454,2
4089,4079,0.008782235,0.042901396,2
4089,4080,0.002029111,0.005989623,1
4089,4081,0.001805561,0.006116305,1
4089,4083,0.001673868,0.005319235,1
4089,4084,0.001528282,0.005353301,1
4089,4087,0.001990528,0.006703364,1
4089,4089,0.004748884,0.01371503,1
4089,4093,0.001645903,0.005793665,1
4089,4094,0.004359277,0.017469423,1
4091,4003,0.000933509,0.001183691,1
4091,4013,0.000694049,0.000891218,1
4091,4020,0.000306621,0.00055767,1
4091,4022,0.00052854,0.001354817,1
4091,4023,0.000822011,0.001056748,1
4091,4031,0.000900143,0.001315164,1
4091,4033,0.002218074,0.005674277,1
4091,4035,0.001673066,0.002104715,1
4091,4036,0.000539589,0.001020609,1
4091,4038,0.000400667,0.000605475,1
4091,4039,0.003899322,0.014681787,1
4091,4041,0.000274166,0.000420075,1
4091,4055,0.000590914,0.001969004,1
4091,4066,0.000782538,0.001371155,1
4091,4068,0.001520992,0.001916022,1
4091,4069,0.000741327,0.001456681,1
4091,4076,0.000632753,0.001995446,1
4091,4078,0.000806772,0.002328367,1
4091,4079,0.000652431,0.001111225,1
4091,4080,0.000815979,0.002260494,1
4091,4081,0.000433876,0.000622477,1
4091,4083,0.000537189,0.000865665,1
4091,4084,0.000342308,0.000499633,1
4091,4087,0.000483435,0.001108778,1
4091,4089,0.003051076,0.01071791,1
4091,4093,0.000416513,0.001081258,1
4093,4003,0.001454232,0.003356813,1
4093,4013,0.001174813,0.003063941,1
4093,4020,0.000760689,0.002732218,1
4093,4022,0.001029656,0.003330139,1
4093,4023,0.001481251,0.003894657,1
4093,4031,0.001448056,0.003521892,1
4093,4033,0.002946833,0.007272751,1
4093,4035,0.002439769,0.004880256,1
4093,4036,0.001255973,0.004129498,1
4093,4038,0.000971467,0.00329943,1
4093,4039,0.004767662,0.016628311,1
4093,4041,0.000757388,0.002811111,1
4093,4055,0.001160303,0.003816489,1
4093,4066,0.001467489,0.004145222,1
4093,4068,0.002265324,0.004679503,1
4093,4069,0.001505334,0.004441755,1
4093,4076,0.001156055,0.003657351,1
4093,4078,0.001456389,0.004330978,1
4093,4079,0.001290498,0.003769954,1
4093,4080,0.001381816,0.003984739,1
4093,4081,0.001112065,0.003750276,1
4093,4083,0.001082563,0.003307637,1
4093,4084,0.000933851,0.003326876,1
4093,4087,0.001227734,0.004133119,1
4093,4089,0.003840713,0.011998877,1
4093,4093,0.001022697,0.003627952,1
4094,4000,0.000500966,0.000597217,1
4094,4003,0.000621356,0.000424725,1
4094,4004,0.000820457,0.002041302,1
4094,4005,0.000315697,0.000370417,1
4094,4006,0.000610493,0.000433118,1
4094,4011,0.000441161,0.000803427,1
4094,4012,0.000556448,0.001192451,1
4094,4013,0.000374411,0.000287203,1
4094,4015,0.000319907,0.000771536,1
4094,4020,0.000410432,0.00037287,1
4094,4021,0.000296549,0.00034179,1
4094,4022,0.000575929,0.00088482,1
4094,4036,0.000609495,0.001071798,1
4094,4054,0.000556014,0.001956509,1
4094,4055,0.000395732,0.000858925,1
4094,4056,0.000318651,0.000340456,1
4094,4076,0.000830665,0.002485986,1
4094,4078,0.000277083,0.000622874,1
4094,4079,0.000549612,0.000595072,1
4094,4094,0.000220744,0.000360085,1
5001,5001,0.004046627,0.004634744,2
5001,5002,0.000346834,0.000366201,1
5001,5005,0.007375839,0.003873885,2
5002,5001,0.000376879,0.000798726,1
5002,5005,0.000329598,5.651E-05,1
5005,4000,0.001239276,0.002066058,2
5005,4003,0.001743313,N/A,2
5005,4004,0.001647675,0.003706534,2
5005,4005,0.000714852,N/A,2
5005,4006,0.001370687,N/A,2
5005,4011,0.000486181,0.000578143,1
5005,4012,0.000675661,0.001003176,1
5005,4013,0.001045708,N/A,2
5005,4015,0.001510055,0.004927249,2
5005,4020,0.000895826,0.000521096,2
5005,4021,0.000324783,7.41382E-06,1
5005,4022,0.000571518,0.000679143,1
5005,4028,0.000649752,0.000744228,1
5005,4036,0.001173152,0.002486536,2
5005,4041,0.00039381,N/A,1
5005,4054,0.001605743,0.005861536,2
5005,4055,0.000934288,0.002151518,2
5005,4056,0.000584558,N/A,2
5005,4061,0.000907209,N/A,1
5005,4066,0.001358715,0.00298135,1
5005,4076,0.003592289,0.014932365,2
5005,4078,0.000918321,0.001603756,2
5005,4079,0.001266629,0.001582669,2
5005,4080,0.000480799,0.001114648,1
5005,4081,0.000171564,6.01646E-05,1
5005,4084,0.000253834,N/A,1
5005,4091,6.69966E-05,6.69297E-05,1
5005,4093,0.000174461,0.00040898,1
5005,4094,0.000277519,2.90626E-05,1
5005,5001,0.01850341,0.012233543,2
5005,5002,0.005183069,0.001830202,1
5005,5005,0.025299383,N/A,2
6002,6002,0.021657872,0.043550093,3
6002,6003,0.008272123,0.037275586,2
6002,6005,0.000849182,0.003076783,2
6002,6006,0.012655962,0.020253867,3
6002,6008,0.005486949,0.013350506,3
6002,6017,0.001426559,0.00536529,3
6002,6018,0.001349168,0.003034793,3
6002,6019,0.003565032,0.001795434,2
6002,6021,0.005240212,0.028746025,4
6002,6023,0.017131838,0.057091085,4
6002,6024,0.003422592,0.005978259,2
6002,6033,0.025004665,0.061831416,2
6002,6038,0.006435332,0.017079531,3
6002,6040,0.007475047,0.04547181,3
6002,6048,0.000145068,0.00024592,1
6002,6052,0.014787968,0.02587997,2
6002,6053,0.001054089,0.002740171,2
6002,6082,0.001627311,0.005409378,3
6002,6085,0.003759808,0.009164439,4
6002,6086,0.005150043,0.020478298,3
6002,6092,0.003044722,0.006735663,4
6002,6094,0.005855673,0.042936012,2
6002,6095,0.004983705,0.021370112,5
6002,6096,0.001583142,0.000821508,1
6003,6002,0.04421309,0.306278617,3
6003,6005,0.004846285,0.028723711,2
6003,6006,0.021892515,0.109655192,3
6003,6008,0.025318887,0.189879745,3
6003,6017,0.008418126,0.067381134,3
6003,6018,0.00707115,0.054523133,3
6003,6019,0.016675944,0.086957556,2
6003,6021,0.014078522,0.109141631,4
6003,6023,0.032813907,0.258608122,4
6003,6024,0.015483766,0.109261622,2
6003,6033,0.032746878,0.145478398,2
6003,6038,0.028195157,0.214239332,3
6003,6040,0.028375284,0.203644832,3
6003,6048,0.001254244,0.006881393,1
6003,6052,0.032976407,0.197035027,2
6003,6053,0.00583979,0.033337954,2
6003,6082,0.008587393,0.066622129,3
6003,6085,0.008674094,0.062861707,4
6003,6086,0.008631757,0.052582163,3
6003,6092,0.009336052,0.070576683,4
6003,6094,0.013902266,0.085908359,2
6003,6095,0.013245035,0.120792628,5
6003,6096,0.009032307,0.043196885,1
6005,6002,0.001186563,0.003173806,2
6005,6003,0.003991905,0.016795701,2
6005,6005,0.001519138,0.005193147,2
6005,6006,0.002302062,0.0050517,2
6005,6007,0.002507914,0.007104189,3
6005,6008,0.002709766,0.008244267,3
6005,6017,0.002297813,0.009111449,3
6005,6018,0.002284387,0.006909845,3
6005,6019,0.001958132,0.003783047,2
6005,6021,0.001402464,0.005238413,2
6005,6023,0.001250363,0.003576229,2
6005,6024,0.001568176,0.00331459,2
6005,6025,0.001551006,0.001545983,1
6005,6038,0.003136768,0.009447426,3
6005,6040,0.003453703,0.016671101,3
6005,6048,0.000253639,0.000549468,1
6005,6053,0.001735786,0.00519079,2
6005,6082,0.002537774,0.008890796,3
6005,6085,0.001003906,0.002973684,2
6005,6092,0.002729533,0.008606507,3
6005,6094,0.009373544,0.066631624,2
6005,6095,0.002363344,0.008132691,3
6005,6096,0.000725023,0.00072437,1
6006,6002,0.003120004,0.002012156,2
6006,6003,0.011240175,0.045577943,2
6006,6005,0.001319663,0.003655132,2
6006,6006,0.013151516,N/A,3
6006,6008,0.007416418,0.009144728,3
6006,6017,0.00196469,0.004902275,3
6006,6018,0.001994605,N/A,3
6006,6019,0.005364894,N/A,2
6006,6021,0.001197615,0.003718872,2
6006,6023,0.006159911,N/A,3
6006,6024,0.004755106,N/A,2
6006,6033,0.006098254,0.013337273,1
6006,6038,0.008605652,N/A,3
6006,6040,0.009853657,0.046054271,3
6006,6048,0.00025928,N/A,1
6006,6053,0.00157117,0.002864574,2
6006,6082,0.002207247,0.00497521,3
6006,6085,0.001483514,N/A,3
6006,6086,0.000850442,0.002849262,1
6006,6092,0.003447676,N/A,4
6006,6094,0.008304104,0.057890923,2
6006,6095,0.002896111,0.010164993,4
6006,6096,0.002292443,N/A,1
6007,6005,0.000502716,0.000782358,1
6007,6007,0.00570692,N/A,3
6007,6017,0.002211452,0.00283636,2
6007,6018,0.001704075,N/A,2
6007,6021,0.003185274,0.011054326,2
6007,6025,0.006498176,0.005036921,3
6007,6048,0.000201817,N/A,1
6007,6053,0.000828231,0.001252516,1
6007,6078,0.000573798,N/A,1
6007,6082,0.002249658,0.002756796,2
6007,6085,0.003741577,N/A,3
6007,6086,0.003431293,0.009950186,2
6007,6092,0.004024126,N/A,3
6007,6094,0.001605834,0.00722571,1
6007,6095,0.005847166,0.013586291,4
6008,6002,0.032057756,0.05470062,2
6008,6003,0.004375305,0.010248708,1
6008,6005,0.000619998,0.001110158,1
6008,6006,0.016430084,0.048587517,2
6008,6008,0.00645663,0.008413651,2
6008,6017,0.001987869,0.003233251,2
6008,6018,0.001673807,0.001243479,2
6008,6019,0.002545583,0.000775947,1
6008,6021,0.007323712,0.025329324,3
6008,6023,0.031858602,0.127078746,3
6008,6024,0.006198998,0.004522442,2
6008,6033,0.040525468,0.119286614,2
6008,6038,0.005650647,0.004202179,2
6008,6040,0.008961013,0.027802475,2
6008,6048,0.000272988,0.000168478,1
6008,6052,0.025851308,0.052266847,2
6008,6053,0.000889176,0.001581369,1
6008,6082,0.002073154,0.003113006,2
6008,6085,0.006168891,0.021548111,3
6008,6086,0.007964072,0.030211358,3
6008,6092,0.004202865,0.011756726,3
6008,6094,0.002216816,0.010485522,1
6008,6095,0.008262155,0.031257293,4
6008,6096,0.0023921,0.00076332,1
6017,6002,0.00105704,0.001882888,1
6017,6006,0.001732331,0.002090528,2
6017,6007,0.002010054,0.00209802,2
6017,6008,0.000526946,0.000636036,1
6017,6017,0.000581267,0.001301911,1
6017,6018,0.000297716,0.000384059,1
6017,6021,0.002481512,0.010675876,2
6017,6023,0.001349,0.004610773,3
6017,6024,0.000551558,0.000469691,1
6017,6025,0.003052333,0.006405469,3
6017,6033,0.002225071,0.006421844,2
6017,6038,0.000287812,0.000513096,1
6017,6040,0.000937106,0.002184281,1
6017,6052,0.001355243,0.003842318,2
6017,6078,0.001937749,0.003089442,2
6017,6082,0.000520272,0.000996627,1
6017,6085,0.001988374,0.003272241,2
6017,6086,0.003761807,0.017672211,3
6017,6092,0.001883412,0.002055235,2
6017,6095,0.0028254,0.011773211,3
6018,6006,0.000901865,N/A,1
6018,6007,0.000569005,N/A,1
6018,6008,0.000580436,0.000426274,1
6018,6017,0.000648582,0.001164043,1
6018,6018,0.000335254,N/A,1
6018,6023,0.000293347,N/A,1
6018,6024,0.000602926,N/A,1
6018,6025,0.001125878,0.000281559,1
6018,6038,0.000346406,N/A,1
6018,6040,0.000998134,0.002121085,1
6018,6082,0.000581979,0.00085262,1
6018,6092,0.000935917,N/A,1
6018,6095,0.000424656,0.000714444,1
6019,6006,0.021064644,N/A,2
6019,6008,0.002652901,0.001546942,1
6019,6017,0.001010875,0.001078303,1
6019,6018,0.000484923,N/A,1
6019,6023,0.014404349,N/A,2
6019,6024,0.002669698,N/A,1
6019,6033,0.012560942,0.011866926,1
6019,6038,0.001971907,N/A,1
6019,6040,0.004036677,0.006238064,1
6019,6082,0.000898433,0.000906727,1
6019,6085,0.001303162,N/A,1
6019,6086,0.001909656,0.003229627,1
6019,6092,0.003818327,N/A,2
6019,6095,0.002586753,0.00334462,2
6021,6002,0.001457007,0.002648635,1
6021,6021,0.003197113,0.013296083,2
6021,6023,0.000555244,0.001037073,1
6021,6025,0.000721854,0.001171286,1
6021,6033,0.001313354,0.002359891,1
6021,6052,0.001825949,0.004870582,2
6021,6078,0.002593648,0.004125327,2
6021,6085,0.00146231,0.001614294,1
6021,6086,0.002880044,0.008911428,2
6021,6095,0.001502761,0.002605198,1
6023,6002,0.010786108,0.023336936,2
6023,6003,0.002366417,0.006986585,1
6023,6005,0.000278383,0.000766374,1
6023,6006,0.008284158,N/A,2
6023,6008,0.003322389,0.006664461,2
6023,6017,0.001019388,0.002067218,2
6023,6018,0.000740572,N/A,2
6023,6019,0.001236143,N/A,1
6023,6021,0.002019642,0.011319046,2
6023,6023,0.007476058,N/A,3
6023,6024,0.003164035,N/A,2
6023,6033,0.015676266,0.044199509,2
6023,6038,0.0026627,N/A,2
6023,6040,0.005136604,0.024648561,2
6023,6048,8.397E-05,N/A,1
6023,6052,0.002633035,0.006584983,1
6023,6053,0.000448009,0.001241092,1
6023,6082,0.00107752,0.001854753,2
6023,6085,0.001968817,N/A,3
6023,6086,0.002059142,0.008833906,2
6023,6092,0.002235201,N/A,3
6023,6094,0.001139815,0.006002675,1
6023,6095,0.003060733,0.013587199,4
6023,6096,0.001144979,N/A,1
6024,6002,0.002838086,0.001704368,2
6024,6003,0.009570193,0.038153684,2
6024,6005,0.001206033,0.003233594,2
6024,6006,0.029447954,N/A,3
6024,6008,0.008802036,0.009906142,3
6024,6017,0.002597698,0.005507968,3
6024,6018,0.002293978,N/A,3
6024,6019,0.0046133,N/A,2
6024,6021,0.001068995,0.003170847,2
6024,6023,0.021130445,N/A,3
6024,6024,0.006062237,N/A,2
6024,6033,0.012723064,0.00998783,1
6024,6038,0.009802204,N/A,3
6024,6040,0.011097867,0.0478161,3
6024,6048,0.000257515,N/A,1
6024,6053,0.00153937,0.002680882,2
6024,6082,0.002762988,0.005569391,3
6024,6085,0.003301539,N/A,3
6024,6086,0.002025363,0.00310893,1
6024,6092,0.006279982,N/A,4
6024,6094,0.006300912,0.043535423,2
6024,6095,0.005186209,0.008409733,4
6024,6096,0.002277854,N/A,1
6025,6005,0.001260917,0.003686512,2
6025,6007,0.007756296,0.017130872,4
6025,6017,0.003358797,0.010540799,3
6025,6018,0.00298843,0.006467461,3
6025,6021,0.003804169,0.018079801,3
6025,6025,0.007203755,0.009601347,3
6025,6048,0.000185443,0.000395861,1
6025,6053,0.001678199,0.00424638,2
6025,6078,0.000550141,0.000254266,1
6025,6082,0.003492316,0.009391411,3
6025,6085,0.00433795,0.011335048,4
6025,6086,0.003303755,0.010175675,2
6025,6092,0.005524534,0.014568548,4
6025,6094,0.006436922,0.043676949,2
6025,6095,0.006872819,0.022670326,5
6033,6002,0.017428024,0.02543493,1
6033,6006,0.014715674,0.029733309,2
6033,6008,0.004691576,0.008421345,1
6033,6017,0.001559196,0.003081707,1
6033,6018,0.001054565,0.001847421,1
6033,6021,0.004052481,0.015496554,2
6033,6023,0.019180246,0.054892001,3
6033,6024,0.004821739,0.008154761,1
6033,6033,0.027933892,0.068663682,2
6033,6038,0.003560681,0.006390969,1
6033,6040,0.006778479,0.014862103,1
6033,6052,0.015938305,0.035958628,2
6033,6082,0.0014696,0.002898008,1
6033,6085,0.003081551,0.004860489,2
6033,6086,0.005413028,0.021945585,3
6033,6092,0.00323498,0.0063083,2
6033,6095,0.004723689,0.016183729,3
6038,6002,0.007111249,0.005073906,2
6038,6003,0.017262231,0.057969778,2
6038,6005,0.002670707,0.006167065,2
6038,6006,0.008353882,N/A,2
6038,6008,0.010247146,0.015425914,3
6038,6017,0.002723641,0.00777328,3
6038,6018,0.002896152,N/A,3
6038,6019,0.010151197,N/A,2
6038,6021,0.002618127,0.007280091,2
6038,6023,0.00558851,N/A,2
6038,6024,0.00399487,N/A,2
6038,6038,0.011458577,N/A,3
6038,6040,0.012588436,0.051293968,3
6038,6048,0.000440257,N/A,1
6038,6053,0.002801429,0.00549284,2
6038,6082,0.003020236,0.006863773,3
6038,6085,0.002104154,N/A,2
6038,6092,0.003204049,N/A,3
6038,6094,0.012567182,0.08313842,2
6038,6095,0.002988381,0.008376856,3
6038,6096,0.003502435,N/A,1
6040,6002,0.00367437,0.01451196,1
6040,6003,0.007935264,0.024372294,1
6040,6005,0.001404065,0.005443246,1
6040,6006,0.017159163,0.047776553,1
6040,6008,0.019930642,0.099949833,2
6040,6017,0.006234605,0.034471583,2
6040,6018,0.005739448,0.029763564,2
6040,6019,0.005373856,0.016837862,1
6040,6021,0.001369344,0.005220206,1
6040,6023,0.011721481,0.039266797,1
6040,6024,0.019518789,0.099359235,2
6040,6038,0.018867142,0.097608953,2
6040,6040,0.023024986,0.111243522,2
6040,6048,0.000801434,0.003634853,1
6040,6053,0.001727657,0.006377256,1
6040,6082,0.006341948,0.032932388,2
6040,6085,0.000768642,0.00349274,1
6040,6092,0.006547567,0.034901858,2
6040,6094,0.004072944,0.018349703,1
6040,6095,0.005872717,0.03050943,2
6040,6096,0.00514029,0.016567242,1
6048,6002,0.000310131,0.000317918,1
6048,6003,0.001128484,0.003146334,1
6048,6005,0.000433192,0.001036576,1
6048,6008,0.00032261,0.000496602,1
6048,6017,0.000246146,0.000271067,1
6048,6018,0.000319556,N/A,1
6048,6019,0.000611599,N/A,1
6048,6021,0.000426997,0.001420453,1
6048,6024,0.000235573,N/A,1
6048,6038,0.000407105,N/A,1
6048,6040,0.00039628,0.001508769,1
6048,6048,0.000157497,N/A,1
6048,6053,0.00062115,0.001507317,1
6048,6082,0.000371833,0.000379048,1
6048,6085,0.000150551,N/A,1
6048,6092,0.000162429,N/A,1
6048,6094,0.001880675,0.009661579,1
6048,6095,0.000273215,0.000499346,1
6048,6096,0.000568042,N/A,1
6052,6021,0.001593161,0.001831318,1
6052,6052,0.009773722,0.00805887,1
6052,6086,0.001943476,0.002814446,1
6053,6002,0.001413123,0.00099943,1
6053,6003,0.002791398,0.005212781,1
6053,6005,0.001617294,0.002409522,1
6053,6008,0.001450804,0.001171432,1
6053,6017,0.001289121,0.00141561,1
6053,6018,0.001420203,0.000885096,1
6053,6019,0.001963422,0.000904999,1
6053,6021,0.001672092,0.002959447,1
6053,6024,0.001280916,0.000808508,1
6053,6038,0.001535129,0.000925551,1
6053,6040,0.001632708,0.002919446,1
6053,6048,0.001091848,0.000798129,1
6053,6053,0.001806702,0.002508167,1
6053,6082,0.001490437,0.001437087,1
6053,6085,0.001070383,0.000784209,1
6053,6092,0.001099503,0.000789641,1
6053,6094,0.00480965,0.020071333,1
6053,6095,0.001356303,0.001175376,1
6053,6096,0.001885488,0.000902073,1
6078,6007,0.002837197,N/A,2
6078,6017,0.000702037,0.001175512,1
6078,6018,0.000368164,N/A,1
6078,6021,0.004033415,0.013174883,2
6078,6025,0.005098482,0.004299175,3
6078,6078,0.004147114,N/A,2
6078,6082,0.000631917,0.000874307,1
6078,6085,0.002935064,N/A,2
6078,6086,0.005491572,0.020516916,3
6078,6092,0.00218058,N/A,2
6078,6095,0.003840641,0.01138693,3
6082,6002,0.003029562,0.017539655,2
6082,6003,0.006683603,0.03126656,2
6082,6005,0.003677443,0.0214142,2
6082,6006,0.004627536,0.024949557,2
6082,6007,0.005309082,0.03055792,3
6082,6008,0.005975694,0.033955045,3
6082,6017,0.005635294,0.0359633,3
6082,6018,0.005222575,0.029826644,3
6082,6019,0.003908823,0.019568533,2
6082,6021,0.003194547,0.018985446,2
6082,6023,0.003417815,0.0195187,2
6082,6024,0.002543451,0.005868738,2
6082,6025,0.00231761,0.002206159,1
6082,6038,0.006668377,0.033364617,3
6082,6040,0.006625037,0.040252313,3
6082,6048,0.000395586,0.000946469,1
6082,6053,0.004288114,0.024612344,2
6082,6082,0.005827218,0.034957792,3
6082,6085,0.002822842,0.016601764,2
6082,6092,0.005819552,0.03505343,3
6082,6094,0.012630597,0.080352494,2
6082,6095,0.005382468,0.031338152,3
6082,6096,0.000992877,0.001357908,1
6085,6002,0.000765025,0.001372185,1
6085,6021,0.002216774,0.010043963,2
6085,6023,0.000242042,N/A,1
6085,6025,0.000327027,0.000395718,1
6085,6033,0.000708067,0.001226183,1
6085,6052,0.001311438,0.003719914,2
6085,6078,0.00203848,N/A,2
6085,6085,0.000807855,N/A,1
6085,6086,0.002101342,0.006859477,2
6085,6095,0.000888817,0.001422484,1
6086,6002,0.001651291,0.002496513,1
6086,6006,0.001054385,0.002687771,1
6086,6007,0.001886329,0.003554561,1
6086,6021,0.004325107,0.017589667,2
6086,6023,0.002096313,0.007092399,2
6086,6025,0.002814364,0.008083417,2
6086,6033,0.003721948,0.010161764,2
6086,6052,0.003034539,0.008552054,2
6086,6078,0.003903489,0.007748796,2
6086,6085,0.003639635,0.010413067,2
6086,6086,0.007088988,0.029345131,3
6086,6092,0.001406085,0.00333691,1
6086,6095,0.003539744,0.010809327,2
6092,6006,0.00087341,N/A,1
6092,6007,0.000536724,N/A,1
6092,6008,0.000541721,0.000421963,1
6092,6017,0.00059523,0.001184982,1
6092,6018,0.000308291,N/A,1
6092,6023,0.0002703,N/A,1
6092,6024,0.000567306,N/A,1
6092,6025,0.001088433,0.00027278,1
6092,6038,0.000297835,N/A,1
6092,6040,0.000961491,0.002151921,1
6092,6082,0.000533863,0.000855061,1
6092,6092,0.000895364,N/A,1
6092,6095,0.00039164,0.000744127,1
6094,6002,0.003722747,0.020993407,1
6094,6003,0.008940185,0.047150953,1
6094,6005,0.005085755,0.028951046,1
6094,6006,0.004840713,0.023577734,1
6094,6007,0.011602777,0.088244768,2
6094,6008,0.012413376,0.094654496,2
6094,6017,0.015308249,0.118593896,2
6094,6018,0.010398647,0.079962359,2
6094,6019,0.005952422,0.032552304,1
6094,6021,0.004258687,0.023993628,1
6094,6023,0.001824537,0.009546366,1
6094,6024,0.010747889,0.081840847,2
6094,6025,0.006365617,0.030833731,1
6094,6038,0.014183618,0.109429519,2
6094,6040,0.014805617,0.110361622,2
6094,6048,0.002060519,0.011789842,1
6094,6053,0.008575883,0.048165727,1
6094,6082,0.015343159,0.118366145,2
6094,6085,0.001907107,0.010914006,1
6094,6092,0.012201897,0.092308459,2
6094,6094,0.01051363,0.05230173,1
6094,6095,0.010040251,0.077166527,2
6094,6096,0.00567389,0.031165283,1
6095,6002,0.00484515,0.016438527,1
6095,6006,0.00485993,0.022305665,2
6095,6007,0.00516639,0.021628276,2
6095,6008,0.002290079,0.007597503,1
6095,6017,0.002560344,0.008710205,1
6095,6018,0.001585327,0.005609081,1
6095,6021,0.008755091,0.034995594,2
6095,6023,0.007562847,0.053500054,3
6095,6024,0.002305395,0.007390604,1
6095,6025,0.010164495,0.060332276,3
6095,6033,0.007028337,0.033267413,2
6095,6038,0.001891493,0.007035867,1
6095,6040,0.003033866,0.008948343,1
6095,6052,0.006781801,0.030994173,2
6095,6078,0.007460436,0.030829009,2
6095,6082,0.002388913,0.008289108,1
6095,6085,0.007047226,0.037004109,2
6095,6086,0.011427724,0.061802728,3
6095,6092,0.005218706,0.023398594,2
6095,6095,0.009976182,0.062630313,3
6096,6002,0.001597203,0.000472557,1
6096,6003,0.003014693,0.005079176,1
6096,6005,0.001826823,0.002394768,1
6096,6006,0.002075589,N/A,1
6096,6008,0.003459674,0.002535011,2
6096,6017,0.003309143,0.004260313,2
6096,6018,0.003036631,N/A,2
6096,6019,0.002170162,N/A,1
6096,6021,0.00185113,0.002850642,1
6096,6023,0.000976528,N/A,1
6096,6024,0.003347301,N/A,2
6096,6038,0.003135895,N/A,2
6096,6040,0.004360044,0.009076143,2
6096,6048,0.00122537,N/A,1
6096,6053,0.002066055,0.002447732,1
6096,6082,0.003444182,0.004161488,2
6096,6085,0.001194448,N/A,1
6096,6092,0.003642865,N/A,2
6096,6094,0.004964404,0.019679897,1
6096,6095,0.003128532,0.003179545,2
6096,6096,0.002090624,N/A,1