"source_id","target_id","NPS_mean_total","NPS_stdev_total","parcel_count"
1000,1002,0.022507537964863,0.004511190925412,1
1000,1004,0.009576398134333,0.001807448006599,1
1000,1005,0.00813436262285,0.00389860204608,1
1000,1006,0.005422308362825,0.003437396716838,1
1000,1009,0.006379804163681,0.001501576778849,1
1000,1010,0.009089510392543,0.001715552884238,1
1000,1013,0.016908665485412,0.00339067516714,1
1000,1026,0.016618167070027,0.003136576526735,1
1000,1027,0.014863225099101,0.00622412721916,1
1000,1035,0.007266452037603,0.00269614396119,1
1000,1036,0.019186607917402,0.003621277618917,1
1000,1041,0.011624069150249,0.002193925139647,1
1000,1043,0.024698798913116,0.004661647754686,1
1001,1000,0.000750971331649,0.000116252935275,1
1001,1001,0.000673597118361,0.000242055803318,1
1001,1002,0.033108673876958,0.004327175641027,1
1001,1004,0.014388595986796,0.001577405787074,2
1001,1005,0.012578135103952,0.005442654685245,2
1001,1006,0.008979957880291,0.004920232441735,3
1001,1009,0.010852730232591,0.001766560870669,3
1001,1010,0.015329061298238,0.001585485380951,3
1001,1013,0.024872711183473,0.003254527625105,1
1001,1026,0.026976344839674,0.00286124313232,3
1001,1027,0.023434731259985,0.008548070984446,3
1001,1035,0.012574251294549,0.003694473013866,3
1001,1036,0.031516473588712,0.00329793681652,3
1001,1040,0.001198695616284,0.000329264453211,2
1001,1041,0.017958764893456,0.001917046210671,2
1001,1043,0.037775638542098,0.004090250135813,3
1002,1000,0.002808243204437,0.001293137324843,1
1002,1001,0.002518903785596,0.001418677204926,1
1002,1002,0.036291964060872,0.004865578233147,1
1002,1004,0.016569447917724,0.00185989288104,2
1002,1005,0.015406409593183,0.00610274843608,2
1002,1006,0.009731952964219,0.005406761976674,2
1002,1009,0.012141383581344,0.002153248212728,2
1002,1010,0.017477439001647,0.002121121869228,2
1002,1013,0.027264140621327,0.003659257655465,1
1002,1026,0.029353482801671,0.003343879909399,2
1002,1027,0.025476851591104,0.009408951899956,2
1002,1035,0.013897202846557,0.004135512042107,2
1002,1036,0.035065201954811,0.004038263601307,2
1002,1040,0.001640581470767,0.000739123020133,1
1002,1041,0.021957955460279,0.002610348672442,2
1002,1043,0.041461801522934,0.004672868064941,2
1004,1000,0.021252043689165,0.001168790448412,2
1004,1001,0.025603631441652,0.004746632816413,2
1004,1002,0.026707529755294,0.001801430754073,1
1004,1004,0.017758429723115,"N/A",3
1004,1005,0.021490294061969,0.005362610582713,3
1004,1006,0.0120960403908,0.003930217067227,3
1004,1007,0.005389248868065,"N/A",1
1004,1008,0.012554962875876,0.008541902438469,1
1004,1009,0.019752947453157,0.00340334500762,3
1004,1010,0.052262909737468,"N/A",3
1004,1013,0.020063886475675,0.001359183489917,1
1004,1026,0.027677914594097,0.001438228419955,2
1004,1027,0.027411081535772,0.006874652532155,3
1004,1035,0.032962553305464,0.011381093113687,3
1004,1036,0.055792692620985,"N/A",3
1004,1040,0.00510485424687,"N/A",1
1004,1041,0.036302364451074,"N/A",3
1004,1043,0.038379149260449,"N/A",3
1005,1000,0.017630568187903,0.0040093652888,2
1005,1001,0.022137942925499,0.006713623017541,2
1005,1004,0.005011411035313,0.001028219867677,2
1005,1005,0.009067074363248,0.00329514049056,2
1005,1006,0.004447243200593,0.001021571794565,2
1005,1007,0.005210183583508,0.001543610733715,1
1005,1008,0.012137806783256,0.009007081306936,1
1005,1009,0.0098527811188,0.003457396546218,2
1005,1010,0.03717034000197,0.009489949400092,2
1005,1026,0.005038992208886,0.001659570759948,1
1005,1027,0.007881081854624,0.00241794917242,2
1005,1035,0.021267741598518,0.011797538618418,2
1005,1036,0.027642999455189,0.006198935489266,2
1005,1040,0.00323208675097,0.000889977809998,1
1005,1041,0.01842379978175,0.003983945700404,2
1005,1043,0.007071062470444,0.001444688298362,2
1006,1000,0.005856779663812,0.000889071367994,1
1006,1001,0.008314788308702,0.002166507415905,1
1006,1004,0.001350137961278,0.000184835731975,1
1006,1005,0.002205132825427,0.001187389590004,1
1006,1006,0.00120986658221,0.000256601780263,1
1006,1007,0.002522291047711,0.000345305091353,1
1006,1008,0.005876008186189,0.004077935158709,1
1006,1009,0.003001244662756,0.001247208524042,1
1006,1010,0.015303794208076,0.002095110340996,1
1006,1027,0.002374342093162,0.00085935125793,1
1006,1035,0.008216250777438,0.005231747783876,1
1006,1036,0.009445155671822,0.001293054719065,1
1006,1041,0.005852958167908,0.000801277971742,1
1006,1043,0.001862304871607,0.000254952081918,1
1007,1000,0.004102736006152,0.000269093479482,1
1007,1001,0.005824597020171,0.00129130036974,1
1007,1004,0.000945785900267,"N/A",1
1007,1005,0.001544718831942,0.000804446961824,1
1007,1006,0.000847524317868,0.000137290036356,1
1007,1007,0.001766891516062,"N/A",1
1007,1008,0.004116205789143,0.002800504359522,1
1007,1009,0.002102403581484,0.000824912161933,1
1007,1010,0.010720469461428,"N/A",1
1007,1027,0.001663251710957,0.000557258965262,1
1007,1035,0.005755570438896,0.003579189040707,1
1007,1036,0.006616431295499,"N/A",1
1007,1041,0.004100059007913,"N/A",1
1007,1043,0.001304564229791,"N/A",1
1008,1000,0.038409855747553,0.016976825714382,1
1008,1001,0.054529935876194,0.026725478190508,1
1008,1004,0.00885445710932,0.003870263897399,1
1008,1005,0.014461673238655,0.009832432139193,1
1008,1006,0.007934531186757,0.003698675568355,1
1008,1007,0.016541656141601,0.007230321834259,1
1008,1008,0.038535959991375,0.03116282521888,1
1008,1009,0.019682723472056,0.011561078877007,1
1008,1010,0.100365142905139,0.043869385140982,1
1008,1027,0.015571379243986,0.008575682613201,1
1008,1035,0.05388370832815,0.040957674409448,1
1008,1036,0.061943096324663,0.027075192350993,1
1008,1041,0.038384793663124,0.016777909621035,1
1008,1043,0.012213343438267,0.005338425788511,1
1009,1000,0.010079130505373,0.001091550998966,1
1009,1001,0.009040655718632,0.003090997377954,1
1009,1004,0.004048957929533,0.000208836811458,1
1009,1005,0.00822006313464,0.002524546794776,1
1009,1006,0.00354902489408,0.000422726665221,1
1009,1009,0.006655518365891,0.002365975987423,1
1009,1010,0.010125581616613,0.000522256396775,1
1009,1026,0.009180087738593,0.001724963211981,1
1009,1027,0.005422636105119,0.001132844395015,1
1009,1035,0.007826133580879,0.001958915436404,1
1009,1036,0.014815989786959,0.00076417787479,1
1009,1040,0.005888248824898,0.000303703602523,1
1009,1041,0.011538629141703,0.000595138443147,1
1009,1043,0.005873849242701,0.000302960902084,1
1013,1000,0.025216822883547,0.003150355021154,1
1013,1001,0.035799971337532,0.008802404471516,1
1013,1004,0.005813124582482,0.000618101849296,1
1013,1005,0.009494371836638,0.005046414481271,1
1013,1006,0.005209175189708,0.001009376114059,1
1013,1007,0.010859921366663,0.001154721077228,1
1013,1008,0.025299612790446,0.017421798577497,1
1013,1009,0.012922093613754,0.00525306619183,1
1013,1010,0.065891682826276,0.007006175496543,1
1013,1027,0.010222915572213,0.003593450697086,1
1013,1035,0.035375710290352,0.022318180169656,1
1013,1036,0.040666856422053,0.004324053063523,1
1013,1041,0.025200369134064,0.002679521923828,1
1013,1043,0.008018299269929,0.000852575157582,1
1026,1000,0.017569936160435,0.002517653964291,2
1026,1001,0.02123545271973,0.004975351338855,2
1026,1002,0.067717525076185,0.006250682067856,1
1026,1004,0.03407693466119,0.001931557830725,3
1026,1005,0.034203499304245,0.011286746057702,3
1026,1006,0.024204291533832,0.009961752317099,4
1026,1007,0.004511439058951,0.000866730420097,1
1026,1008,0.010509989664338,0.007430198938239,1
1026,1009,0.033492484067096,0.004344428323076,4
1026,1010,0.067104421930885,0.005657635731927,4
1026,1013,0.050872422421356,0.0047066748106,1
1026,1026,0.064525392945801,0.003664478967769,3
1026,1027,0.05787742847312,0.017073355476522,4
1026,1035,0.047752993377137,0.012209006489972,4
1026,1036,0.094607304571497,0.005171346555239,4
1026,1040,0.007463229928265,0.000684672210554,2
1026,1041,0.053563259545815,0.003268593206315,3
1026,1043,0.086168543529897,0.004775555887771,4
1027,1000,0.013664185532319,0.001689643890104,1
1027,1001,0.012256334711348,0.004253803767837,1
1027,1002,0.043566687908758,0.006620703782506,1
1027,1004,0.02402567858555,0.00256113711362,2
1027,1005,0.026889133719044,0.008054127686947,2
1027,1006,0.0174323923693,0.006556584764571,3
1027,1009,0.024166570252908,0.004146526643316,3
1027,1010,0.034782315748274,0.002688114113434,3
1027,1013,0.032729237347352,0.004978024007167,1
1027,1026,0.049921993740854,0.005135294975466,3
1027,1027,0.039475857060614,0.011577696759611,3
1027,1035,0.028418601643588,0.00578932012323,3
1027,1036,0.06351739255301,0.005396558915802,3
1027,1040,0.010167435415622,0.000721952148927,2
1027,1041,0.038142929570283,0.003303153161859,2
1027,1043,0.058663284920398,0.00655734252042,3
1040,1000,0.006658959030591,0.000634113471667,1
1040,1001,0.005972871966283,0.002018752226526,1
1040,1002,0.021937596535063,0.001479697352424,1
1040,1004,0.01200891917052,"N/A",2
1040,1005,0.013359114987382,0.003860474553372,2
1040,1006,0.012436759172524,0.003264375762386,3
1040,1009,0.016936310968492,0.002462056351916,3
1040,1010,0.023377151760998,"N/A",3
1040,1013,0.016480500085989,0.001116434926484,1
1040,1026,0.03427173186065,0.001836631343998,3
1040,1027,0.02565646696239,0.005550214557888,3
1040,1035,0.020719874879664,0.004016489138086,3
1040,1036,0.042722511082979,"N/A",3
1040,1040,0.008831698398731,"N/A",2
1040,1041,0.018952924684274,"N/A",2
1040,1043,0.034495023178905,"N/A",3
1041,1002,0.00724006996692,0.000488344853289,1
1041,1004,0.00308046986889,"N/A",1
1041,1005,0.00261660580636,0.001152740123199,1
1041,1006,0.001744210850176,0.001055574986261,1
1041,1009,0.00205221151209,0.000288578593271,1
1041,1010,0.002923851169763,"N/A",1
1041,1013,0.00543906318642,0.000368457272352,1
1041,1026,0.005345617654707,6.54843808557976E-06,1
1041,1027,0.004781099995013,0.001787245125963,1
1041,1035,0.002337422300282,0.000746688107428,1
1041,1036,0.00617181603633,"N/A",1
1041,1041,0.003739150593881,"N/A",1
1041,1043,0.007944939713486,"N/A",1
1043,1000,0.000791523796904,7.53745293304527E-05,1
1043,1001,0.000709971374723,0.000239960993904,1
1043,1002,0.028335022912671,0.001911205647244,1
1043,1004,0.012373816731806,"N/A",2
1043,1005,0.010885980968241,0.004515640477368,2
1043,1006,0.007104920597359,0.004131248202303,2
1043,1009,0.008554280031177,0.001144256663466,2
1043,1010,0.012238070716899,"N/A",2
1043,1013,0.021286531858784,0.00144200888971,1
1043,1026,0.021641740851434,0.000132756974567,2
1043,1027,0.019137346024802,0.00699516414893,2
1043,1035,0.009762421739403,0.002926142623178,2
1043,1036,0.025317776170367,"N/A",2
1043,1040,0.000462409834312,"N/A",1
1043,1041,0.015539826625934,"N/A",2
1043,1043,0.031554907929581,"N/A",2
2000,2000,0.034425636580902,0.010088031986942,2
2000,2001,0.001405212926035,3.99332561968542E-05,1
2000,2004,0.026378731806489,"N/A",2
2000,2005,0.001294978450955,"N/A",1
2000,2008,0.012342671150253,"N/A",1
2000,2009,0.026352203831322,"N/A",1
2000,2013,0.007030203853162,0.002255930395738,1
2000,2014,0.005573435060649,0.002106972321317,1
2000,2020,0.027679176904039,0.004039975551127,1
2000,2021,0.023658282011473,0.006768130903631,1
2000,2022,0.011730717107104,"N/A",1
2000,2023,0.017580284083178,0.012859406010074,1
2000,2028,0.01626623815381,"N/A",2
2000,2035,0.014721937019613,"N/A",2
2000,2036,0.008314895720265,0.000136864842359,1
2000,2043,0.01340801205233,"N/A",2
2000,2044,0.00893303705001,"N/A",2
2000,2045,0.01438693725264,"N/A",2
2000,2046,0.005843690864196,0.000174751602594,2
2000,2047,0.013432105735865,0.003700052721637,1
2000,2049,0.0065878858631,"N/A",2
2001,2000,0.002739050288186,0.000480907597022,1
2001,2004,0.006488747279898,0.001021716486106,1
2001,2005,0.002035243332551,0.000320468894288,1
2001,2013,0.004014673937958,0.001026133884038,1
2001,2014,0.004709096279846,0.002520816076419,1
2001,2019,0.012803491707538,0.002838850461133,1
2001,2028,0.007250952453072,0.001141733117611,1
2001,2035,0.00310540190313,0.000488975788939,1
2001,2036,0.003117437132974,0.001750064830342,1
2001,2043,0.005840251583497,0.000919604519712,1
2001,2044,0.001465601836882,0.000230773290162,1
2001,2045,0.008100178590085,0.001275452047813,1
2001,2046,0.002072638510995,0.000545305825209,1
2001,2049,0.001919658235543,0.000302268894494,1
2004,2000,0.025717504491378,0.007665176671097,2
2004,2001,0.000982514101399,2.79210264873282E-05,1
2004,2004,0.019308423567782,"N/A",2
2004,2005,0.000905439001803,"N/A",1
2004,2008,0.008629901013125,"N/A",1
2004,2009,0.020162673583781,"N/A",1
2004,2013,0.00491546461996,0.001577329232118,1
2004,2014,0.003896903052099,0.001473178888833,1
2004,2020,0.021177971017381,0.003091077651237,1
2004,2021,0.018101492414209,0.005178451679249,1
2004,2022,0.008975439832212,"N/A",1
2004,2023,0.012291999808917,0.008991198064306,1
2004,2028,0.012119651591757,"N/A",2
2004,2035,0.010718905375784,"N/A",2
2004,2036,0.005813711321221,9.56948481702393E-05,1
2004,2043,0.009857879325152,"N/A",2
2004,2044,0.006303473933925,"N/A",2
2004,2045,0.010525423672835,"N/A",2
2004,2046,0.004206281975368,0.000133132330144,2
2004,2047,0.010277211167181,0.002830994923486,1
2004,2049,0.004897142513861,"N/A",2
2005,2000,0.168762739349462,0.021116589017096,2
2005,2001,0.123926350728622,0.040908960514522,2
2005,2004,0.012481807189441,"N/A",1
2005,2005,0.08071999240671,"N/A",2
2005,2008,0.011614217398479,"N/A",1
2005,2013,0.006615287316034,0.002122787339384,1
2005,2014,0.005244495754823,0.001982620641387,1
2005,2023,0.016542710956443,0.012100455014816,1
2005,2028,0.101866850828979,"N/A",2
2005,2035,0.007781051323967,"N/A",1
2005,2036,0.007824157782804,0.000128787198008,1
2005,2043,0.128254031356013,"N/A",2
2005,2044,0.066849078068099,"N/A",2
2005,2045,0.006884261129863,"N/A",1
2005,2046,0.003780156467859,3.74838772497988E-05,1
2005,2049,0.002046642836035,"N/A",1
2008,2000,0.15163577116988,0.019857698265545,1
2008,2001,0.116281578418567,0.038799335176959,1
2008,2005,0.075401681577158,"N/A",1
2008,2028,0.092200647085075,"N/A",1
2008,2043,0.116213509811567,"N/A",1
2008,2044,0.056208626275582,"N/A",1
2009,2000,0.134507305790626,0.016224269059145,3
2009,2001,0.084688937821218,0.027956916923993,2
2009,2004,0.018585454422649,"N/A",2
2009,2005,0.055162113605487,"N/A",2
2009,2008,0.007923707670789,"N/A",1
2009,2009,0.020234968647824,"N/A",1
2009,2013,0.004513227284465,0.001448254819712,1
2009,2014,0.00357801561794,0.001352627202112,1
2009,2020,0.021253906520907,0.003102160985787,1
2009,2021,0.018166396929373,0.005197019479508,1
2009,2022,0.009007622072072,"N/A",1
2009,2023,0.01128613329714,0.008255439426636,1
2009,2028,0.078303067347885,"N/A",3
2009,2035,0.010263487535302,"N/A",2
2009,2036,0.00533796956902,8.78640440195414E-05,1
2009,2043,0.093267853162914,"N/A",3
2009,2044,0.04634590386054,"N/A",3
2009,2045,0.01012622998902,"N/A",2
2009,2046,0.003981443222722,0.00013313230223,2
2009,2047,0.010314061024241,0.002841145708224,1
2009,2049,0.004784804363218,"N/A",2
2013,2000,0.027272930869905,0.008218904265843,4
2013,2001,0.00140468034581,0.000582300702,1
2013,2004,0.027517534790201,0.005973293821855,4
2013,2005,0.002129129449911,0.000607682395751,2
2013,2008,0.012337993238125,0.005102599254139,1
2013,2009,0.016521723137998,0.00273383938392,1
2013,2013,0.008673934498883,0.003736826418373,2
2013,2014,0.007502496508226,0.003341217348682,2
2013,2019,0.006957883146216,0.002168376619354,2
2013,2020,0.017353679427473,0.003828979397706,1
2013,2021,0.014832747493006,0.004902018807356,1
2013,2022,0.007354666102855,0.001216972084547,1
2013,2023,0.017573621098875,0.014766894971299,1
2013,2028,0.016935742946513,0.002748294979411,4
2013,2035,0.015048515419349,0.003588241018263,4
2013,2036,0.0104895192137,0.003565192872826,3
2013,2043,0.015227379219222,0.002961883844008,4
2013,2044,0.009645521502576,0.003347152375183,4
2013,2045,0.016525021296197,0.003396901565545,4
2013,2046,0.007434779143798,0.001872254674046,4
2013,2047,0.008421365193924,0.002706131637553,1
2013,2049,0.006673309424909,0.001149114957359,4
2014,2000,0.012578253241532,0.004184792588356,2
2014,2001,0.001691016824374,0.000318317557596,1
2014,2004,0.01885064360384,0.003580019305697,2
2014,2005,0.002464231466959,0.000690634480056,2
2014,2008,0.014853026317998,0.002763894019806,1
2014,2013,0.010246962488662,0.003392112811394,2
2014,2014,0.008802985423489,0.003352569594162,2
2014,2019,0.005698725422261,0.004042265513702,1
2014,2023,0.021155908553877,0.015967757578303,1
2014,2028,0.009177957710001,0.002492577543743,2
2014,2035,0.011333109038455,0.00208409615814,2
2014,2036,0.011393593196328,0.002230424606764,2
2014,2043,0.009916770043863,0.002255924077898,2
2014,2044,0.010351579484735,0.001860449395261,2
2014,2045,0.012409367344472,0.002984507736923,2
2014,2046,0.005756826915005,0.001121075879932,2
2014,2049,0.003471805262715,0.000765992508507,2
2019,2000,0.007562329273295,0.006215003698792,2
2019,2001,0.001028397494783,0.000869207845615,1
2019,2004,0.011257560723848,0.008204822122673,2
2019,2005,0.001433853791617,0.000805060428041,2
2019,2008,0.009032917257359,0.00763036023718,1
2019,2013,0.006103947122171,0.004656183992712,2
2019,2014,0.005203685933679,0.003823520050044,2
2019,2019,0.003058195350725,0.000716481576363,1
2019,2023,0.012866036010443,0.01437666808343,1
2019,2028,0.005350825587775,0.003071915248722,2
2019,2035,0.006793430628588,0.0051136718336,2
2019,2036,0.006829831218407,0.005158598821064,2
2019,2043,0.005845035875783,0.003766978210405,2
2019,2044,0.006248700947305,0.004983116823174,2
2019,2045,0.007288989318417,0.004535464977016,2
2019,2046,0.003435066446638,0.002487370215683,2
2019,2049,0.002050291927344,0.001346996452242,2
2020,2000,0.116802292304385,0.040926621585489,4
2020,2001,0.005503717340708,0.003073249185982,1
2020,2004,0.116580668009752,0.032530685614169,4
2020,2005,0.008695402903412,0.003342428506117,2
2020,2008,0.048341836302316,0.026958868085054,1
2020,2009,0.073675316741437,0.020463257803281,1
2020,2013,0.034682301961304,0.018118163020387,2
2020,2014,0.030212969822216,0.015864147661594,2
2020,2019,0.022794628384395,0.011754702687651,1
2020,2020,0.077385259259547,0.02428074055632,1
2020,2021,0.066143667979745,0.026373466172233,1
2020,2022,0.032796661106683,0.009109245280454,1
2020,2023,0.068855696222596,0.06333385172602,1
2020,2028,0.073270669058945,0.016157193292999,4
2020,2035,0.063072613695514,0.019346527255795,4
2020,2036,0.042489774547487,0.018772170186089,3
2020,2043,0.065202818681761,0.016396225467153,4
2020,2044,0.038758766691743,0.017704085476189,4
2020,2045,0.069927990488766,0.018739770639253,4
2020,2046,0.031454855218776,0.009967377367335,4
2020,2047,0.037553392153793,0.014690273183321,1
2020,2049,0.028870085885858,0.006605609957687,4
2021,2005,0.005235209848286,0.000549858978677,2
2021,2008,0.021387172289154,0.002769969209153,1
2021,2009,0.044362630037557,0.023698042141411,1
2021,2013,0.018082374090081,0.004475369631938,2
2021,2014,0.016578734951066,0.005347830056196,2
2021,2019,0.023146960871612,0.004164896825695,2
2021,2020,0.046596523486148,0.025803777856188,1
2021,2021,0.039827546072321,0.024134284774483,1
2021,2022,0.01974808127733,0.010549213649551,1
2021,2023,0.030462819595699,0.022629157825695,1
2021,2028,0.043155872124145,0.010376628353729,4
2021,2035,0.03346646773276,0.006135017414997,4
2021,2036,0.021270194575003,0.003185919882909,3
2021,2043,0.036932639579366,0.006863354105989,4
2021,2044,0.01870622942446,0.002000631120227,4
2021,2045,0.04017974039365,0.006825949309598,4
2021,2046,0.016692773967867,0.002154331429204,4
2021,2047,0.022612284771313,0.013590684015254,1
2021,2049,0.01641582696838,0.004023181975967,4
2022,2000,0.044568912634754,0.017225530533666,1
2022,2004,0.023391937087773,"N/A",1
2022,2009,0.047005224517222,"N/A",1
2022,2020,0.049372186597911,0.007206226812769,1
2022,2021,0.042199994534015,0.012072520185541,1
2022,2022,0.020924435576506,"N/A",1
2022,2028,0.020194235509784,"N/A",1
2022,2035,0.011510146639122,"N/A",1
2022,2043,0.01307012597512,"N/A",1
2022,2044,0.001557347599931,"N/A",1
2022,2045,0.012612559539388,"N/A",1
2022,2046,0.003257875867532,0.000303503183782,1
2022,2047,0.023959254030319,0.006599896161222,1
2022,2049,0.007871380321823,"N/A",1
2023,2000,0.031046249112211,0.01610237209661,1
2023,2001,0.004621810972608,0.001929572041032,1
2023,2004,0.043628142193461,0.018172182875871,1
2023,2005,0.004259244633339,0.001774079034741,1
2023,2008,0.040595622127159,0.01690906447456,1
2023,2013,0.023122668960843,0.012157856001099,1
2023,2014,0.018331288334432,0.01031133799245,1
2023,2023,0.057822375792147,0.048671783055945,1
2023,2028,0.016263967364334,0.006774338176522,1
2023,2035,0.027197408870712,0.011328382619567,1
2023,2036,0.027348080539251,0.011400032171045,1
2023,2043,0.01999937925633,0.008330228127486,1
2023,2044,0.026509559949123,0.01104187680553,1
2023,2045,0.024062823508815,0.010022751538972,1
2023,2046,0.013212926733301,0.005505064834142,1
2023,2049,0.007153709660352,0.002979694152741,1
2035,2000,0.018384587280369,0.001058363586487,2
2035,2004,0.047968028640459,"N/A",2
2035,2005,0.009799198971605,"N/A",1
2035,2013,0.019329673309801,0.003891733575663,1
2035,2014,0.022673147080062,0.011600165568767,1
2035,2019,0.070106863610814,0.009638227380857,2
2035,2028,0.04443284723283,"N/A",2
2035,2035,0.022204381353921,"N/A",2
2035,2036,0.019466828199295,0.00808789156364,2
2035,2043,0.038824697772472,"N/A",2
2035,2044,0.00923817443219,"N/A",2
2035,2045,0.046220145444292,"N/A",2
2035,2046,0.017036523849523,0.002434174599379,2
2035,2049,0.013927118579828,"N/A",2
2036,2000,0.013370845233648,0.004688202151865,3
2036,2001,0.000970043804277,0.000213831063898,1
2036,2004,0.027417710423598,0.010087288105527,3
2036,2005,0.004218885881808,0.002767125554531,2
2036,2008,0.008520368305545,0.001862509705672,1
2036,2013,0.011411774038497,0.005910967021629,2
2036,2014,0.011540605067321,0.007687832776959,2
2036,2019,0.024791881988389,0.017816697098995,2
2036,2023,0.012135986893058,0.009265000841726,1
2036,2028,0.019619854152969,0.010190200831584,3
2036,2035,0.014103099980632,0.004807497554093,3
2036,2036,0.012874100512071,0.005332098862444,3
2036,2043,0.018641484368904,0.008479128122755,3
2036,2044,0.008957414626649,0.002403228646606,3
2036,2045,0.02159002285337,0.011210889501084,3
2036,2046,0.009391307346842,0.00356489953142,3
2036,2049,0.006782938149508,0.002911762728896,3
2045,2000,0.090995573061455,0.026602149030603,4
2045,2001,0.0020267547101,5.75961931370351E-05,1
2045,2004,0.082248115226779,"N/A",4
2045,2005,0.004393855004199,"N/A",2
2045,2008,0.01780197607459,"N/A",1
2045,2009,0.071669921627852,"N/A",1
2045,2013,0.015122655730753,0.003404907240853,2
2045,2014,0.013883440916436,0.004263473391901,2
2045,2019,0.015891371289665,0.002480697275828,1
2045,2020,0.075278881877727,0.010987495883877,1
2045,2021,0.064343279539927,0.018407242693446,1
2045,2022,0.031903956917082,"N/A",1
2045,2023,0.025356245242492,0.018547268685846,1
2045,2028,0.057963608825402,"N/A",4
2045,2035,0.041741143563313,"N/A",4
2045,2036,0.021030608852954,0.002094272790175,3
2045,2043,0.048361489634067,"N/A",4
2045,2044,0.018348486907359,"N/A",4
2045,2045,0.04820872045477,"N/A",4
2045,2046,0.021517871367336,0.001590559445892,4
2045,2047,0.036531212780095,0.010063009920386,1
2045,2049,0.022953587657156,"N/A",4
2046,2000,0.045422140456469,0.024907572209722,4
2046,2001,0.001993899445711,0.000231785448801,1
2046,2004,0.044866472815893,0.011817120699205,4
2046,2005,0.003918900373301,0.000406927985833,2
2046,2008,0.017513392247621,0.001974114204075,1
2046,2009,0.029231856158083,0.023249089793704,1
2046,2013,0.014081123540309,0.003559705784138,2
2046,2014,0.012724246294056,0.004057158298008,2
2046,2019,0.013093958772311,0.003005580680938,1
2046,2020,0.030703834981394,0.024827610005929,1
2046,2021,0.026243554472083,0.022181583204956,1
2046,2022,0.013012598008917,0.010349361940023,1
2046,2023,0.024945200858487,0.018461985542023,1
2046,2028,0.029757913054775,0.010097452192321,4
2046,2035,0.024175192707682,0.005869560638682,4
2046,2036,0.016281955573909,0.002246777844374,3
2046,2043,0.025840483954825,0.00661524238315,4
2046,2044,0.01453798886225,0.001522957991246,4
2046,2045,0.028607011286777,0.006498857265967,4
2046,2046,0.01189719365502,0.001873016039148,4
2046,2047,0.014899906864877,0.012541051326813,1
2046,2049,0.011306096860071,0.003923042115286,4
2049,2000,0.111542538657011,0.014607226641413,1
2049,2001,0.085536165746276,0.028540602988683,1
2049,2005,0.055465111676726,"N/A",1
2049,2028,0.067822349319982,"N/A",1
2049,2043,0.085486094808733,"N/A",1
2049,2044,0.041346793179675,"N/A",1
3000,3000,0.138436597368851,0.075746906340786,3
3000,3003,0.087223652670404,0.036180799451496,3
3000,3006,0.087757978332527,0.045912566464263,3
3000,3007,0.053301144743643,0.033287383652391,3
3000,3008,0.066221141957293,0.027208814985181,3
3003,3000,0.608580868990848,0.183584868488755,3
3003,3003,0.408889978238973,0.095230123694114,3
3003,3006,0.37947992801919,0.064435267025822,3
3003,3007,0.224534033127877,0.033522190888057,3
3003,3008,0.302917598612699,0.05600310518783,3
3008,3000,0.191783083375884,0.051397695476489,1
3008,3003,0.13411165720898,0.02035931117378,1
3008,3006,0.105861690635759,"N/A",1
3008,3007,0.046551170902117,"N/A",1
3008,3008,0.097808247124294,"N/A",1
4000,4000,0.006305479504929,0.00407310544927,1
4000,4003,0.002165111891544,0.001343150783789,1
4000,4013,0.001611926791708,0.000999976371729,1
4000,4020,0.000960577460066,0.000622597373866,1
4000,4022,0.001504775108656,0.001337509415043,1
4000,4023,0.003728230676306,0.002312848575902,1
4000,4031,0.00236671487599,0.001496673553495,1
4000,4033,0.007921823604006,0.006532266099597,1
4000,4035,0.010367465246845,0.006431570177314,1
4000,4036,0.004204543442079,0.00358029700218,1
4000,4038,0.00172228471892,0.001134480667793,1
4000,4039,0.005157509533237,0.003785921324804,1
4000,4041,0.00101764196104,0.000631305293239,1
4000,4055,0.002082530338606,0.001621619228771,1
4000,4066,0.004181739791908,0.003167724217003,1
4000,4068,0.008352282648253,0.005181429666171,1
4000,4069,0.007026485736888,0.004992031390671,1
4000,4076,0.001797897259293,0.001380037278179,1
4000,4078,0.003515846072899,0.002321801784737,1
4000,4079,0.002979090897797,0.001855833939282,1
4000,4080,0.002423843058843,0.001653941068629,1
4000,4081,0.003003661027911,0.001879254817197,1
4000,4083,0.001798412251879,0.001205883409832,1
4000,4084,0.001750758825083,0.001086102338322,1
4000,4087,0.004860176072266,0.003090322571219,1
4000,4089,0.012169374464504,0.010755311947854,1
4000,4093,0.002049246866204,0.001802299071803,1
4003,4000,0.026283286664461,0.003523650047336,4
4003,4003,0.012776227139302,"N/A",4
4003,4004,0.008161994403442,0.001811891030429,2
4003,4005,0.006658453399632,"N/A",2
4003,4006,0.014473385680393,"N/A",2
4003,4011,0.002612100117567,0.000387830024936,1
4003,4012,0.008125372993559,0.00086165297519,1
4003,4013,0.006088906007569,"N/A",4
4003,4015,0.014951006137076,0.006195676503874,2
4003,4020,0.006341372018289,0.000329996564029,4
4003,4021,0.001362290204644,2.04320498204002E-05,1
4003,4022,0.003307810089518,0.001417953038626,2
4003,4023,0.002468587285637,"N/A",2
4003,4028,0.011249255967907,0.004281618599107,1
4003,4031,0.001291947971742,0.000158559250283,1
4003,4033,0.004324383998055,0.002349151714412,1
4003,4035,0.005659416701879,"N/A",1
4003,4036,0.018134643010387,0.004941162288087,4
4003,4038,0.000940164897742,0.000208214154622,1
4003,4039,0.002815393627809,0.001104827289404,1
4003,4041,0.008390457601883,"N/A",2
4003,4054,0.01885909432002,0.004727303823753,2
4003,4055,0.012599826557259,0.003458876403432,4
4003,4056,0.005985279639128,"N/A",2
4003,4061,0.028085281433605,"N/A",1
4003,4066,0.032334404784712,0.001008728550862,2
4003,4068,0.004559364009706,"N/A",1
4003,4069,0.003835634823754,0.001328174652443,1
4003,4076,0.039727070492193,0.02999495457663,4
4003,4078,0.023704471065091,0.003753909826417,4
4003,4079,0.015712335216164,0.001423670435381,4
4003,4080,0.008811449003801,0.000413418477303,3
4003,4081,0.005498369212858,0.000608147219104,3
4003,4083,0.00098172157734,0.000249825245584,1
4003,4084,0.006211174844238,"N/A",3
4003,4087,0.00265308452766,0.000370029018211,1
4003,4089,0.006643047211255,0.004181731003313,1
4003,4091,0.004258491740201,0.001533874512858,2
4003,4093,0.006666978663239,0.002912740756868,2
4003,4094,0.001316165780904,2.13682091939895E-05,1
4004,4000,0.031607101046916,0.015459851909307,2
4004,4003,0.018325526857294,0.006761066787144,2
4004,4004,0.016912997219494,0.008694596749565,2
4004,4005,0.012083212467999,0.003899259701458,2
4004,4006,0.022362469152537,0.009003587910403,2
4004,4011,0.010642909060166,0.002764796094827,1
4004,4012,0.033106543378182,0.00788224760469,1
4004,4013,0.008061515052363,0.002902231127013,2
4004,4015,0.018840845486207,0.011949632822327,2
4004,4020,0.009365988167402,0.003333089724845,2
4004,4021,0.005550603004866,0.001186129295004,1
4004,4022,0.010130666330553,0.005788179275623,1
4004,4028,0.011243614159669,0.009286951693732,1
4004,4036,0.029001659305492,0.014063729186036,2
4004,4041,0.00783101533836,0.005740562477484,1
4004,4054,0.026301236968103,0.015906169504428,2
4004,4055,0.018067434759146,0.009967111400551,2
4004,4056,0.010265355745749,0.003575661519501,2
4004,4061,0.028071195900071,0.020577721651584,1
4004,4066,0.030036594945603,0.022019210333367,1
4004,4076,0.046556994815624,0.04022666388746,2
4004,4078,0.027013722121427,0.015489833579359,2
4004,4079,0.024589864774762,0.008231253106774,2
4004,4080,0.006924127244884,0.005077705088807,1
4004,4081,0.003163893237263,0.002390225472028,1
4004,4084,0.00457772037876,0.003355719367576,1
4004,4091,0.00330636045465,0.002821716782752,1
4004,4093,0.005545548248218,0.004951307862074,1
4004,4094,0.005362670680214,0.001146453966236,1
4005,4000,0.044603882736998,0.006970558413237,2
4005,4003,0.022002406191374,"N/A",2
4005,4004,0.015643463102484,0.002979431788862,2
4005,4005,0.012996276564077,"N/A",2
4005,4006,0.028783774818009,"N/A",2
4005,4011,0.004290821431781,0.000637077182338,1
4005,4012,0.013347315574739,0.00141541245982,1
4005,4013,0.009489617053889,"N/A",2
4005,4015,0.030316426342439,0.01277342702464,2
4005,4020,0.010614888298658,0.000597446235021,2
4005,4021,0.002237794779411,3.356313821013E-05,1
4005,4022,0.004084304391179,0.002165079492592,1
4005,4028,0.023211525083268,0.008834619622284,1
4005,4036,0.028952163274645,0.00919459356454,2
4005,4041,0.016166492941905,"N/A",1
4005,4054,0.037894020877206,0.009328834433106,2
4005,4055,0.021688292909727,0.006736078716504,2
4005,4056,0.011763921094783,"N/A",2
4005,4061,0.057950696146177,"N/A",1
4005,4066,0.062008102296562,0.000373602876226,1
4005,4076,0.07770612784755,0.061853884117403,2
4005,4078,0.042855429473435,0.007525098768913,2
4005,4079,0.025837011237873,0.002799927368389,2
4005,4080,0.014294296383886,0.000289826089167,1
4005,4081,0.00653159973249,0.001193073098624,1
4005,4084,0.009450330639849,"N/A",1
4005,4091,0.006825711691774,0.002982749247607,1
4005,4093,0.011448332398822,0.005835289447217,1
4005,4094,0.002162027520499,3.51009401790305E-05,1
4006,4000,0.021268327055363,0.008354849145879,1
4006,4003,0.016305967456671,"N/A",1
4006,4004,0.019852567442958,0.012610893097602,1
4006,4005,0.012308452976072,"N/A",1
4006,4006,0.017905304803686,"N/A",1
4006,4011,0.018213184495747,0.002704191830035,1
4006,4012,0.056655147493471,0.006007979748899,1
4006,4013,0.00736818321428,"N/A",1
4006,4015,0.008837385312017,0.002910183335566,1
4006,4020,0.008983113996817,0.001424804841117,1
4006,4021,0.009498733477733,0.000142464942482,1
4006,4022,0.0173365847533,0.009190080005305,1
4006,4036,0.0318507749455,0.017812060186797,1
4006,4054,0.016896834329934,0.015910101781505,1
4006,4055,0.016080682894294,0.011611697233705,1
4006,4056,0.00971206825342,"N/A",1
4006,4076,0.018961462179094,0.010834536583874,1
4006,4078,0.013301148695284,0.008716880663046,1
4006,4079,0.025677622205711,0.004384242042645,1
4006,4094,0.00917712534576,0.000148992427119,1
4011,4000,0.009498347022971,0.004927519406632,1
4011,4003,0.007282177721152,0.00246750030543,1
4011,4004,0.008866074627276,0.006383123990243,1
4011,4005,0.005496904264183,0.001862576480576,1
4011,4006,0.007996435174933,0.002709520007893,1
4011,4011,0.008133932973839,0.003009092044707,1
4011,4012,0.025301954880129,0.008983394880009,1
4011,4013,0.00329060019229,0.001114990225512,1
4011,4015,0.003946739781213,0.001864825639399,1
4011,4020,0.004011821609973,0.001500925923751,1
4011,4021,0.004242095140599,0.001438803144435,1
4011,4022,0.007742447149292,0.004871079643022,1
4011,4036,0.014224424544319,0.009301041358578,1
4011,4054,0.007546056426422,0.007551444354837,1
4011,4055,0.007181566566038,0.005728292773611,1
4011,4056,0.004337369570331,0.001469678597443,1
4011,4076,0.008468110696773,0.005625455806687,1
4011,4078,0.005940238072467,0.004382487541926,1
4011,4079,0.011467520026362,0.004351103519829,1
4011,4094,0.004098466277128,0.001390321536696,1
4012,4000,0.021474115011254,0.009946294384228,1
4012,4003,0.016463740642263,0.004040033319512,1
4012,4004,0.020044656800181,0.013649953185409,1
4012,4005,0.012427547034177,0.003049592749839,1
4012,4006,0.018078552848328,0.004436291694751,1
4012,4011,0.018389411520933,0.005274293002687,1
4012,4012,0.057203331041854,0.01529176939466,1
4012,4013,0.007439476238802,0.001825571268252,1
4012,4015,0.008922894033697,0.003664442949733,1
4012,4020,0.009070032759263,0.002650142239374,1
4012,4021,0.00959064126817,0.002357836914846,1
4012,4022,0.017504329979768,0.010224978396554,1
4012,4036,0.032158956489469,0.019639610308416,1
4012,4054,0.0170603246218,0.016600593895139,1
4012,4055,0.01623627627282,0.012382540770399,1
4012,4056,0.009806040227245,0.002406301830876,1
4012,4076,0.01914492938516,0.011905491147568,1
4012,4078,0.013429847872886,0.009397987242047,1
4012,4079,0.025926073594111,0.007750503185833,1
4012,4094,0.009265921322094,0.002278733172466,1
4013,4000,0.016122243137315,0.002008590271281,3
4013,4003,0.007063091246963,"N/A",3
4013,4004,0.001837653229283,3.75689276738804E-05,1
4013,4005,0.001691886978563,"N/A",1
4013,4006,0.00411646091044,"N/A",1
4013,4013,0.004465471413419,"N/A",3
4013,4015,0.004731270431403,0.002137369302062,1
4013,4020,0.003849535081998,0.000235012059931,3
4013,4022,0.001821257721072,0.001159320197414,1
4013,4023,0.005847552795085,"N/A",2
4013,4028,0.003889576383812,0.001480425250798,1
4013,4031,0.00286447969313,0.000351554213116,1
4013,4033,0.009587932655696,0.005208489450966,1
4013,4035,0.012547938904719,"N/A",1
4013,4036,0.011383716304289,0.003776361396774,3
4013,4038,0.002084513708509,0.000461648015851,1
4013,4039,0.00624223115127,0.00244959967749,1
4013,4041,0.003940705212395,"N/A",2
4013,4054,0.005682885351816,0.001431509167909,1
4013,4055,0.007004115067907,0.001585418172811,3
4013,4056,0.001587879664457,"N/A",1
4013,4061,0.00971085089614,"N/A",1
4013,4066,0.015451992750355,0.002201097709877,2
4013,4068,0.010108925363132,"N/A",1
4013,4069,0.008504288332982,0.002944800722682,1
4013,4076,0.016086399334498,0.010402756243768,3
4013,4078,0.012842434844502,0.001639262147783,3
4013,4079,0.009427804640714,0.000733177513815,3
4013,4080,0.007056314312683,0.000888992691792,3
4013,4081,0.006865555548399,0.000543959049549,3
4013,4083,0.00217665229878,0.000553907245848,1
4013,4084,0.005783422017977,"N/A",3
4013,4087,0.005882362850411,0.000820420505871,1
4013,4089,0.014728823647199,0.009271645455637,1
4013,4091,0.004071895250323,0.001657405680903,2
4013,4093,0.004398649647333,0.001829488594574,2
4015,4000,0.028096099741375,0.019863661814393,3
4015,4003,0.013116460711744,0.008969894231191,3
4015,4004,0.00615984734656,0.005318266909003,1
4015,4005,0.005671236199253,0.004895038669046,1
4015,4006,0.013798452511245,0.011909918092363,1
4015,4013,0.006731641791132,0.004023882637034,3
4015,4015,0.015859305307623,0.015450271268899,1
4015,4020,0.006829058393071,0.004357039769478,3
4015,4022,0.000871963266551,0.000822706204723,1
4015,4023,0.003745076069158,0.00205906578258,2
4015,4028,0.013037931414523,0.012299044315223,1
4015,4031,0.00137142648253,0.000969821449044,1
4015,4033,0.004590412977363,0.004054453545497,1
4015,4035,0.006007574693713,0.004183862854271,1
4015,4036,0.017689403372962,0.012135211390558,3
4015,4038,0.000998002293367,0.000729336571704,1
4015,4039,0.002988592005542,0.002389029116527,1
4015,4041,0.009670418524839,0.00784864267945,2
4015,4054,0.019049135983535,0.017127849555666,1
4015,4055,0.013022528336127,0.009528763128549,3
4015,4056,0.005322601773774,0.004594120327063,1
4015,4061,0.032550950403616,0.028095842835979,1
4015,4066,0.037253166943043,0.030129447139023,2
4015,4068,0.00483984857221,0.003370621872211,1
4015,4069,0.004071596759054,0.003166752575525,1
4015,4076,0.04412388008662,0.049694925710092,3
4015,4078,0.026640814678667,0.019853768860392,3
4015,4079,0.015815664237576,0.010149893981878,3
4015,4080,0.011483807677683,0.007253173399429,3
4015,4081,0.007944048096055,0.004154453340242,3
4015,4083,0.00104211547143,0.000772695340365,1
4015,4084,0.008792429799751,0.005127466831356,3
4015,4087,0.002816297916949,0.002000302710956,1
4015,4089,0.007051716531533,0.006619883243824,1
4015,4091,0.007309254900558,0.005174867378667,2
4015,4093,0.007618002219709,0.00654081883396,2
4020,4003,0.000519082734335,4.81737564014368E-05,1
4020,4013,0.000386457332693,3.5865383633968E-05,1
4020,4020,0.000230297185313,4.82319555184929E-05,1
4020,4022,0.000360767857315,0.000232074363459,1
4020,4023,0.000893838411421,8.29531615017905E-05,1
4020,4031,0.000567416785256,8.73070483882122E-05,1
4020,4033,0.001899246811836,0.001046682950555,1
4020,4035,0.002485586185854,0.000230676182258,1
4020,4036,0.001008033771865,0.000595396845022,1
4020,4038,0.000412915500899,9.91512075847851E-05,1
4020,4039,0.001236506141472,0.000498619102903,1
4020,4041,0.000243978324526,2.26425415362875E-05,1
4020,4055,0.000499283915404,0.000239502098395,1
4020,4066,0.001002566626666,0.000445653965672,1
4020,4068,0.002002448802726,0.000185838353789,1
4020,4069,0.001684590733306,0.000603914561688,1
4020,4076,0.000431043508214,0.000198911751103,1
4020,4078,0.000842919481505,0.000206247976711,1
4020,4079,0.000714233132754,7.77031403680397E-05,1
4020,4080,0.000581113192115,0.000173736919916,1
4020,4081,0.000720123789201,8.88093611118304E-05,1
4020,4083,0.00043116697701,0.000116790749803,1
4020,4084,0.00041974213048,3.89543974547355E-05,1
4020,4087,0.001165220834449,0.00019520526717,1
4020,4089,0.002917591555821,0.001856446748968,1
4020,4093,0.00049130424658,0.000309667407158,1
4021,4003,0.000712068107193,0.000142932939196,1
4021,4004,0.00042998075112,8.67562343217553E-05,1
4021,4005,0.000395873836402,7.94634816756097E-05,1
4021,4006,0.000963184416963,0.000193339342562,1
4021,4013,0.00030401583725,6.10248889696673E-05,1
4021,4015,0.001107039773026,0.000547255942413,1
4021,4020,0.000333219046427,6.96374243262308E-05,1
4021,4028,0.000910097154566,0.000391615647406,1
4021,4036,0.000840970145415,0.000362480186517,1
4021,4041,0.000633869561477,0.000127236199141,1
4021,4055,0.000701833077691,0.000279460843036,1
4021,4056,0.000371537828754,7.45785316740354E-05,1
4021,4061,0.002272180026024,0.000456093126797,1
4021,4066,0.002431266246302,0.000488246188721,1
4021,4076,0.002871617613252,0.002490769195169,1
4021,4078,0.001557447125993,0.000422262937778,1
4021,4079,0.000775851044951,0.000186187276488,1
4021,4080,0.000560462891552,0.00011307379791,1
4021,4081,0.000256096499906,6.95043973405726E-05,1
4021,4084,0.000370536575868,7.43775508739706E-05,1
4021,4091,0.000267628290958,0.000128698364762,1
4021,4093,0.000448875922772,0.000245897562426,1
4022,4003,0.004110440477705,0.00519532222069,1
4022,4013,0.00306022481222,0.00386791976516,1
4022,4020,0.001823645461117,0.002330256921011,1
4022,4022,0.0028567985519,0.004042871702406,1
4022,4023,0.007078003839875,0.008946124102,1
4022,4031,0.00449318146718,0.005705791204624,1
4022,4033,0.015039492659163,0.020690265518704,1
4022,4035,0.019682515701967,0.024877385219454,1
4022,4036,0.007982278247183,0.011111674512103,1
4022,4038,0.003269738090871,0.004195692134505,1
4022,4039,0.009791473610376,0.012958539223148,1
4022,4041,0.001931981771845,0.002441895919349,1
4022,4055,0.003953660331961,0.005332340149047,1
4022,4066,0.007938985774831,0.010611267964454,1
4022,4068,0.015856714293933,0.020041827771314,1
4022,4069,0.013339703828573,0.017481791353461,1
4022,4076,0.003413287644956,0.004581777420605,1
4022,4078,0.006674794068549,0.008570768287017,1
4022,4079,0.005655770429645,0.007155723289279,1
4022,4080,0.004601638677236,0.005961384987235,1
4022,4081,0.005702416544221,0.007222338204963,1
4022,4083,0.003414265352563,0.004402000461572,1
4022,4084,0.003323795859893,0.004201055965072,1
4022,4087,0.009226989392206,0.011733086241527,1
4022,4089,0.023103420004576,0.032622361740135,1
4022,4093,0.003890472035442,0.005482927303075,1
4023,4000,0.045168333506226,0.005782260199006,4
4023,4003,0.021967472636598,"N/A",4
4023,4004,0.009138682258524,0.003678511473539,2
4023,4005,0.006672861208175,"N/A",2
4023,4006,0.012723537142724,"N/A",2
4023,4011,0.005311741430989,0.000788657677316,1
4023,4012,0.016523057474663,0.001752183148215,1
4023,4013,0.013756783846278,"N/A",4
4023,4015,0.011199336315879,0.003986409408303,2
4023,4020,0.012444643057069,0.000749335371522,4
4023,4021,0.0027702358238,4.15488536680422E-05,1
4023,4022,0.010052753349719,0.004159320017334,2
4023,4023,0.016651248794288,"N/A",2
4023,4028,0.007088126078746,0.002697836420307,1
4023,4031,0.007858771183464,0.000964497715271,1
4023,4033,0.026304731377328,0.014289620172491,1
4023,4035,0.034425582039488,"N/A",1
4023,4036,0.038440182918595,0.011665663543967,4
4023,4038,0.005718915132565,0.001266542797485,1
4023,4039,0.017125716202417,0.006720537556143,1
4023,4041,0.008315898472914,"N/A",2
4023,4054,0.015283980223809,0.005323108564076,2
4023,4055,0.021818860652701,0.005101683821684,4
4023,4056,0.00572610811442,"N/A",2
4023,4061,0.017696460666055,"N/A",1
4023,4066,0.03282110858463,0.006037401153655,2
4023,4068,0.027734087810126,"N/A",1
4023,4069,0.023331726263382,0.008079133922983,1
4023,4076,0.03910407833064,0.019324703976658,4
4023,4078,0.033860861086716,0.004612733368055,4
4023,4079,0.031441528074411,0.002389180766554,4
4023,4080,0.017939674790015,0.002487966690088,3
4023,4081,0.018800622987409,0.001586169515346,3
4023,4083,0.005971699643431,0.001519658286434,1
4023,4084,0.01535624040199,"N/A",3
4023,4087,0.016138408580928,0.002250844034721,1
4023,4089,0.04040889349733,0.025436989588311,1
4023,4091,0.011451796929976,0.005136824654606,2
4023,4093,0.010300594432161,0.004601228638095,2
4023,4094,0.002676441175229,4.34525465997416E-05,1
4028,4000,0.044133012824393,0.007453594459836,1
4028,4003,0.020243205564815,9.73720795142E-08,1
4028,4004,0.012223814893411,0.000249903313108,1
4028,4005,0.011254197972161,5.413394910727E-08,1
4028,4006,0.027382128131336,1.3171109432919E-07,1
4028,4013,0.008642789961021,4.157278493342E-08,1
4028,4015,0.031471755956214,0.014217484720415,1
4028,4020,0.009473000667764,0.000550904106573,1
4028,4028,0.025872923668006,0.009847583832665,1
4028,4036,0.023907729268485,0.009119203699412,1
4028,4041,0.018020118728294,8.667878355771E-08,1
4028,4054,0.037801766674004,0.00952220082173,1
4028,4055,0.019952236479023,0.006861384449919,1
4028,4056,0.010562355716541,5.080611059327E-08,1
4028,4061,0.064595235880415,3.1071029853685E-07,1
4028,4066,0.069117858122703,0.00041643975329,1
4028,4076,0.081636496651616,0.068887227566181,1
4028,4078,0.04427627358861,0.008069530329086,1
4028,4079,0.02205647469949,0.002900845162448,1
4028,4080,0.015933258926392,0.000323057122103,1
4028,4081,0.007280503142403,0.001329869067673,1
4028,4084,0.010533891349453,5.066919380869E-08,1
4028,4091,0.007608337536958,0.003324746794188,1
4028,4093,0.012760980987596,0.006504354966495,1
4031,4003,0.002218928858276,0.000539659248498,1
4031,4004,0.00133989528182,0.000327021334032,1
4031,4005,0.001233612165683,0.000300023234989,1
4031,4006,0.003001451233457,0.00072997424456,1
4031,4013,0.000947366562036,0.000230406272384,1
4031,4015,0.003449729702555,0.001769920361196,1
4031,4020,0.001038368873392,0.000259658080138,1
4031,4028,0.002836022031743,0.001280979142429,1
4031,4041,0.001975248502405,0.000480394456284,1
4031,4055,0.002187034714868,0.000921181421003,1
4031,4056,0.00115777690622,0.000281579561602,1
4031,4061,0.007080510670273,0.001722030453141,1
4031,4066,0.007576251178186,0.001843163397401,1
4031,4076,0.008948463114146,0.007858344195472,1
4031,4079,0.002417687656524,0.000668467403754,1
4031,4080,0.001746500470242,0.000426234841943,1
4031,4081,0.000798041519349,0.000242734516309,1
4031,4084,0.001154656826974,0.000280820736183,1
4031,4091,0.000833976598726,0.000417078011668,1
4031,4093,0.001398775943989,0.000789968432105,1
4033,4000,0.030117902689442,0.010673375820065,1
4033,4003,0.010341581351634,0.003156629526463,1
4033,4013,0.007699312037605,0.002350112123569,1
4033,4020,0.004588164697912,0.001644195851415,1
4033,4022,0.00718750576488,0.005074014213496,1
4033,4023,0.017807763648268,0.00543558191161,1
4033,4031,0.01130453096755,0.003719032089213,1
4033,4033,0.037838313841453,0.023577624099783,1
4033,4035,0.049519835755007,0.015115268194949,1
4033,4036,0.020082854942763,0.013221566243888,1
4033,4038,0.008226432823608,0.003102318638323,1
4033,4039,0.024634664202853,0.012247313398938,1
4033,4041,0.004860731294317,0.001483673279949,1
4033,4055,0.009947133447492,0.00557980263002,1
4033,4066,0.019973934103947,0.010609683059824,1
4033,4068,0.03989438643614,0.012177228402746,1
4033,4069,0.033561763781312,0.01549209024793,1
4033,4076,0.00858759348257,0.004684034641258,1
4033,4078,0.01679331600584,0.006382040172993,1
4033,4079,0.014229523653629,0.004417856309077,1
4033,4080,0.011577401738226,0.004828500398583,1
4033,4081,0.014346882022212,0.004531562653944,1
4033,4083,0.008590053326672,0.003413698269302,1
4033,4084,0.008362438397476,0.002552522584423,1
4033,4087,0.023214461308397,0.007790575212764,1
4033,4089,0.058126592216625,0.040664813742131,1
4033,4093,0.009788156103708,0.00679435087935,1
4035,4000,0.14268629375929,0.018048207800668,3
4035,4003,0.057981644807953,"N/A",3
4035,4004,0.013250457284463,0.000270891952537,1
4035,4005,0.012199405079456,"N/A",1
4035,4006,0.029681872829859,"N/A",1
4035,4013,0.036988809599396,"N/A",3
4035,4015,0.034114976511109,0.015411569596921,1
4035,4020,0.029181040894813,0.00254512311836,3
4035,4022,0.020617676782317,0.013124166251129,1
4035,4023,0.057163096953849,"N/A",2
4035,4028,0.028045914706372,0.010674653539609,1
4035,4031,0.032427544865913,0.003979794322151,1
4035,4033,0.108540869432473,0.05896307303555,1
4035,4035,0.142049829427473,"N/A",1
4035,4036,0.0958238238335,0.036069173126836,3
4035,4038,0.023597884798555,0.005226118998918,1
4035,4039,0.070665619032561,0.027730866319586,1
4035,4041,0.033476797448346,"N/A",2
4035,4054,0.040976626279012,0.01032194256209,1
4035,4055,0.056920559061501,0.015379571156697,3
4035,4056,0.011449457020228,"N/A",1
4035,4061,0.070020400445905,"N/A",1
4035,4066,0.132218973989323,0.024911691502142,2
4035,4068,0.114438804207754,"N/A",1
4035,4069,0.096273397270679,0.033336824759131,1
4035,4076,0.120584883769236,0.075498755884245,3
4035,4078,0.104960988798116,0.014192266726955,3
4035,4079,0.076141141865446,0.004646833106757,3
4035,4080,0.058348520351908,0.009546344967677,3
4035,4081,0.058772789789029,0.004092677963937,3
4035,4083,0.024640946223318,0.00627054613422,1
4035,4084,0.044883136029025,"N/A",3
4035,4087,0.066591704492377,0.009287628335033,1
4035,4089,0.166738689328895,0.104960317824786,1
4035,4091,0.021582410000129,0.008048668759503,2
4035,4093,0.041910495181426,0.018871046608036,2
4041,4000,0.018198811052308,0.002367839465257,3
4041,4003,0.007312663078621,"N/A",3
4041,4004,0.001481892246026,3.02957607693775E-05,1
4041,4005,0.001364345652778,"N/A",1
4041,4006,0.003319533526263,"N/A",1
4041,4013,0.004766623533368,"N/A",3
4041,4015,0.003815318828614,0.001723584703114,1
4041,4020,0.003680315764724,0.000343301894957,3
4041,4022,0.002806611724028,0.001786546527885,1
4041,4023,0.007736392353886,"N/A",2
4041,4028,0.003136572772081,0.001193821916464,1
4041,4031,0.004414247471382,0.000541755384067,1
4041,4033,0.014775286270208,0.008026435461837,1
4041,4035,0.019336742974321,"N/A",1
4041,4036,0.01232362329322,0.0048346751947,3
4041,4038,0.003212296944857,0.000711413172706,1
4041,4039,0.009619461831537,0.003774905162775,1
4041,4041,0.004082619433706,"N/A",2
4041,4054,0.004582705596309,0.00115437575612,1
4041,4055,0.007173025901989,0.00201199374906,3
4041,4056,0.001280473663303,"N/A",1
4041,4061,0.007830876041242,"N/A",1
4041,4066,0.016178670815858,0.003390959859829,2
4041,4068,0.015578151358385,"N/A",1
4041,4069,0.01310535849139,0.004538024540722,1
4041,4076,0.014210138868169,0.008487675202512,3
4041,4078,0.013057097408076,0.001805513348641,3
4041,4079,0.00969958666363,0.00057284617156,3
4041,4080,0.007465023601027,0.001297772637215,3
4041,4081,0.007736834047946,0.000539449750267,3
4041,4083,0.003354285222902,0.000853587360117,1
4041,4084,0.005762272848799,"N/A",3
4041,4087,0.009064894193685,0.001264292133819,1
4041,4089,0.02269755051747,0.014287878390711,1
4041,4091,0.002638888391345,0.001010265234345,2
4041,4093,0.005369138996656,0.00250989622073,2
4054,4000,0.001809341193873,0.001165100436144,1
4054,4003,0.000621273311832,0.000384102494992,1
4054,4013,0.000462538264293,0.000285964482879,1
4054,4020,0.000275635241863,0.000178096020211,1
4054,4022,0.000431791363286,0.000383159432736,1
4054,4023,0.001069806243542,0.000661408174916,1
4054,4031,0.000679122771858,0.000428060711752,1
4054,4033,0.002273146993202,0.001870810473922,1
4054,4035,0.002974917598654,0.001839244098012,1
4054,4036,0.001206482971713,0.00102550353007,1
4054,4038,0.000494205188849,0.000324554220876,1
4054,4039,0.001479934150763,0.001083722128804,1
4054,4041,0.00029200975426,0.000180535157453,1
4054,4055,0.00059757674673,0.000464315353221,1
4054,4066,0.001199939522703,0.000906897586602,1
4054,4068,0.002396666113424,0.00148173986601,1
4054,4069,0.002016232085438,0.001428736550715,1
4054,4076,0.000515902013645,0.000395118716257,1
4054,4078,0.00100886302557,0.000664235330424,1
4054,4079,0.000854842502852,0.000530730203926,1
4054,4080,0.000695515557607,0.000473260055954,1
4054,4081,0.000861892838758,0.000537443795599,1
4054,4083,0.000516049789448,0.000345017775226,1
4054,4084,0.000502375760683,0.000310594032332,1
4054,4087,0.00139461507569,0.000883888760052,1
4054,4089,0.003491970833476,0.003081040709473,1
4054,4093,0.000588026139573,0.000516290487597,1
4055,4000,0.021756621948127,0.00566900514709,2
4055,4003,0.008475435305723,0.001913694804273,2
4055,4013,0.006538579893499,0.001550252126984,2
4055,4020,0.004606680843143,0.001476782176944,2
4055,4022,0.004608137122626,0.003077464864255,1
4055,4023,0.013177628702837,0.002649525076209,2
4055,4031,0.0072476921076,0.001713094689626,1
4055,4033,0.024259338966013,0.014060137284867,1
4055,4035,0.031748731884715,0.006413373896444,1
4055,4036,0.016436757585579,0.008737291804857,2
4055,4038,0.005274226097528,0.001580972067394,1
4055,4039,0.015794061852624,0.006970927883382,1
4055,4041,0.003116368466778,0.000629519196203,1
4055,4055,0.008334243380895,0.003583736969062,2
4055,4066,0.012805920473698,0.006138627904659,1
4055,4068,0.025577552093115,0.005166770298876,1
4055,4069,0.021517507552784,0.008626085697406,1
4055,4076,0.007665057570862,0.003161052768469,2
4055,4078,0.013312699090863,0.003837839899142,2
4055,4079,0.01242765700093,0.003191994247972,2
4055,4080,0.009700245787691,0.003115545967764,2
4055,4081,0.012014175198901,0.002942043581112,2
4055,4083,0.005507354695059,0.001789373649929,1
4055,4084,0.008105081688655,0.002303067500804,2
4055,4087,0.014883524888385,0.003653530519589,1
4055,4089,0.037266795487528,0.024637359114025,1
4055,4091,0.003860795760681,0.003538592624037,1
4055,4093,0.006275496254063,0.004112565052489,1
4056,4003,0.001370451741214,"N/A",1
4056,4004,0.000827544251888,1.69182899421439E-05,1
4056,4005,0.000761901822196,"N/A",1
4056,4006,0.001853752117252,"N/A",1
4056,4013,0.000585111212407,"N/A",1
4056,4015,0.002130617239012,0.00096251439167,1
4056,4020,0.0006413159328,3.72958466037216E-05,1
4056,4028,0.001751579964823,0.000666674967358,1
4056,4041,0.001219950220285,"N/A",1
4056,4055,0.001350753324924,0.000464511227508,1
4056,4056,0.000715064555201,"N/A",1
4056,4061,0.004373055107454,"N/A",1
4056,4066,0.004679233667314,2.81926892114786E-05,1
4056,4076,0.00552673728598,0.00466362012981,1
4056,4079,0.001493208872487,0.000196385314988,1
4056,4080,0.001078671180262,2.18707546896075E-05,1
4056,4081,0.000492885288176,9.00312637201967E-05,1
4056,4084,0.000713137536217,"N/A",1
4056,4091,0.000515079461693,0.000225083177579,1
4056,4093,0.00086391004419,0.000440340565647,1
4061,4000,0.067053708057187,0.010409652924418,2
4061,4003,0.033728706157438,"N/A",2
4061,4004,0.024907053413815,0.005731059066834,2
4061,4005,0.020222945517063,"N/A",2
4061,4006,0.043739956589855,"N/A",2
4061,4011,0.008263713936676,0.001226950054699,1
4061,4012,0.025705660206513,0.00272594976424,1
4061,4013,0.014584780339075,"N/A",2
4061,4015,0.044945025230956,0.018539762566893,2
4061,4020,0.016397364278137,0.000965078313009,2
4061,4021,0.004309779887149,6.46394116826512E-05,1
4061,4022,0.007865981760282,0.004169737161381,1
4061,4028,0.033652912039581,0.012808752375612,1
4061,4036,0.045548166008933,0.014352898829311,2
4061,4041,0.023438768586327,"N/A",1
4061,4054,0.056835215766386,0.014335679459596,2
4061,4055,0.033248026208682,0.010363656962566,2
4061,4056,0.018145030640187,"N/A",2
4061,4061,0.084019023870414,"N/A",1
4061,4066,0.08990159866022,0.000541663018102,1
4061,4076,0.114787815535526,0.089736366994898,2
4061,4078,0.063625166978651,0.011216466928009,2
4061,4079,0.040339346868579,0.004265386387895,2
4061,4080,0.020724390023876,0.0004202003897,1
4061,4081,0.009469750500526,0.001729760707268,1
4061,4084,0.013701432569679,"N/A",1
4061,4091,0.00989616470037,0.004324498183801,1
4061,4093,0.016598208081345,0.008460214561009,1
4061,4094,0.004163859353431,6.76010719997472E-05,1
4066,4000,0.008504426079017,0.00528991553362,1
4066,4003,0.006520159978787,0.003144528647879,1
4066,4004,0.007938315592846,0.006331301391203,1
4066,4005,0.004921700151102,0.00237362690053,1
4066,4006,0.007159676486488,0.003452953285587,1
4066,4011,0.007282786314335,0.003675005120056,1
4066,4012,0.02265432126372,0.011186679892603,1
4066,4013,0.002946266968689,0.001420919259264,1
4066,4015,0.003533747150032,0.002063638181614,1
4066,4020,0.003592018720911,0.001823630799089,1
4066,4021,0.003798196092029,0.001832671377603,1
4066,4022,0.006932266139846,0.00496804738803,1
4066,4036,0.012735959926624,0.009405102570988,1
4066,4054,0.006756426029855,0.007147798110488,1
4066,4055,0.006430076922301,0.00558346058895,1
4066,4056,0.003883500865892,0.001872926395455,1
4066,4076,0.007581995190897,0.005669220026659,1
4066,4078,0.005318642860372,0.004327665863791,1
4066,4079,0.010267541935243,0.005252975756563,1
4066,4094,0.003669596763193,0.001770767684686,1
4068,4000,0.076229143654349,0.008843233465985,4
4068,4003,0.035555082284191,"N/A",4
4068,4004,0.018680364828687,0.005042127396519,2
4068,4005,0.014814177666383,"N/A",2
4068,4006,0.031233718993888,"N/A",2
4068,4011,0.0072751321596,0.001080170958187,1
4068,4012,0.022630511739057,0.002399846479107,1
4068,4013,0.01920898538535,"N/A",4
4068,4015,0.031208276647291,0.012557670493614,2
4068,4020,0.018007567327377,0.00105002450335,4
4068,4021,0.003794204215933,5.69066483077267E-05,1
4068,4022,0.013066377973871,0.005362672472642,2
4068,4023,0.017507980867718,"N/A",2
4068,4028,0.022754277860127,0.008660585159865,1
4068,4031,0.009659208849874,0.001185463305846,1
4068,4033,0.032331122535807,0.01756335976824,1
4068,4035,0.042312453045784,"N/A",1
4068,4036,0.055544595269888,0.015021827201485,4
4068,4038,0.00702911363247,0.001556706654592,1
4068,4039,0.021049202940389,0.008260206885116,1
4068,4041,0.020001301206214,"N/A",2
4068,4054,0.03999457843579,0.010512815514204,2
4068,4055,0.035017586272724,0.00860532146178,4
4068,4056,0.01316861988761,"N/A",2
4068,4061,0.056809116917891,"N/A",1
4068,4066,0.077853416149878,0.007428273619402,2
4068,4068,0.03408794328844,"N/A",1
4068,4069,0.028677004527158,0.009930056502014,1
4068,4076,0.089519236251882,0.06082867821696,4
4068,4078,0.061916195078462,0.008595896698691,4
4068,4079,0.046115513234838,0.003309388347226,4
4068,4080,0.026870355731084,0.002873754861479,3
4068,4081,0.02232783700687,0.001690094878135,3
4068,4083,0.00733981085567,0.001867810682667,1
4068,4084,0.019981535691894,"N/A",3
4068,4087,0.019835703998582,0.002766510452119,1
4068,4089,0.049666535972482,0.031264581855055,1
4068,4091,0.011717727616078,0.003988540063182,2
4068,4093,0.01958634534997,0.007740065823613,2
4068,4094,0.003665740044044,5.95140074665534E-05,1
4069,4000,0.019078007292959,0.010896677132349,1
4069,4003,0.014626696554334,0.006064575245065,1
4069,4004,0.017808049757501,0.013508630235532,1
4069,4005,0.011040866309385,0.004577804992073,1
4069,4006,0.016061326061903,0.00665940665933,1
4069,4011,0.016337498747945,0.007195133024643,1
4069,4012,0.050820514197028,0.021749654724153,1
4069,4013,0.006609370484664,0.002740401735816,1
4069,4015,0.007927266728336,0.004197364031341,1
4069,4020,0.008057987536991,0.003577144911555,1
4069,4021,0.008520505918982,0.003535114402211,1
4069,4022,0.015551175675336,0.010465792988263,1
4069,4036,0.028570621239502,0.019890084521689,1
4069,4054,0.015156712972078,0.015593953254539,1
4069,4055,0.014424612934271,0.012010831467973,1
4069,4056,0.008711870401755,0.003612148059573,1
4069,4076,0.01700871501535,0.012007817899325,1
4069,4078,0.011931329208583,0.009252695973114,1
4069,4079,0.023033210954073,0.010328169041693,1
4069,4094,0.008232018617123,0.003415805728012,1
4076,4000,0.030194163660941,0.014866169143295,1
4076,4003,0.023149213793596,0.006870873515645,1
4076,4004,0.028184241708442,0.019761329820329,1
4076,4005,0.017474032753263,0.005186433972506,1
4076,4006,0.025419756910557,0.007544789040705,1
4076,4011,0.025856846757152,0.008581189072422,1
4076,4012,0.080432033568023,0.025350834216821,1
4076,4013,0.010460443328554,0.003104744017179,1
4076,4015,0.012546236370696,0.005562044349224,1
4076,4020,0.012753124093811,0.004291799002882,1
4076,4021,0.013485137427677,0.004007604540744,1
4076,4022,0.024612357897276,0.014952860768832,1
4076,4036,0.045217825968579,0.028628224402556,1
4076,4054,0.023988054151218,0.023682786861412,1
4076,4055,0.022829382387534,0.017823136177871,1
4076,4056,0.013788003991412,0.004092390882165,1
4076,4076,0.02691915968736,0.017332895656459,1
4076,4078,0.01888334044979,0.013585195101101,1
4076,4079,0.036453940419708,0.012482362337065,1
4076,4094,0.01302855762494,0.003872761780633,1
4080,4000,0.038770242848603,0.013026289166471,3
4080,4003,0.016409614887172,0.005126791728363,3
4080,4004,0.006467522368476,0.002706508790382,1
4080,4005,0.005954505836262,0.002488847893478,1
4080,4006,0.014487664262762,0.00605551387022,1
4080,4013,0.008907814211865,0.002673101961747,3
4080,4015,0.016651453527143,0.010248241852454,1
4080,4020,0.007881204700388,0.002443815621225,3
4080,4022,0.003444855262343,0.002783241194992,1
4080,4023,0.009243466671139,0.004263893543945,2
4080,4028,0.013689156292026,0.007738570988889,1
4080,4031,0.005418078853191,0.002776662356501,1
4080,4033,0.018135291827078,0.013359660244426,1
4080,4035,0.023734056343234,0.011809318304027,1
4080,4036,0.023707854806195,0.010358464442246,3
4080,4038,0.003942796197978,0.002147363473329,1
4080,4039,0.011806996111211,0.007482047698326,1
4080,4041,0.011863970106169,0.004150284427488,2
4080,4054,0.020000611401912,0.009760579607394,1
4080,4055,0.016111565617828,0.006595620075174,3
4080,4056,0.005588457650594,0.002335848084449,1
4080,4061,0.034176820951269,0.014285133169629,1
4080,4066,0.046142887644763,0.016543801397046,2
4080,4068,0.01912073416678,0.009513874607724,1
4080,4069,0.0160856105522,0.009751104516006,1
4080,4076,0.048178083825043,0.04077067637439,3
4080,4078,0.032499579396117,0.011569365012972,3
4080,4079,0.019819801217514,0.006197890693571,3
4080,4080,0.014895614136872,0.004777591000622,3
4080,4081,0.01186152066025,0.003940354034801,3
4080,4083,0.004117073623896,0.002300898230386,1
4080,4084,0.010685528064331,0.00312386504103,3
4080,4087,0.011126315834269,0.005749481271044,1
4080,4089,0.027859135509554,0.02235392975872,1
4080,4091,0.005579236935506,0.002707569755197,2
4080,4093,0.011443037545156,0.005814620805594,2
4081,4000,0.040197090056924,0.017629193939603,3
4081,4003,0.015799965099676,0.00603739950386,3
4081,4004,0.001379908662782,0.000531414512044,1
4081,4005,0.001270451606954,0.000488571779731,1
4081,4006,0.003091083769127,0.00118872398611,1
4081,4013,0.011361151175842,0.00456804460151,3
4081,4015,0.003552749207642,0.002107747791424,1
4081,4020,0.008264023268138,0.003310658344942,3
4081,4022,0.007576940123247,0.006180468241447,1
4081,4023,0.021265669641725,0.009798730873024,2
4081,4028,0.002920714344277,0.001580312158056,1
4081,4031,0.011917034513009,0.006251900844479,1
4081,4033,0.039888474210655,0.029723352789806,1
4081,4035,0.052202925841412,0.0266266940692,1
4081,4036,0.028912569136685,0.017361356923804,3
4081,4038,0.008672158461001,0.004822293777566,1
4081,4039,0.025969422735405,0.016712669477516,1
4081,4041,0.007158331538562,0.00272816974648,2
4081,4054,0.00426732454285,0.001961778396172,1
4081,4055,0.015509477679637,0.007733713928014,3
4081,4056,0.001192351674148,0.000458537244799,1
4081,4061,0.007291956426292,0.002804234422949,1
4081,4066,0.028858665626661,0.014426987619652,2
4081,4068,0.042055949194134,0.021451113609684,1
4081,4069,0.035380211567153,0.02181175474319,1
4081,4076,0.021326319965801,0.010845334215399,3
4081,4078,0.026306759747315,0.010591683285141,3
4081,4079,0.02217010135606,0.00875297961425,3
4081,4080,0.01722864998929,0.007670440376482,3
4081,4081,0.019933726246836,0.008532865372117,3
4081,4083,0.009055480696757,0.005161790373024,1
4081,4084,0.013889945947412,0.005562901190361,3
4081,4087,0.024472270225735,0.012940597632199,1
4081,4089,0.061276014684513,0.049645677239381,1
4081,4091,0.00632612665389,0.005457468812931,2
4081,4093,0.011759046914023,0.00836224840806,2
4083,4000,0.009301960695704,0.002386761288819,2
4083,4003,0.003849032404331,0.000735831446516,2
4083,4004,0.001573281005006,0.000156933980174,1
4083,4005,0.001448485276533,0.000141418497526,1
4083,4006,0.003524250198593,0.000344079554044,1
4083,4013,0.002038246014848,0.000525398886763,2
4083,4015,0.004050610735833,0.001872124988207,1
4083,4020,0.001770974567736,0.000351806268303,2
4083,4022,0.000864318963656,0.000730058253546,1
4083,4023,0.002141436588018,0.001188951883884,1
4083,4028,0.003330006197392,0.00130847904194,1
4083,4031,0.001359403499645,0.000772977241871,1
4083,4033,0.00455016987475,0.003534412144769,1
4083,4035,0.00595490765786,0.003306237839488,1
4083,4036,0.005492096543859,0.002291329491571,2
4083,4038,0.000989253035098,0.000591328160174,1
4083,4039,0.002962391701704,0.002014114981427,1
4083,4041,0.002903818767052,0.000395720476353,2
4083,4054,0.004865322485857,0.001314400519782,1
4083,4055,0.003764149338608,0.001265192847277,2
4083,4056,0.001359440875197,0.000132724915579,1
4083,4061,0.008313808619542,0.00081169366561,1
4083,4066,0.011297823264858,0.001904180674111,2
4083,4068,0.004797418724681,0.002663585773404,1
4083,4069,0.004035901999784,0.002640865818637,1
4083,4076,0.011539808551417,0.008955933532385,2
4083,4078,0.007718078034388,0.001689498336757,2
4083,4079,0.004549948055177,0.001062185823147,2
4083,4080,0.003442926545694,0.00089211210785,2
4083,4081,0.002662301307126,0.000987339631501,2
4083,4083,0.001032979482999,0.000630895170184,1
4083,4084,0.002361385444324,0.000573802206797,2
4083,4087,0.002791608076052,0.001598089934632,1
4083,4089,0.006989895742558,0.005867009635464,1
4083,4091,0.000979240362436,0.000438465625062,1
4083,4093,0.002819472530723,0.001300803771852,2
4084,4000,0.007616371417219,0.001286323777674,1
4084,4003,0.003493524742357,"N/A",1
4084,4004,0.002109557186454,4.31277240443931E-05,1
4084,4005,0.001942222981693,"N/A",1
4084,4006,0.004725543186276,"N/A",1
4084,4013,0.00149155233716,"N/A",1
4084,4015,0.005431321524963,0.002453620029841,1
4084,4020,0.001634828145732,9.50737329734811E-05,1
4084,4028,0.004465088234266,0.001699472826028,1
4084,4036,0.004125939612953,0.001573770698022,1
4084,4041,0.003109869651619,"N/A",1
4084,4054,0.006523739867067,0.001643318992134,1
4084,4055,0.003443309982781,0.00118412156926,1
4084,4056,0.00182282647455,"N/A",1
4084,4061,0.011147693682409,"N/A",1
4084,4066,0.011928197177923,7.18681689780704E-05,1
4084,4076,0.014088634333064,0.011888395499435,1
4084,4078,0.00764109502252,0.001392620539458,1
4084,4079,0.003806454459256,0.000500621026128,1
4084,4080,0.002749724301692,5.57524357438978E-05,1
4084,4081,0.001256452086274,0.000229505671694,1
4084,4084,0.001817914161113,"N/A",1
4084,4091,0.001313028974016,0.000573776971719,1
4084,4093,0.002202260045928,0.001122506261904,1
4087,4000,0.011030557387759,0.002330805704176,2
4087,4003,0.006471826375146,0.000748994352207,2
4087,4004,0.00606531139022,0.00286483382035,2
4087,4005,0.004297222593368,0.000561676453086,2
4087,4006,0.007859205047856,0.000828497671028,2
4087,4011,0.003926702356534,0.001009884187183,1
4087,4012,0.01221466247291,0.002873545358624,1
4087,4013,0.002850747261933,0.000337930799216,2
4087,4015,0.006501440020425,0.002214380372496,2
4087,4020,0.00332016480513,0.000519370406463,2
4087,4021,0.002047895530834,0.000431147914536,1
4087,4022,0.003737710350484,0.002131157734491,1
4087,4028,0.00377847661591,0.001447187724579,1
4087,4036,0.01035840178314,0.004315397876625,2
4087,4041,0.002631654547607,0.000112537953986,1
4087,4054,0.009163464084259,0.003786926910015,2
4087,4055,0.006380762701088,0.0027958692212,2
4087,4056,0.003636414126823,0.000444631339328,2
4087,4061,0.009433475373917,0.000403405537602,1
4087,4066,0.010093958224806,0.000435913189865,1
4087,4076,0.01601020625149,0.010376052348975,2
4087,4078,0.009333781849754,0.002315122336057,2
4087,4079,0.008757133615288,0.001563142815207,2
4087,4080,0.002326889958055,0.000110123433913,1
4087,4081,0.001063243227886,0.000199465072044,1
4087,4084,0.001538367393232,6.57855032952317E-05,1
4087,4091,0.001111120097529,0.000487864709973,1
4087,4093,0.00186361112012,0.000953231910147,1
4087,4094,0.001978557880958,0.000416731599303,1
4089,4000,0.045745051689544,0.026087688794821,2
4089,4003,0.027443006471303,0.015044552791973,2
4089,4004,0.025877906543542,0.023861104097831,1
4089,4005,0.016044121080337,0.010723062460061,1
4089,4006,0.023339641367535,0.015599011683241,1
4089,4011,0.023740963862507,0.016254053179568,1
4089,4012,0.073850226992515,0.049975112247747,1
4089,4013,0.014211507683663,0.007403088449655,2
4089,4015,0.011519569539343,0.008582894673603,1
4089,4020,0.014454954774205,0.008354149225702,2
4089,4021,0.012381639701015,0.008277332346518,1
4089,4022,0.026899111392479,0.01977291706342,2
4089,4023,0.010655659327215,0.008529742074123,1
4089,4031,0.006764309838304,0.005478028629913,1
4089,4033,0.022641370908468,0.021903537001358,1
4089,4035,0.02963126140751,0.023719509921968,1
4089,4036,0.053534630578538,0.03808825365007,2
4089,4038,0.004922463447852,0.004088402202195,1
4089,4039,0.014740682466968,0.013141379423485,1
4089,4041,0.00290852337084,0.002328242055042,1
4089,4054,0.022025095793182,0.025432118537876,1
4089,4055,0.026913320672991,0.021351978208612,2
4089,4056,0.012659722493257,0.008461105120218,1
4089,4066,0.011951834123573,0.010887079389918,1
4089,4068,0.023871666275912,0.019109015215325,1
4089,4069,0.020082404974467,0.017515355620149,1
4089,4076,0.029854918737113,0.022240780923795,2
4089,4078,0.027386746902842,0.018255530504232,2
4089,4079,0.041985432609376,0.02407852094036,2
4089,4080,0.006927587947229,0.005884597503977,1
4089,4081,0.008584766187151,0.006907293795092,1
4089,4083,0.005140043615781,0.004317458013748,1
4089,4084,0.005003845315354,0.004005525008647,1
4089,4087,0.013890873444468,0.011287011837388,1
4089,4089,0.034781299704219,0.035419605341753,1
4089,4093,0.005856954244384,0.00594255537383,1
4089,4094,0.01196242212592,0.007997424051139,1
4091,4003,0.003112104532762,0.002746093278847,1
4091,4013,0.002316963245432,0.002044467699794,1
4091,4020,0.001380721929067,0.00124560982074,1
4091,4022,0.002162944767301,0.002353348454313,1
4091,4023,0.005358911764435,0.004728655937912,1
4091,4031,0.00340188612057,0.003030689884785,1
4091,4033,0.011386729361218,0.011798965116769,1
4091,4035,0.014902063821261,0.013149448185208,1
4091,4036,0.006043557728075,0.006392674595942,1
4091,4038,0.00247559033849,0.002252190016603,1
4091,4039,0.007413339171447,0.007159191821726,1
4091,4041,0.001462745723235,0.001290713778072,1
4091,4055,0.00299340284985,0.002993559687368,1
4091,4066,0.006010780048853,0.005912582292808,1
4091,4068,0.012005465763712,0.010593515897711,1
4091,4069,0.01009978200044,0.009573605810352,1
4091,4076,0.002584274850616,0.002562151339453,1
4091,4078,0.00505363281348,0.004603720435748,1
4091,4079,0.004282107692796,0.003786305716752,1
4091,4080,0.003484001450267,0.003229776008179,1
4091,4081,0.004317424488014,0.003825760041173,1
4091,4083,0.002585015094465,0.002373956598601,1
4091,4084,0.002516518659655,0.002220553617214,1
4091,4087,0.00698595580376,0.006240872434862,1
4091,4089,0.017492105410244,0.018959953834293,1
4091,4093,0.002945561606294,0.003182399509544,1
4093,4003,0.004194584812949,0.003771025677259,1
4093,4013,0.003122870308223,0.002807530338331,1
4093,4020,0.001860977089169,0.001709154026095,1
4093,4022,0.002915279733267,0.003211357859192,1
4093,4023,0.007222896809664,0.006493545976076,1
4093,4031,0.004585160847427,0.004160395228547,1
4093,4033,0.015347364314053,0.016120901470792,1
4093,4035,0.020085434126072,0.018057255057637,1
4093,4036,0.008145682510176,0.008729564211048,1
4093,4038,0.003336672508136,0.003089420484353,1
4093,4039,0.009991913695196,0.009801439144211,1
4093,4041,0.001971531139553,0.001772450643463,1
4093,4055,0.004034595239598,0.004094134295312,1
4093,4066,0.008101503802802,0.008090235932401,1
4093,4068,0.016181315195137,0.014547364712785,1
4093,4069,0.013612779309677,0.013114596169976,1
4093,4076,0.003483160647968,0.003504999340519,1
4093,4078,0.006811432979349,0.006314819644125,1
4093,4079,0.00577154902945,0.005199086782622,1
4093,4080,0.004695838272054,0.004427587868586,1
4093,4081,0.005819150031057,0.00525285065646,1
4093,4083,0.003484158370111,0.003255404207394,1
4093,4084,0.003391836887279,0.003049337315941,1
4093,4087,0.00941587398813,0.008566341986164,1
4093,4089,0.023576367351381,0.025874982877046,1
4093,4093,0.003970113423021,0.004343424250547,1
4094,4000,0.001994025198195,0.001079798419535,1
4094,4003,0.001528776095313,0.00056981472684,1
4094,4004,0.00186128977738,0.001370847785971,1
4094,4005,0.00115398664508,0.000430120922847,1
4094,4006,0.00167872296053,0.000625703834673,1
4094,4011,0.001707588412072,0.000685101376377,1
4094,4012,0.005311738502767,0.002058394401974,1
4094,4013,0.000690808588562,0.000257482379792,1
4094,4015,0.000828554542745,0.00041208877531,1
4094,4020,0.000842217426001,0.00034115692757,1
4094,4021,0.00089055965033,0.000332203439293,1
4094,4022,0.001625402259366,0.00105329086256,1
4094,4036,0.002986189165609,0.002006906280343,1
4094,4054,0.001584173185597,0.001604275563219,1
4094,4055,0.001507654401398,0.001225138209301,1
4094,4056,0.00091056098458,0.00033938982974,1
4094,4076,0.001777743650514,0.001212807034475,1
4094,4078,0.001247057448115,0.000940190082857,1
4094,4079,0.002407421400594,0.000986976647823,1
4094,4094,0.000860407080388,0.000321000245335,1
5001,5001,0.003652167471853,0.000933681079877,2
5001,5002,0.000393258834064,9.91179349793688E-05,1
5001,5005,0.007210322801679,0.000470772716978,2
5005,5001,0.066372794213181,0.018837632494608,2
5005,5002,0.008423428785415,0.002071595443031,1
5005,5005,0.132969405885368,"N/A",2
6002,6002,0.031526848569826,0.009204573046242,3
6002,6003,0.011433776357511,0.003452545362837,2
6002,6005,0.001344716207764,0.000762153907428,2
6002,6006,0.013664832400337,0.00267131300009,3
6002,6008,0.007052025389331,0.001556397139,3
6002,6017,0.003039005778356,0.000929562396138,3
6002,6018,0.001526563885405,8.90920508215897E-05,3
6002,6019,0.004519073058631,0.000166757449585,2
6002,6021,0.007354109802037,0.001610656544719,4
6002,6023,0.018296162192048,0.002716843414676,4
6002,6024,0.004511878862889,0.000554473194168,2
6002,6033,0.038934042006598,0.011808050051943,2
6002,6038,0.010178680872944,0.000525642172374,3
6002,6040,0.008857999566665,0.002830234355693,3
6002,6048,0.000268848030248,1.20072406594129E-05,1
6002,6052,0.025407304137106,0.007312028928852,2
6002,6053,0.002940612093652,0.001198195860268,2
6002,6082,0.002818933790009,0.000941820202795,3
6002,6085,0.005889021799153,0.000907636099683,4
6002,6086,0.007137695749143,0.00242149173422,3
6002,6092,0.003939909067806,0.000530284637394,4
6002,6094,0.00587917024366,0.003295719184532,2
6002,6095,0.008252863509217,0.002574536404912,5
6002,6096,0.003066427888134,0.000136952231279,1
6003,6002,0.050481189478222,0.026967069101857,3
6003,6005,0.008150810803192,0.006981820364934,2
6003,6006,0.023281771624564,0.010514292610529,3
6003,6008,0.029914131704499,0.014607802009286,3
6003,6017,0.012105171869369,0.007247248338006,3
6003,6018,0.007504229751993,0.004054647299418,3
6003,6019,0.027880322387009,0.020028226793209,2
6003,6021,0.013463424145278,0.006497330159813,4
6003,6023,0.025626074761459,0.009094034817825,4
6003,6024,0.015833851341595,0.010413982516813,2
6003,6033,0.042606919419727,0.026651998144258,2
6003,6038,0.051175041706906,0.023254920815615,3
6003,6040,0.03387722445921,0.019648385791086,3
6003,6048,0.001731786972956,0.001620395072805,1
6003,6052,0.03068822310117,0.013551859622105,2
6003,6053,0.017999123182866,0.014444138276645,2
6003,6082,0.0122211064236,0.007385085750878,3
6003,6085,0.009324551426557,0.00379712236599,4
6003,6086,0.007875168238425,0.003703635407196,3
6003,6092,0.009838705158805,0.004790676982528,4
6003,6094,0.034488710316932,0.025963302232303,2
6003,6095,0.014508725097552,0.006398458676927,5
6003,6096,0.019752422456923,0.018481908297608,1
6005,6002,0.002526125396695,0.001601702669587,2
6005,6003,0.01159828022618,0.008910398393864,2
6005,6005,0.00397380048742,0.003422619188835,2
6005,6006,0.004685789170775,0.001973774747048,2
6005,6007,0.004423254938099,0.001630000491438,3
6005,6008,0.006482631090067,0.003470029915153,3
6005,6017,0.008054720473027,0.004107958593924,3
6005,6018,0.004221664024034,0.002041956051516,3
6005,6019,0.003775569178786,0.002032969802833,2
6005,6021,0.002600268429287,0.001793392481856,2
6005,6023,0.002582101337042,0.001670363173046,2
6005,6024,0.003100174848259,0.001009495016571,2
6005,6025,0.004752630927917,0.002050504318583,1
6005,6038,0.010492725594389,0.006750717386937,3
6005,6040,0.007338013250151,0.003436939742451,3
6005,6048,0.000459698989977,0.000109266130716,1
6005,6053,0.008116590015959,0.005198202594674,2
6005,6082,0.007416791180262,0.003729438160819,3
6005,6085,0.002147216198924,0.001724078255521,2
6005,6092,0.006722646897774,0.002595315969132,3
6005,6094,0.021131070872864,0.020674572130932,2
6005,6095,0.004542559046572,0.002445212743116,3
6005,6096,0.001660248404981,0.000394625446641,1
6006,6002,0.005289735311804,0.000163666040235,2
6006,6003,0.023416566572116,0.006980055858507,2
6006,6005,0.002656756482247,0.001462644652673,2
6006,6006,0.026479573187176,"N/A",3
6006,6008,0.019756837508083,0.00472515365803,3
6006,6017,0.008712912522334,0.002621296139325,3
6006,6018,0.003758090425523,"N/A",3
6006,6019,0.008312788064917,"N/A",2
6006,6021,0.001796035826232,0.000750843734717,2
6006,6023,0.013512235383208,"N/A",3
6006,6024,0.013416752295707,"N/A",2
6006,6033,0.009907399027558,0.002099063709636,1
6006,6038,0.025612272517066,"N/A",3
6006,6040,0.025954091589336,0.008829489573851,3
6006,6048,0.000402404192422,"N/A",1
6006,6053,0.005589281599509,0.001802186243441,2
6006,6082,0.007607645290116,0.002775302975275,3
6006,6085,0.002496930592072,"N/A",3
6006,6086,0.001946328961734,0.001659787923262,1
6006,6092,0.009379807153356,"N/A",4
6006,6094,0.013060608044431,0.007184885613883,2
6006,6095,0.005195992720887,0.001023015031906,4
6006,6096,0.004589743271706,"N/A",1
6007,6005,0.00079901138937,0.000621945636872,1
6007,6007,0.008214500814897,"N/A",3
6007,6017,0.006469718467519,0.002173057521865,2
6007,6018,0.002215019950492,"N/A",2
6007,6021,0.003913891066248,0.000799674156044,2
6007,6025,0.012187692842445,0.001695534526023,3
6007,6048,0.000257688256732,"N/A",1
6007,6053,0.001914987235035,0.001139483388187,1
6007,6078,0.000736863927222,"N/A",1
6007,6082,0.005367444850433,0.002473025924576,2
6007,6085,0.00458473605931,"N/A",3
6007,6086,0.004912490054906,0.002261109614855,2
6007,6092,0.00818770969139,"N/A",3
6007,6094,0.002394060306991,0.002285564896697,1
6007,6095,0.007823257939656,0.001752228032084,4
6008,6002,0.040235280481269,0.025146204219725,2
6008,6003,0.010972007732252,0.004793866123708,1
6008,6005,0.001422059492281,0.001114573456959,1
6008,6006,0.027228565381858,0.00709581178065,2
6008,6008,0.018487095403422,0.007921449097484,2
6008,6017,0.009145191348994,0.004160887459824,2
6008,6018,0.003282464214677,0.000804410941509,2
6008,6019,0.00561232924977,0.000514523950709,1
6008,6021,0.008543971555874,0.004271498882734,3
6008,6023,0.024634355246943,0.008632015844304,3
6008,6024,0.016973464551043,0.005468897928337,2
6008,6033,0.047618925983195,0.02733799512504,2
6008,6038,0.017497001953637,0.004269253476697,2
6008,6040,0.028121436171324,0.014344500899838,2
6008,6048,0.000458626793574,4.20457281155164E-05,1
6008,6052,0.026389170627638,0.013898142558932,2
6008,6053,0.003408244001788,0.002051951851865,1
6008,6082,0.007705424816112,0.004092547673533,2
6008,6085,0.006946414946793,0.003428992855941,3
6008,6086,0.007698542864714,0.003707666686881,3
6008,6092,0.010008061623948,0.002953759185811,3
6008,6094,0.004260885676907,0.004086501184218,1
6008,6095,0.012295000071276,0.005808045090636,4
6008,6096,0.005231007230223,0.000479565325999,1
6017,6002,0.001897112758782,0.000737455275659,1
6017,6006,0.002576617306167,0.000573177171965,2
6017,6007,0.00306390752609,0.000671779039239,2
6017,6008,0.001407298215342,0.000651276208195,1
6017,6017,0.002271934819169,0.001077583065032,1
6017,6018,0.000632618845307,0.000189100921401,1
6017,6021,0.003387527201701,0.001007361678485,2
6017,6023,0.001790405787613,0.000312768430026,3
6017,6024,0.001361430340649,0.000406955521086,1
6017,6025,0.004275723552384,0.000995143028767,3
6017,6033,0.002920327617215,0.000932453822507,2
6017,6038,0.001055190329965,0.000315414985074,1
6017,6040,0.002246867936512,0.001199451035248,1
6017,6052,0.002067358923595,0.000559726217758,2
6017,6078,0.002022853083131,0.000307074827509,2
6017,6082,0.001771386674133,0.0010909057086,1
6017,6085,0.003322904829107,0.000752919910557,2
6017,6086,0.004508448743995,0.001854259086956,3
6017,6092,0.003690410710369,0.000809700835252,2
6017,6095,0.004880120808467,0.001630990652327,3
6018,6006,0.001803272992462,"N/A",1
6018,6007,0.001272412441766,"N/A",1
6018,6008,0.001498507158442,0.000529416484168,1
6018,6017,0.002419182056031,0.000890872040523,1
6018,6018,0.000673619747345,"N/A",1
6018,6023,0.000543755454625,"N/A",1
6018,6024,0.001449666523373,"N/A",1
6018,6025,0.002721424728425,0.000471325009766,1
6018,6038,0.001123578674181,"N/A",1
6018,6040,0.00239249055405,0.001058187912826,1
6018,6082,0.001886192693645,0.001015601443945,1
6018,6092,0.002474641894326,"N/A",1
6018,6095,0.000969122312665,0.000355861809635,1
6019,6006,0.023501078835328,"N/A",2
6019,6008,0.005218643170623,0.001843725406283,1
6019,6017,0.002648334083832,0.000975258056072,1
6019,6018,0.000737426987766,"N/A",1
6019,6023,0.013762597408343,"N/A",2
6019,6024,0.005048552660732,"N/A",1
6019,6033,0.018678452924323,0.003957371917346,1
6019,6038,0.003912931707827,"N/A",1
6019,6040,0.008331995226271,0.003685204367157,1
6019,6082,0.002064858404022,0.00111180219483,1
6019,6085,0.002213334644464,"N/A",1
6019,6086,0.003669420580101,0.003129203790297,1
6019,6092,0.005637170913501,"N/A",2
6019,6095,0.002758375055432,0.000509851812435,2
6021,6002,0.003569876952285,0.002219895890453,1
6021,6021,0.006144110584954,0.003076694228997,2
6021,6023,0.001262842989158,0.000719735020541,1
6021,6025,0.001334003467716,0.000879157825503,1
6021,6033,0.003692898444182,0.002417555780583,1
6021,6052,0.003526785204234,0.001388570721038,2
6021,6078,0.0033339231967,0.000920148058726,2
6021,6085,0.004309312155331,0.002456016226295,1
6021,6086,0.004992681660794,0.002560288298737,2
6021,6095,0.005979947563128,0.004110568302815,1
6023,6002,0.012933209724982,0.002946027008599,2
6023,6003,0.004060398450789,0.001734567160364,1
6023,6005,0.000526259942601,0.000409637559008,1
6023,6006,0.010356004975968,"N/A",2
6023,6008,0.004748322959325,0.001313007727133,2
6023,6017,0.002322115109506,0.000739730359057,2
6023,6018,0.000918958995925,"N/A",2
6023,6019,0.002076948316769,"N/A",1
6023,6021,0.002419504884082,0.000499845000582,2
6023,6023,0.009593433175005,"N/A",3
6023,6024,0.004256397883525,"N/A",2
6023,6033,0.018633512105271,0.004170865582546,2
6023,6038,0.004905635483702,"N/A",2
6023,6040,0.007064940319382,0.002661399937324,2
6023,6048,0.000169723497063,"N/A",1
6023,6052,0.005702343810325,0.002458545263591,1
6023,6053,0.001261284990175,0.000750508028346,1
6023,6082,0.002023331942404,0.000837834610395,2
6023,6085,0.002644101040082,"N/A",3
6023,6086,0.00272341147269,0.001160728462783,2
6023,6092,0.003092908502948,"N/A",3
6023,6094,0.001576821127335,0.001505361835073,1
6023,6095,0.004003122026471,0.000971246703014,4
6023,6096,0.001935832909708,"N/A",1
6024,6002,0.003343992002651,0.000152353034039,2
6024,6003,0.013707195127588,0.004304981782045,2
6024,6005,0.001648164560102,0.000983366858981,2
6024,6006,0.016925760587616,"N/A",2
6024,6008,0.012316114796992,0.003003729177638,3
6024,6017,0.005680184707049,0.001695502760719,3
6024,6018,0.002048791863649,"N/A",2
6024,6019,0.005767186860319,"N/A",2
6024,6021,0.001191512758936,0.000644406485978,2
6024,6023,0.015007906249711,"N/A",3
6024,6024,0.009502862111041,"N/A",2
6024,6033,0.017396830532555,0.003685836770277,1
6024,6038,0.014808258512923,"N/A",3
6024,6040,0.017034316848232,0.005965702855695,3
6024,6048,0.000377280140719,"N/A",1
6024,6053,0.003685980995775,0.001671127467854,2
6024,6082,0.005006975963428,0.001885506192448,3
6024,6085,0.002730954272944,"N/A",3
6024,6086,0.003417643219346,0.002914493414534,1
6024,6092,0.007767307964088,"N/A",4
6024,6094,0.006669783343754,0.003959654144396,2
6024,6095,0.00267501326321,0.000637757693119,3
6024,6096,0.004303183267038,"N/A",1
6025,6005,0.001421388510312,0.000816186743016,2
6025,6007,0.012499057819841,0.002372993519915,4
6025,6017,0.012028795852632,0.004822092698528,3
6025,6018,0.004066482282515,0.000765121001662,3
6025,6021,0.004623084125585,0.001421074080313,3
6025,6025,0.020367419413635,0.00542692066334,3
6025,6048,0.000262260502145,6.24795879473793E-05,1
6025,6053,0.003070748361613,0.0012621833262,2
6025,6078,0.000813613693298,0.000248338953041,1
6025,6082,0.00984119699788,0.004997713640718,3
6025,6085,0.005305938133884,0.001115455273375,4
6025,6086,0.005178909042591,0.002615143403191,2
6025,6092,0.013700283962704,0.002854666723342,4
6025,6094,0.006460366428111,0.003635466181592,2
6025,6095,0.010726513005178,0.002913788758459,5
6033,6002,0.062834982410216,0.026623730542479,1
6033,6006,0.037028754540009,0.029709486700241,2
6033,6008,0.022101137932226,0.025686589854299,1
6033,6017,0.011215788273641,0.013087289410298,1
6033,6018,0.003123029308327,0.003457912635658,1
6033,6021,0.01185106006129,0.004286830751059,2
6033,6023,0.037437901228111,0.012013895112339,3
6033,6024,0.021380798622342,0.023673467783192,1
6033,6033,0.0763159304854,0.030974385378377,2
6033,6038,0.01657140382406,0.018348360203029,1
6033,6040,0.035286293721536,0.04207192149051,1
6033,6052,0.039305280317457,0.016864562874691,2
6033,6082,0.008744748185642,0.010766615699935,1
6033,6085,0.010532582332347,0.003193254006437,2
6033,6086,0.011407957475295,0.004255864197971,3
6033,6092,0.013246797056533,0.01272074705526,2
6033,6095,0.018276542093368,0.008416171882196,3
6038,6002,0.042073050797608,0.001185065091758,2
6038,6003,0.188900604237057,0.057156769540072,2
6038,6005,0.021206935850677,0.011782973096755,2
6038,6006,0.027545578450071,"N/A",2
6038,6008,0.065624793805696,0.016524368018203,3
6038,6017,0.0222285141386,0.010716913092801,3
6038,6018,0.016792532774676,"N/A",3
6038,6019,0.064878378783746,"N/A",2
6038,6021,0.014149366906858,0.005635717515854,2
6038,6023,0.025512897379772,"N/A",2
6038,6024,0.015303114535418,"N/A",2
6038,6038,0.138126103134224,"N/A",3
6038,6040,0.05813203225755,0.014911109447311,3
6038,6048,0.002903244785247,"N/A",1
6038,6053,0.044086250752539,0.013074198361679,2
6038,6082,0.023654737089045,0.007638268743726,3
6038,6085,0.010925933623792,"N/A",2
6038,6092,0.01430325744506,"N/A",3
6038,6094,0.107719651086966,0.059837273449518,2
6038,6095,0.015574406470556,0.003686316003355,3
6038,6096,0.033113840437417,"N/A",1
6040,6002,0.011440630033378,0.011831324431169,1
6040,6003,0.042546687658863,0.047531071383051,1
6040,6005,0.005514389209969,0.007129213578855,1
6040,6006,0.158563329011498,0.126428908810895,1
6040,6008,0.142596954554728,0.115456608515425,2
6040,6017,0.071447160874249,0.058978667600495,2
6040,6018,0.022748407147088,0.015445610606646,2
6040,6019,0.021763201909415,0.022464998324801,1
6040,6021,0.004299157075184,0.005352751083349,1
6040,6023,0.047812879921041,0.038123128930304,1
6040,6024,0.134416359003986,0.101889862225556,2
6040,6038,0.121016183471447,0.082045932267103,2
6040,6040,0.222259375188986,0.192268238879637,2
6040,6048,0.001778439408206,0.001835788616602,1
6040,6053,0.013216313417556,0.015746835205123,1
6040,6082,0.057936095282734,0.050598672864141,2
6040,6085,0.001628472192622,0.001680985418943,1
6040,6092,0.07011720305507,0.054567222064175,2
6040,6094,0.01652264348234,0.023231508547225,1
6040,6095,0.029554012747107,0.02368844589694,2
6040,6096,0.020284530980718,0.020938644800426,1
6052,6021,0.003446259452036,0.001290053422341,1
6052,6052,0.026212648271181,0.004747359869965,1
6052,6086,0.004023499090302,0.002666720712078,1
6078,6007,0.004354702074387,"N/A",2
6078,6017,0.002639588647415,0.000972037519293,1
6078,6018,0.000734991826404,"N/A",1
6078,6021,0.008466636231154,0.001516636463269,2
6078,6025,0.007594605166782,0.001013504625715,3
6078,6078,0.006315680743426,"N/A",2
6078,6082,0.002058039744703,0.001108130756449,1
6078,6085,0.006833919021921,"N/A",2
6078,6086,0.008906707032346,0.002627871463937,3
6078,6092,0.004216290916322,"N/A",2
6078,6095,0.009829279049018,0.003062722062373,3
6082,6002,0.004258250636363,0.00354252454009,2
6082,6003,0.019815346711209,0.019159716580784,2
6082,6005,0.006713986702133,0.006904819242897,2
6082,6006,0.008065894148031,0.003593316368859,2
6082,6007,0.007436847092096,0.0031360964994,3
6082,6008,0.011090188132094,0.007159923665778,3
6082,6017,0.013631038904527,0.007637613825445,3
6082,6018,0.007129884919246,0.004424451519903,3
6082,6019,0.006240914679645,0.004453081948508,2
6082,6021,0.004335546958297,0.003669149123106,2
6082,6023,0.004543220697359,0.003645511812667,2
6082,6024,0.005096377108095,0.000903605394988,2
6082,6025,0.007985553561984,0.002175104327429,1
6082,6038,0.018111424525389,0.014946626491033,3
6082,6040,0.012411035751001,0.006178543043659,3
6082,6048,0.000681310191825,0.000104768933642,1
6082,6053,0.013550161687032,0.010945007737192,2
6082,6082,0.012493769005653,0.007115945312479,3
6082,6085,0.003740855531832,0.003839779654094,2
6082,6092,0.011453106231713,0.004613218863297,3
6082,6094,0.036772779548891,0.043101027795442,2
6082,6095,0.007758519478858,0.00509080759319,3
6082,6096,0.002460619196338,0.00037838337426,1
6085,6002,0.001233488846161,0.000306797727209,1
6085,6021,0.002751195303749,0.000519823146898,2
6085,6023,0.000436346339776,"N/A",1
6085,6025,0.000460934205902,0.000152531695725,1
6085,6033,0.001275996092243,0.000410989051323,1
6085,6052,0.002209883258429,0.000385451396856,2
6085,6078,0.002440842526737,"N/A",2
6085,6085,0.001488983667861,"N/A",1
6085,6086,0.002458573997794,0.000881366208853,2
6085,6095,0.002066233295527,0.000794049364086,1
6086,6002,0.003798528029932,0.001647940276739,1
6086,6006,0.001686040611198,0.000973628658625,1
6086,6007,0.003568226769164,0.002060524414334,1
6086,6021,0.007969244210116,0.003122772990636,2
6086,6023,0.002505764494778,0.00082366692767,2
6086,6025,0.003349714590302,0.001332836809226,2
6086,6033,0.005758155751743,0.0021950076883,2
6086,6052,0.006011567865961,0.003407662090437,2
6086,6078,0.006484506258307,0.004130782734736,2
6086,6085,0.006557244672835,0.001988270424473,2
6086,6086,0.010253043282174,0.004934670713426,3
6086,6092,0.002608745663381,0.001506458103122,1
6086,6095,0.007875272845421,0.003455937112223,2
6092,6006,0.001785116644852,"N/A",1
6092,6007,0.001259601091131,"N/A",1
6092,6008,0.001483419361431,0.000524086026851,1
6092,6017,0.002394824396084,0.000881902249198,1
6092,6018,0.000666837371997,"N/A",1
6092,6023,0.00053828062464,"N/A",1
6092,6024,0.001435070480828,"N/A",1
6092,6025,0.002694023922462,0.00046657944947,1
6092,6038,0.001112265864051,"N/A",1
6092,6040,0.002368401638875,0.001047533492967,1
6092,6082,0.001867201464725,0.001005375808156,1
6092,6092,0.002449725834122,"N/A",1
6092,6095,0.000959364654418,0.000352278796556,1
6094,6002,0.004806466386059,0.00463664673311,1
6094,6003,0.017874821882524,0.018825046230858,1
6094,6005,0.007316439040701,0.009057475344478,1
6094,6006,0.006877499998708,0.004500996637585,1
6094,6007,0.009156218031764,0.005219902693942,2
6094,6008,0.010265898042871,0.006106602330305,2
6094,6017,0.015302728280434,0.0097386974894,2
6094,6018,0.008047681142174,0.005535356947445,2
6094,6019,0.009143211355095,0.008801514664034,1
6094,6021,0.005704080627845,0.006776387109035,1
6094,6023,0.00207382806381,0.001357221831173,1
6094,6024,0.008447029972727,0.004580802025352,2
6094,6025,0.010379237444616,0.007026544095717,1
6094,6038,0.013619898145233,0.009413299402728,2
6094,6040,0.014118142906873,0.008886897912298,2
6094,6048,0.002359616454747,0.002271433747004,1
6094,6053,0.017535278664688,0.01984447728597,1
6094,6082,0.014890044669861,0.010328981566809,2
6094,6085,0.002160641382596,0.002079894697178,1
6094,6092,0.011715780202286,0.006554369709602,2
6094,6094,0.021922085878749,0.029720964437895,1
6094,6095,0.007367279642869,0.00450261397055,2
6094,6096,0.008521988389743,0.008203507812084,1
6095,6002,0.018658855125112,0.018669401222127,1
6095,6006,0.010380791477988,0.007594235994409,2
6095,6007,0.009481416767857,0.005652701840475,2
6095,6008,0.007356009955251,0.00678364921176,1
6095,6017,0.011875503688771,0.011020758926456,1
6095,6018,0.003306726657666,0.002816777968084,1
6095,6021,0.030991433362558,0.026088782033585,2
6095,6023,0.010323410274134,0.006817464389951,3
6095,6024,0.007116256547489,0.0060618601818,1
6095,6025,0.022081841152014,0.013673121612468,3
6095,6033,0.020959948933901,0.019739969928165,2
6095,6038,0.005515526479952,0.00469830593197,1
6095,6040,0.011744477985501,0.011272523079102,1
6095,6052,0.016662778075288,0.010586994000777,2
6095,6078,0.015123101559652,0.0075873969904,2
6095,6082,0.00925911641717,0.009330766477063,1
6095,6085,0.024311622081556,0.021854496783711,2
6095,6086,0.027749364840016,0.020283138868807,3
6095,6092,0.014513077935162,0.010441530870308,2
6095,6095,0.037384206885134,0.03289471902938,3
