uniqueID,subtypeID,name,preferred,k,a,b,d,C,Vr,Vt,Vpeak,Vmin,k0,a0,b0,d0,C0,Vr0,Vt0,Vpeak0,Vmin0,k1,a1,b1,d1,C1,Vr1,Vt1,Vpeak1,Vmin1,G0,P0,k2,a2,b2,d2,C2,Vr2,Vt2,Vpeak2,Vmin2,G1,P1,k3,a3,b3,d3,C3,Vr3,Vt3,Vpeak3,Vmin3,G2,P2
2-000,2-000-1,CA3 Pyramidal (e ) 23223p,Y,0.7923387037895819,0.008383503340982795,-42.552477688392884,588.0,366.0,-63.204400817165585,-33.604173312426795,35.86146485587269,-38.868099029409194,1.3517332532777884,0.009219295165139191,-34.425528313386124,593.0,540.0,-63.68017754595075,-43.59475923662529,24.289206534041476,-50.82100444290197,1.7320660188969232,0.014527057572355628,-56.94561274308537,1015.0,1843.0,-63.68017754595075,-21.738725010104226,12.921428914034182,-37.8377958847125,200.0,0.0284263298769473,1.5320915310470347,0.016487704348004464,-47.01101224204302,1103.0,1271.0,-63.68017754595075,-22.256921925794558,16.24652454155041,-38.69184750014896,362.0,0.08145853047741201,1.5069282310603416,0.01540148347124005,-36.8237752692753,1441.0,1575.0,-63.68017754595075,1.9184129724024572,12.673716492936496,-38.436421323824824,394.0,0.3754644459011144
2-000,2-000-2,CA3 Pyramidal (e ) 23223p,N,0.5374986462908238,0.0036230235539076584,5.206192870663003,48.0,297.0,-60.52812208089329,-21.24326658737518,38.02179696496646,-36.51738678467834,0.6216082836348329,0.0059651824253628815,-4.209997416292438,141.0,803.0,-60.805753894754176,-43.234681196594295,37.184710359525795,-44.13455254060709,1.3023574304465515,0.00767649550711305,16.391752436701978,429.0,1216.0,-60.805753894754176,-2.043946528796539,17.55764308163695,-28.744858068516614,162.0,0.14623869470856096,0.8433445084295945,0.0062006404493946945,-4.048466954852177,552.0,1080.0,-60.805753894754176,-8.758346692818478,31.64125868279664,-28.20402671101303,341.0,0.11546835157903997,2.127511714034065,0.011767532412004376,-13.059946305416798,395.0,1092.0,-60.805753894754176,-16.701941494181924,29.10974097345644,-29.017819172477566,335.0,0.375062625522918
2-000,2-000-3,CA3 Pyramidal (e ) 23223p,N,0.9774524472962326,0.008476480034895012,12.492248644173046,138.0,382.0,-58.63218601590704,-42.743158754401875,38.54562978960924,-34.52257829825562,1.865956287188601,0.00300059566275249,-5.779311677182946,124.0,653.0,-58.22286940454568,-44.201747244472436,30.325547682183306,-45.58938687130779,2.1666513162279117,0.00738138382269347,-0.028289092184142106,524.0,1470.0,-58.22286940454568,4.1872169990962504,10.482928092568105,-32.735156289436034,166.0,0.03471721636713239,2.627738508069089,0.004876998023330702,-4.405951882636764,873.0,763.0,-58.22286940454568,-21.438949733147787,26.734338852285276,-33.47544417828351,329.0,0.15756025185348044,2.132052358189616,0.003048285292815374,14.340813325207705,928.0,1095.0,-58.22286940454568,-6.764261885012068,20.758282935297128,-32.68710915542979,349.0,0.3848753602994536
2-000,2-000-4,CA3 Pyramidal (e ) 23223p,N,0.7996081098116854,0.005872238026714838,24.13225274013547,13.0,41.0,-55.361334402524086,-20.08942170607665,15.093351395499646,-39.35731996644961,0.8963910407977559,0.006075706149992545,17.000458777318176,39.0,83.0,-56.71686018552814,-34.093691821690406,14.078735769604087,-40.68240492294465,1.101197505113597,0.012538506251392835,39.34229429949839,863.0,171.0,-56.71686018552814,-0.729086689552723,10.678615480461453,-23.91108330598565,174.0,0.10058428503328148,2.1508459808216807,0.006475168468875961,3.705421818553498,102.0,128.0,-56.71686018552814,2.359476101793369,9.483563746728223,-24.111940274010365,337.0,0.1407414634734269,1.7009243782518166,0.0070577483029561384,29.095501341068132,1180.0,101.0,-56.71686018552814,6.405033491200832,5.506713412711699,-24.098212268059655,329.0,0.3174342046854458
2-000,2-000-5,CA3 Pyramidal (e ) 23223p,N,1.613412972,0.018507946,11.15648905,26.0,30.0,-60.48653614,-33.22136213,37.51161632,-39.7476281
2-000,2-000-6,CA3 Pyramidal (e ) 23223p,N,2.5044816114151938,0.019288662403139756,23.049343411785262,61.0,87.0,-60.52145009469198,-40.38218792612845,37.06084895181679,-53.63090829252407,2.2848936695201694,0.02569819872738376,9.069088420882176,171.0,74.0,-60.06137092475864,-38.99001256162239,37.39173851522474,-53.62918597770532,2.8651238328271837,0.03355711919096247,38.578349538429116,393.0,570.0,-60.06137092475864,4.167206623168745,17.533739110901713,-47.479594677144654,157.0,0.05265410322505234,2.480720755123655,0.03314079328948229,50.73469364804272,223.0,1072.0,-60.06137092475864,-3.6552597624471304,19.8232952293254,-47.0920053081586,333.0,0.10234820190740537,2.3887340429766266,0.029401913716304594,47.48051099169426,323.0,857.0,-60.06137092475864,-14.11934724874083,19.780007061010064,-47.2384154600395,314.0,0.3622960603706601
2-028,2-028-1,CA3 Axo-axonic (i) 22232,Y,3.961462877592796,0.004638608071871545,8.683644936534172,15.0,165.0,-57.099782869594016,-51.71875628202233,27.798635593278753,-73.9685042125372,3.668586112852168,0.005432650107896953,23.073960730082966,11.0,194.0,-58.661864334617945,-52.4433342096547,21.527716791912738,-74.19309340338674,7.966952754996177,0.012608116474319475,20.46603947259961,667.0,1339.0,-58.661864334617945,-41.70529160460419,12.99938905187524,-91.37462379538042,194.0,0.028699800391201055,7.694709820099018,0.014288261167866571,37.24081874801158,1383.0,1504.0,-58.661864334617945,-46.463696475688835,18.103520333852913,-91.67455848972524,377.0,0.0385112765660938,4.784198353375832,0.01250057654881708,19.701795016978974,756.0,872.0,-58.661864334617945,-28.991409448627603,18.28716839327098,-90.44428125142477,358.0,0.41343528162127935
2-043,2-043-1,CA3 Basket (i)22232,Y,0.9951729,0.0038461864,9.2642765,-6.0,45.0,-57.506126,-23.378766,18.454934,-47.555661,6.44427346767401,8.02134809277821E-5,4.78485985998036,8.0,280.0,-58.7479349017258,-52.9022082587258,7.567797078274197,-55.3345782177258,10.26889231414561,0.08098599899328708,25.03715881180976,71.0,393.0,-58.7479349017258,-47.719038068725794,-5.906874021725804,-49.5815483807258,79.0,0.269512740786895,9.48061027746501,0.05446002484266048,34.74559287501996,40.0,504.0,-58.7479349017258,-45.0830439247258,-12.175124881725804,-45.5354525337258,141.0,0.104950365645522,10.21507215486839,0.06473736167292578,16.96752254360426,13.0,331.0,-58.7479349017258,-46.450714977725795,-8.389762361725804,-46.3518287367258,128.0,0.26333153367765
2-044,2-044-1,CA3 Basket-CCK (i)22232,Y,0.5830051864936829,0.005744829668737553,-1.2448457149694576,54.0,135.0,-58.99667733823241,-39.398320973495665,18.2745885441853,-42.77118510230122,0.528991343432347,0.00920464115228804,3.48675000328509,60.0,196.0,-59.9081636737973,-40.8407355837973,17.43515573620271,-43.2987034037973,0.963699167669157,0.059402855312793434,8.60833407077049,127.0,399.0,-59.9081636737973,-21.054678653797296,2.75424171620271,-27.838056893797294,97.0,0.127332199667472,0.999900767549978,0.03248382312876874,8.40496613837807,129.0,384.0,-59.9081636737973,-22.172859043797295,10.44513942420271,-25.788901193797294,194.0,0.148705544681366,0.823096996117172,0.06268683634626043,8.11545493500625,129.0,396.0,-59.9081636737973,-20.101924603797293,5.82521883620271,-25.373143583797294,193.0,0.359605961289327
6-095,6-095-1,LIII-V Bipolar Pyramidal (e)223331,Y,0.6170988153886569,4.0605240049861545E-4,-22.08673119982234,37.0,240.0,-67.72608577004262,-40.44114858537738,21.379193934191505,-48.284147828819584,0.9243648306554906,0.004153722208662106,-3.54799855645269,88.0,616.0,-68.91226444513615,-55.10479637670703,10.760581074412912,-59.77893098363493,1.0483121912963391,0.006201277191129137,-24.10368292297324,163.0,1728.0,-68.91226444513615,-21.2708803343694,8.622584181451494,-50.77264049321846,183.0,0.07216368779570019,1.1916968632822345,0.004564322109405725,5.783785747440348,243.0,948.0,-68.91226444513615,-32.95874196985941,-5.846938012918887,-50.762335088482395,350.0,0.10593102944230895,1.886091614939657,0.009046573523946434,-27.191102419180716,941.0,636.0,-68.91226444513615,-24.56290991442838,-1.8269150637008345,-50.105777437875524,339.0,0.02662302614154382
6-095,6-095-2,LIII-V Bipolar Pyramidal (e)223331,N,0.548715191575105,0.0031057212480895815,-5.776602523836356,51.0,195.0,-67.98464855996966,-44.208151621542164,9.918419760434745,-51.708351272621314
1-009,1-009-1,HICAP (i) 2322,Y,0.50323683,0.038811374,-1.6152531,49.0,61.0,-61.277145,-35.355354,38.78533,-60.7653,1.999286892397648,0.04905953661472626,-4.203214774114734,288.0,87.0,-60.64329102469532,-51.36163073589397,-11.412886442672026,-59.982040352964056,2.54790988351869,0.0898862887223838,2.177413669763915,513.0,542.0,-60.64329102469532,-33.84029429385221,-16.74687193226819,-59.52630182227491,172.0,0.10340500621482583,2.4032872157696543,0.07057948595862701,10.469295810502523,1672.0,114.0,-60.64329102469532,-38.00073167251259,-12.594546143423301,-59.15009802216975,336.0,0.24334800191844588,3.361192330803025,0.06885038650958872,-25.745740933891717,1062.0,1029.0,-60.64329102469532,-33.205769310273574,-15.476170558550123,-59.8252554759295,359.0,0.48314046703238966
1-009,1-009-2,HICAP (i) 2322,N,1.6272250702955304,0.011610304177284647,14.141211669209511,0.0,159.0,-60.81445459661682,-51.233250169939765,-11.68225110074578,-60.661739464321485,1.9800457634476367,0.024451688307883124,0.13137408255087246,81.0,384.0,-60.60758135111069,-51.48899370059793,-10.982783792135983,-60.258280962169465,2.153998081009481,0.02824163176814089,19.280755931756307,217.0,826.0,-60.60758135111069,-34.58884001756422,-13.807071114303755,-59.624649949723775,151.0,0.2726303728103414,2.5830009880037594,0.025022798567710215,18.20042853985837,467.0,1529.0,-60.60758135111069,-38.998141518948614,-17.36458083503001,-59.72642028077861,329.0,0.10199868112494365,2.4020327854628367,0.06208068738058799,6.957395350462102,180.0,403.0,-60.60758135111069,-37.37260202646282,-20.050826885722007,-60.070204769140474,311.0,0.4276146311345541
1-010,1-010-1,DG axo-axonic (i) 2233,Y,1.5239741632130754,0.04888361357400558,12.273983921749725,-6.0,77.0,-65.2523473359262,-54.348565806815984,5.067137131069671,-64.47249010154965,3.8849832800666935,0.09503033399116151,-18.22322580040783,59.0,202.0,-65.52603375294244,-56.584517930271545,7.028927772568295,-65.19759742261591,5.819000984656226,0.16802721979654361,-39.38614207149776,1556.0,1112.0,-65.52603375294244,-37.63883338398574,-5.542144710889163,-65.12392716180578,159.0,0.06863574116562364,5.48021028301968,0.11257505143250976,-17.907439950442217,1461.0,224.0,-65.52603375294244,-44.04886308390638,0.7049597234441247,-65.02853674123779,315.0,0.14168681665868893,5.04264033758733,0.14063781957630217,-26.824325757705086,196.0,1695.0,-65.52603375294244,-45.2990957518322,-1.311477038427304,-64.70726758156954,355.0,0.198086190787177
1-027,1-027-1,AIPRIM (i)2333,Y,0.509067437259929,0.0024476820890401464,0.1959311825060297,6.0,40.0,-63.38902420486773,-40.191110416697136,7.365549714495806,-53.339848228554786,0.4058598915276647,0.0022451995114075064,-1.0381019554176802,16.0,54.0,-63.12263348489879,-48.06535119050193,7.853390720645983,-52.344123931365345,1.0110335045955137,0.009215308912731398,-25.316457747174596,443.0,902.0,-63.12263348489879,-12.790752500014612,-10.750319123996846,-41.43699300522944,176.0,0.045265077511425666,0.6046303042665757,0.012101327866042816,-20.04711648701263,1081.0,1165.0,-63.12263348489879,-7.322874571181423,-4.021112417399866,-41.78084618491461,331.0,0.33074567147786066,0.8615529927195469,0.009791217137201425,-20.28556578414512,785.0,259.0,-63.12263348489879,-19.097999554406023,-1.551601489517214,-41.53007583155812,356.0,0.2689991431931122
1-035,1-035-1,DG Basket (i)2232,Y,0.8125903858627955,0.09707656341532063,1.8941922582653348,553.0,208.0,-61.016678308421255,-37.83530689838587,14.079737901205611,-36.23009115234176,1.9696530181791538,0.05041690497378555,0.9703360579181428,413.0,257.0,-61.50254936075875,-48.414926502876185,5.072357723265554,-49.952161152923566,2.762588810756988,0.13122580206042805,13.64536456809508,1075.0,1151.0,-61.50254936075875,-31.04077908439013,3.374601992632662,-37.48754735526033,197.0,0.03574375031877308,2.856170718813164,0.06967955706824762,9.21968158083472,1715.0,595.0,-61.50254936075875,-26.354672572786512,-14.674035053003788,-38.807575234467635,355.0,0.24942245191963072,2.5489850256715827,0.05477480988551858,5.04806296138436,1210.0,1117.0,-61.50254936075875,-7.101665811793993,3.010257501322249,-37.567473685428254,373.0,0.4915738388508625
1-035,1-035-2,DG Basket (i)2232,N,0.5473128729830141,0.04332554495159378,-3.1509974598229533,231.0,132.0,-62.16470414388861,-31.385271889371243,13.202959960392434,-37.70635489373681,1.7992961092880089,0.06460203191744855,-1.0061397647495376,305.0,191.0,-61.51121789651243,-44.06708733889266,5.196612776642915,-49.589952910288474,2.668032672127819,0.09200209649618855,11.876956564129788,612.0,1019.0,-61.51121789651243,-21.735814917451073,4.119207504021801,-37.59063447585508,163.0,0.059849934848244246,2.0040456668537687,0.08730027642395313,15.104521384702398,634.0,318.0,-61.51121789651243,-2.5899386777795783,-7.735364068232805,-37.68218082944531,362.0,0.13301929208255947,2.00577312962984,0.11006298157883006,5.448552779955161,443.0,1099.0,-61.51121789651243,-15.233856332734447,2.8413889953030855,-38.23107322974006,331.0,0.2768842392391134
2-004,2-004-1,CA3c Pyramidal (e)3223p,Y,3.0059792094808624,0.0018916502293736305,19.362762181909922,104.0,244.0,-62.29424942371125,-45.27252160958905,17.43118361878753,-47.37323032514949
2-035,2-035-1,MFA ORDEN (i)02332p,Y,1.3798071345720573,0.007838059793641043,12.933285539772207,0.0,209.0,-57.07642357137907,-39.10204278417623,16.31326818877055,-40.68066488526959,1.4101548679623863,0.0012977864388279414,-21.013120850566015,22.0,220.0,-56.14004093524581,-41.4557185230081,13.49406781689801,-42.22736214828288,1.8724170278249654,0.022629926731764224,-24.551514953731065,1485.0,992.0,-56.14004093524581,-16.414592072697083,2.413195856171013,-28.52761038815018,197.0,0.039095169797964645,1.5921616130532235,0.00834944557455064,-9.928854557422799,1111.0,249.0,-56.14004093524581,-25.534559230310958,7.482803191185911,-30.097165797604944,379.0,0.053927886863097844
3-000,3-000-1,CA2 Pyramidal (e)2333p,Y,5.9432435,0.0011350543,-15.885261,74.0,1630.0,-72.58829,-58.78362,19.99006,-62.646779,1.02873811690806,0.00219008884693707,11.0541851904082,40.0,1164.0,-74.6331420448885,-62.0094762148885,18.314065535111496,-65.18392849988851,1.903817682378081,0.00590080231696382,20.207852650888547,81.0,2327.0,-74.6331420448885,-48.7034327848885,7.440347435111496,-57.3118632798885,170.0,0.407409323444865,1.8692163252354042,0.01778952826577757,21.9663655700352,82.0,2338.0,-74.6331420448885,-49.6832755748885,14.142322454111497,-53.9451318098885,339.0,0.169360623401578,1.861550318612607,0.021100256650739568,20.52528582162678,82.0,2334.0,-74.6331420448885,-47.8443102048885,2.4435255751114955,-56.773701513888504,339.0,0.347970226591929
3-006,3-006-1,CA2 Basket 2232,Y,5.121746081,0.011996589,-28.47889883,132.0,150.0,-70.31272624,-49.91020428,-10.27227079,-57.08015877,5.445419925057497,0.014763139223893915,-41.191444222413665,266.0,114.0,-70.28210918676015,-52.5748249271004,-9.224790535725724,-59.45184216013021,6.521441797371184,0.02516177451286164,-22.49827099831669,771.0,1502.0,-70.28210918676015,-28.846003607858208,-23.50219320699465,-48.80174397667059,151.0,0.19751906619954507,6.746074101547466,0.02655386082294532,-61.18582264950501,553.0,182.0,-70.28210918676015,-3.053970837403085,-14.170994432695945,-48.46354425516313,333.0,0.1840250385849476,6.711432826386162,0.015052258912666774,-51.2688641752217,615.0,796.0,-70.28210918676015,-5.442556708014465,-27.958061495216594,-48.03927553864869,308.0,0.453309462587743
3-007,3-007-1,CA2 Wide-Arbor BC (i)2232p,Y,0.5091971464502671,0.0058976702112141875,-2.1606387585157307,66.0,148.0,-63.20239904390986,-32.844733938667325,35.00602802982106,-38.3329533912991
4-000,4-000-1,CA1 pyramidal cell (e)2223p,Y,1.562602333248332,4.596474302627129E-4,-17.245032831371105,16.0,334.0,-69.36063747065954,-53.22443826486653,25.46083139737,-60.2160530192722,0.883859604,0.007879807,-5.626508737,96,387,-69.10236811,-56.92294721,25.18922371,-59.60820828,0.360564757,0.006733999,-21.76763678,359,431,-69.10236811,-21.54807434,-15.63005788,-59.64704588,197,0.021698501,0.409499342,0.001016437,-22.09792636,203,471,-69.10236811,-28.55576872,-18.561693,-59.39148597,181,0.092790293,0.61574097,0.009447339,-27.65382296,993,399,-69.10236811,-20.37195801,-7.036102871,-59.87392329,184,0.418859644
4-000,4-000-2,CA1 pyramidal cell (e)2223p,N,1.2531753545350917,0.0013887555229799076,-38.70373441289196,43.0,23.0,-69.75308283951857,-46.56138933215993,24.56787515515643,-54.88423287150033
4-000,4-000-3,CA1 pyramidal cell (e)2223p,N,5.891382795620776,0.08057721797454213,-15.09147013935521,483.0,506.0,-62.16391971294415,-48.419014064907266,32.76945542246273,-52.20630542769407,5.378203912865637,0.06514127538328779,-21.182530842340636,512.0,114.0,-62.646660557723926,-48.73615900409149,32.009466930585226,-52.962141330612845,6.7909375921358865,0.1482399863956883,2.83114048323392,1029.0,801.0,-62.646660557723926,-33.107544233028015,25.416309289025854,-42.99576764161851,152.0,0.20028704588387752,5.822806647473657,0.11126855769642838,-20.311439574462486,968.0,754.0,-62.646660557723926,1.0963171437402082,22.249487763901747,-43.56166524443759,335.0,0.1066235777152985,6.801394638049921,0.107825591390586,-37.287122930372604,935.0,268.0,-62.646660557723926,-14.27751061353127,22.595498440650324,-43.517230712059764,323.0,0.46998391878295276
4-000,4-000-4,CA1 pyramidal cell (e)2223p,N,0.759235490387551,7.27290213584258E-4,18.9283620149836,24.0,1169.0,-63.2065229206177,-32.9438671800203,59.9225049921962,-41.146673716963
4-003,4-003-1,CA1 Quadrilaminar (i)3333,Y,1.776008615837829,0.005843320722163189,-3.448736483657239,52.0,186.0,-73.48211169228685,-54.93690589961291,7.066313282360412,-64.40371572220315,1.482237131147666,8.840109522894879E-4,9.544756942612672,15.0,306.0,-73.49486029234504,-59.329235421561336,7.2507948861486256,-64.00471629717039,2.7276334561710236,0.003775362167735522,-3.79764324563072,71.0,488.0,-73.49486029234504,-33.63277908697464,6.1836140176877805,-54.70397947754485,182.0,0.05330427535901695,1.756624504940778,0.005922004136972407,28.149427379227994,808.0,346.0,-73.49486029234504,-18.954094955562773,-1.3657606599074636,-54.74891153302093,371.0,0.11169274596717682,3.1973834823842244,0.009123546884415806,10.405093706630044,848.0,1766.0,-73.49486029234504,-45.631661078872824,-2.7928280463397304,-54.16952438152161,379.0,0.15559994702764132
4-013,4-013-1,CA1 Radial Trilaminar (i)2333,Y,2.6426522279931093,0.009081579209903783,3.59494264055067,2.0,227.0,-57.872043020039456,-37.93317915571988,4.7733565930053885,-45.87171317170774
4-036,4-036-1,CA1 Axo-Axonic (i)2232,Y,9.825328921,0.002249737,14.46836874,26.0,234.0,-66.75901769,-65.78239061,3.182780355,-62.22075087,9.404273652973542,0.012469621191055212,5.6820856044640875,24.0,1203.0,-66.47229468027716,-62.18312497428303,2.6844854175886326,-62.438987765043905,11.244268153113865,0.02448380736556965,-2.1633547524023635,1142.0,1270.0,-66.47229468027716,-26.393506997813724,-0.493610675462961,-57.94593477506624,160.0,0.382387526816772,9.603988375461908,0.0279691221021824,20.08054314663632,800.0,1578.0,-66.47229468027716,-38.88557896388956,-7.715037438429821,-58.40736509313396,352.0,0.286022379367001,11.114687897105716,0.029567086376748063,6.4526151655297275,510.0,1393.0,-66.47229468027716,-42.080081492115205,0.3515322584009666,-57.527966689543334,359.0,0.06816263266924952
4-036,4-036-2,CA1 Axo-Axonic (i)2232,N,3.9993273698433898,0.013163591876659542,-4.022286446420419,38.0,287.0,-65.15979196003933,-49.036873493720535,-0.613709150075735,-55.47987180945665
4-055,4-055-1,CA1 Oriens/Alveus (i)2233,Y,1.2068941371627688,0.05608268166331733,-44.919410329310594,416.0,49.0,-51.649772567549604,-41.922067428120926,-5.449401596349091,-46.01065693687866,1.352016840510767,0.05244502258365981,-9.573384244400856,388.0,49.0,-51.642599924507394,-41.749652030735945,-5.628173454370874,-46.557820942379266,1.6629284299347296,0.11524313668249626,-12.027311633372012,1055.0,588.0,-51.642599924507394,-21.998026519169606,-6.823502392040019,-41.49583093339399,181.0,0.2663716860328504,3.002490487230423,0.0971123831712086,-29.573805817347353,923.0,906.0,-51.642599924507394,-32.38908590252836,-24.53976749159595,-41.29348948938202,377.0,0.19818201320367446,1.5050889760122177,0.05284387239557397,7.887414579719952,480.0,486.0,-51.642599924507394,-25.98320465090277,-7.886894745998472,-41.375094083896784,349.0,0.48936381330009227
4-055,4-055-2,CA1 Oriens/Alveus (i)2233,N,3.9361806175566745,0.05394706522921529,-17.54706951770249,287.0,214.0,-51.70199638614548,-36.63788282328246,-9.648876356893233,-40.84162206848221,3.1590144478066415,0.05312475651938295,-21.556978646541893,393.0,174.0,-51.501819998210806,-37.1045657496176,-9.057466576805353,-41.433762373964285,3.2590923624236083,0.08871796925812124,-3.4931881908656663,1680.0,550.0,-51.501819998210806,-16.71169005015483,-27.41827241495159,-30.55996189951027,196.0,0.24551472699312082,3.269728702637321,0.09306144420189254,2.7306391580150304,408.0,1556.0,-51.501819998210806,4.067292891035613,-12.179554938088984,-31.222448816606878,395.0,0.30850913877813224,3.7880799269047807,0.07401636330232175,-14.605973279068252,1562.0,345.0,-51.501819998210806,-21.830604525110196,-12.858526735009981,-31.075379306167235,390.0,0.488741525367885
4-055,4-055-3,CA1 Oriens/Alveus (i)2233,N,3.932473284797936,0.0020362774188395385,16.555431558076158,16.0,139.0,-51.62120240444467,-33.3369726514904,-0.6273776366426702,-41.194581542898106,3.135783137145652,0.009763777727476537,0.6220388416936284,43.0,168.0,-51.42475547138285,-36.33221652783962,-0.1422509256798179,-41.24813196637305,4.859643371056901,0.015809986805736417,-6.134661748378294,545.0,1409.0,-51.42475547138285,-7.570601908905509,-17.7971690176806,-30.868260842778334,154.0,0.140305092253766,3.614454253994422,0.014550850159386692,20.929075959263606,1260.0,989.0,-51.42475547138285,-5.749681704227122,-1.1723652235260764,-30.990207111304393,354.0,0.44744915319852263,4.422690043201451,0.011758422123948694,-7.292252074153533,1272.0,1001.0,-51.42475547138285,-8.638220183336173,-15.685782341267378,-31.037371659049526,308.0,0.4950141696259631
4-055,4-055-4,CA1 Oriens/Alveus (i)2233,N,2.4478812416060833,0.08988364891296882,-29.880388216490868,271.0,98.0,-51.804767403318856,-32.28831673460901,4.125090119854121,-36.46625123387067,2.939754772445824,0.0921168750829323,-38.000316948400744,363.0,97.0,-51.14249090985054,-35.003740498391316,1.6409842268567232,-39.25528848784057,3.349766622934199,0.14160860578095125,-39.09566875303227,1252.0,169.0,-51.14249090985054,-5.896436340383914,-9.632506351415214,-27.4435462604468,174.0,0.1488287735760947,3.691333399015921,0.10552963703769767,-41.27573663735005,1480.0,1041.0,-51.14249090985054,-8.956889676928988,-0.42944382303293693,-28.206631952108637,343.0,0.4503398231432378,3.1559889174087203,0.12574420851991994,-31.858725636237825,1381.0,202.0,-51.14249090985054,-7.158099671517377,-12.084884148264882,-27.816974260305095,327.0,0.43658273493532845
4-076,4-076-1,CA1 PPA QuadD (i)3222,Y,4.6570220463402805,0.0963124832673079,-44.34342665495854,290.0,12.0,-64.87868816472641,-51.844944178226946,-2.993896271026351,-62.5400951308604,4.568285885832344,0.05653015829510795,-38.08235726189573,363.0,52.0,-64.66072326311114,-52.44038721358,-3.0137065786892308,-62.44247394512786,4.81867926122576,0.2550218206259168,-34.40091089595836,738.0,511.0,-64.66072326311114,-29.671616980496395,-10.877852575246978,-60.0517672684873,155.0,0.1429448971403097,5.010581567409179,0.18494343862692014,-36.720405223755805,627.0,400.0,-64.66072326311114,-38.96845581336572,-12.506818489876645,-59.61515769386168,325.0,0.1197384721222027,5.07997329428726,0.20139801639338278,-51.37635956880155,705.0,1315.0,-64.66072326311114,-33.2790457041715,-22.08761130919754,-59.67857997994212,349.0,0.12943886645319022
4-078,4-078-1,CA1 Basket (i)2232,Y,1.1940578421030459,0.004606159459475789,0.2156666048575886,2.0,114.0,-57.62668762179336,-35.52987434112279,21.72459043497596,-48.69993293547014,1.8205341967539326,0.058749428894397895,-9.836106289765018,47.0,288.0,-57.0357190455467,-40.32030046512667,22.25206295232553,-48.06593491755741,2.0900929325781425,0.06859239829256988,3.1640870635658818,1398.0,309.0,-57.0357190455467,-2.8790458269664256,19.799250405440965,-39.49697383923202,163.0,0.16382261029568548,3.0740394991045923,0.08100794541771024,-31.579070536185704,1316.0,706.0,-57.0357190455467,-5.812154598445673,2.758549769784455,-39.97279484445258,316.0,0.09203835154981747,2.032843427168464,0.062051313179420656,-1.8052812678825756,467.0,1639.0,-57.0357190455467,-2.110058780688867,13.498749094572347,-39.79576224216888,347.0,0.23219507371052178
4-078,4-078-2,CA1 Basket (i)2232,N,0.6053674218105525,0.03584993593867325,0.6695737145626879,96.0,164.0,-57.064681020680965,-36.403704709005574,22.472714744165444,-48.35987955282811
4-079,4-079-1,CA1 BC CCK+ (i)2232,Y,1.062999344963705,0.023084662044171957,-26.86555078015733,294.0,59.0,-63.183009204776944,-38.18266358350243,27.443037301495828,-53.318562041665636,3.25600654079058,0.03238092419751176,-15.382262043675965,344.0,256.0,-63.884201984051145,-52.4840770539834,26.658346010586186,-58.33787127408353,3.603639778466224,0.0387542431371773,12.029428233690219,1069.0,476.0,-63.884201984051145,-28.909662589785334,24.045849152229593,-52.19543697177971,153.0,0.027876398086458726,4.018909833345763,0.03299536312384026,2.581415095386401,1055.0,472.0,-63.884201984051145,-25.97226852065728,25.094417757400585,-51.35649149315591,325.0,0.17606557606534592,3.5499829397491234,0.035551554701607806,14.58308907957861,1240.0,380.0,-63.884201984051145,-29.295481765336724,13.058211415003425,-51.4439510025425,336.0,0.48727897890115807
4-079,4-079-2,CA1 BC CCK+ (i)2232,N,2.47616920162969,0.016342557423710602,-12.195992950332169,460.0,477.0,-63.09516295101267,-51.933812933530746,27.11825425457242,-56.14747086191443,3.1661680529873744,0.08269860477789992,-3.6503364515185197,689.0,290.0,-63.93221914331414,-49.03602381418824,26.850021869963044,-58.00563026164614,3.692128501798477,0.08312204326281455,31.05846663975006,865.0,584.0,-63.93221914331414,-22.444178606117312,9.76758768462295,-52.94962848010843,160.0,0.11486620314530674,3.30630062033829,0.0915852039944905,14.090693929054272,946.0,406.0,-63.93221914331414,-17.00281829120889,25.61682209148704,-51.89612108722099,348.0,0.21645888546279335,3.8886330679897716,0.09089356109087547,20.20743356298782,834.0,684.0,-63.93221914331414,-32.83612840049082,20.521907341260064,-52.72075978097061,347.0,0.4292811773061891
6-007,6-007-1,LEC LIII Complex Pyramidal (e)233310,Y,0.31324950999066914,6.438592060688443E-4,-3.358964718201811,11.0,250.0,-64.62085879416324,-35.31711857497933,5.800988307836562,-48.634928349841175,1.2896033225303358,3.4193567267048363E-4,-22.39301864124153,13.0,168.0,-65.38407711144681,-52.41701756565435,-1.5417714244465444,-55.840919467892974,1.7387205905103724,0.019365159646209024,-27.028205320465812,1465.0,263.0,-65.38407711144681,-20.642383479719612,-15.92218691649118,-46.442877975897545,286.0,0.10446127390250096,1.6734849906852256,0.002361116746727372,-27.26083999938086,760.0,1443.0,-65.38407711144681,-13.643950165419952,-20.034873262197426,-46.17320419877551,531.0,0.11134350477136651,1.4406907441755419,0.014238552190376725,-28.20756399070275,1424.0,1002.0,-65.38407711144681,-24.337309429579065,-5.696706897300523,-46.4284111302015,531.0,0.16243631144937362
6-007,6-007-2,LEC LIII Complex Pyramidal (e)233310,N,0.8767022069365952,0.005235260642011899,2.24165363211398,-2.0,416.0,-64.72774669286454,-39.23820956822371,5.5312939220242185,-48.59921022180805,1.7268566940083603,0.008070104924333032,-4.917364421010866,53.0,971.0,-64.57160041039195,-50.56216588756023,-0.3076285019483862,-55.13694568363322,1.9101169611828828,0.01604592050427424,8.63787093503467,782.0,1467.0,-64.57160041039195,-13.253089369095925,-4.0002469385977,-45.55628563688099,191.0,0.11912333954037485,2.40980915290801,0.018028093791782156,-11.77662907713885,734.0,1001.0,-64.57160041039195,-11.891407855565589,-9.932971473881219,-45.66480736256153,422.0,0.10336125303458164,1.8942367355528134,0.010278899629208086,8.931049518796677,596.0,1753.0,-64.57160041039195,-6.508005422386503,-2.3388333367501817,-45.19566649665197,414.0,0.4807970538354741
6-021,6-021-1,LV Deep Pyramidal (e)-220033,Y,0.20529689869515144,2.453815262552446E-4,-16.137075111163625,19.0,157.0,-66.5467924517774,-32.89007207235856,13.401960177613304,-51.20104239894857,0.8640705691875772,1.1817086162167811E-4,-24.718439035540214,11.0,165.0,-65.27219972057091,-48.43522449380126,11.388928960068867,-53.71312158880157,1.4791547684939848,0.009528285077258971,-42.1554651059976,766.0,194.0,-65.27219972057091,-6.341057402896041,2.3935094772625227,-41.7774410460664,162.0,0.07302037471737685,1.2258179157509819,0.0022554362700036587,-30.01497176697655,838.0,1257.0,-65.27219972057091,-27.062824980910378,8.284844601052699,-43.16018701120551,330.0,0.013579227251860788,1.336255295821029,0.007504857340769832,-43.15133849777866,810.0,256.0,-65.27219972057091,-1.3387723518595465,7.971908529600359,-42.20785311465442,357.0,0.11534695914978321
6-021,6-021-2,LV Deep Pyramidal (e)-220033,N,0.36054108626879916,8.650931896888269E-4,-3.240842626058054,13.0,131.0,-68.46726735963524,-35.23707102978097,10.736317876030654,-53.19542185306988,0.8952784333752899,2.692584658779562E-4,-6.929102984897408,8.0,378.0,-67.18016725401343,-54.50406330048682,9.698831213960617,-55.39629931861935,1.1027416879135399,0.007345381960430464,-30.046816355254272,1401.0,1602.0,-67.18016725401343,-5.247380444983989,2.1260774549766923,-43.13971080198279,185.0,0.03177450434031355,1.1141558139811656,0.010177802492941054,-5.272600447972238,524.0,388.0,-67.18016725401343,-4.792428573859212,4.223869423797213,-44.44241844620659,367.0,0.14302739166541112,1.0778658787936835,0.008073955109635524,-14.856649977913204,1399.0,1538.0,-67.18016725401343,-26.524327379851755,8.685188567916514,-43.328026145908815,384.0,0.05945294744811605
6-021,6-021-3,LV Deep Pyramidal (e)-220033,N,0.40286535837411563,0.009048253273883153,5.29291061908398,-12.0,56.0,-66.3244245831912,-31.51084485693808,13.076126405339565,-51.29579152551956,0.6904370119621946,0.0012875264717564594,13.821031664784094,4.0,263.0,-65.41572957187216,-46.585157490721635,10.643119378104856,-53.14031857862528,1.4352319470022143,0.010977141445878538,7.394947227616726,788.0,646.0,-65.41572957187216,-10.451809580897887,-2.460674145307088,-40.96690163484334,193.0,0.02767679939721296,0.8670135134636288,0.020705716693212882,21.715430877966988,928.0,422.0,-65.41572957187216,-6.585391919576928,0.6146164911050835,-40.588834751052,391.0,0.07935480371044278,0.8730746436838335,0.011310363854590853,20.654846587629173,1498.0,1755.0,-65.41572957187216,-2.1472985619790137,6.986097235904043,-40.398910612676616,355.0,0.24718296346645102
6-021,6-021-4,LV Deep Pyramidal (e)-220033,N,0.7207892522129663,0.009965205883923191,0.5893781014484354,159.0,256.0,-66.79885395359776,-47.05749401631376,3.804732990610674,-53.12002072284909,0.8909977043908874,0.011416482487936998,-2.3931104727096475,247.0,263.0,-66.60457815048116,-49.29732028874285,3.0186932856136366,-54.25669248454482,1.2295001467309694,0.01574831638969095,-9.033816259344619,770.0,1055.0,-66.60457815048116,-6.825884426284645,0.8151715728059461,-41.42916327273514,172.0,0.01192836981705339,1.3847576044601757,0.013292812938453642,-10.66321012999439,415.0,503.0,-66.60457815048116,-9.492670940810228,-10.701285482496049,-41.38449946190788,322.0,0.06375107821563336,0.9927933719042021,0.01711178673560524,6.897479899697405,740.0,1097.0,-66.60457815048116,-23.77266532776956,0.2939571397295033,-41.923921646328814,334.0,0.20281381488600855
6-021,6-021-5,LV Deep Pyramidal (e)-220033,N,1.6429898008711428,0.01798026405637947,8.002161038142162,155.0,486.0,-66.45367564594126,-47.11110253659835,3.713185288553433,-60.42849087067231,1.5410541923995447,0.01703577328538942,10.201112118039193,78.0,1009.0,-66.13971602333876,-55.04747198085064,4.333027168224021,-59.602041620460604,1.6752013088317477,0.11581742614643575,31.896905773563056,546.0,1762.0,-66.13971602333876,-42.691353387984485,2.0850543660699663,-53.106258278173584,163.0,0.07264963018068918,1.773477879177585,0.04814510035753537,30.059938479886853,1191.0,1968.0,-66.13971602333876,-28.163684011470735,-15.177186829034916,-53.33739775516414,342.0,0.1078647247131622,1.6598530440454948,0.03839510224335822,15.168601274356865,505.0,2167.0,-66.13971602333876,-12.90729386983866,0.06236381088899545,-52.76023326093542,349.0,0.24155975198864735
6-021,6-021-6,LV Deep Pyramidal (e)-220033,N,1.65226051564251,0.00815889793338094,29.936923595828,36.0,152.0,-66.1923582263821,-48.1886401669011,-4.21433986231171,-60.270411831651,4.536114229104947,0.01137424669301731,-26.433527222755455,36.0,396.0,-66.02872022190016,-51.70546493458263,-4.5176279509829484,-60.298748716515476,5.333235589440097,0.014289810572873828,-10.842615046296789,1163.0,411.0,-66.02872022190016,-25.767744999130954,-8.470603286607743,-55.22277640766596,153.0,0.19142326517390604,4.739057718639355,0.09055794626004064,-16.53841621814782,275.0,663.0,-66.02872022190016,-32.319116189459244,-8.635753967025405,-54.55452897059,308.0,0.28326773429120333,6.252345333286972,0.0703279253784387,-31.092130507446665,732.0,1603.0,-66.02872022190016,-32.175417810220154,-23.312669375861145,-54.33119931928166,323.0,0.2602385969679174
6-023,6-023-1,EC MEC LV Superficial PC (e)-213330,Y,0.20529689869515144,2.453815262552446E-4,-16.137075111163625,19.0,157.0,-66.5467924517774,-32.89007207235856,13.401960177613304,-51.20104239894857,0.8640705691875772,1.1817086162167811E-4,-24.718439035540214,11.0,165.0,-65.27219972057091,-48.43522449380126,11.388928960068867,-53.71312158880157,1.4791547684939848,0.009528285077258971,-42.1554651059976,766.0,194.0,-65.27219972057091,-6.341057402896041,2.3935094772625227,-41.7774410460664,162.0,0.07302037471737685,1.2258179157509819,0.0022554362700036587,-30.01497176697655,838.0,1257.0,-65.27219972057091,-27.062824980910378,8.284844601052699,-43.16018701120551,330.0,0.013579227251860788,1.336255295821029,0.007504857340769832,-43.15133849777866,810.0,256.0,-65.27219972057091,-1.3387723518595465,7.971908529600359,-42.20785311465442,357.0,0.11534695914978321
6-023,6-023-2,EC MEC LV Superficial PC (e)-213330,N,0.36054108626879916,8.650931896888269E-4,-3.240842626058054,13.0,131.0,-68.46726735963524,-35.23707102978097,10.736317876030654,-53.19542185306988,0.8952784333752899,2.692584658779562E-4,-6.929102984897408,8.0,378.0,-67.18016725401343,-54.50406330048682,9.698831213960617,-55.39629931861935,1.1027416879135399,0.007345381960430464,-30.046816355254272,1401.0,1602.0,-67.18016725401343,-5.247380444983989,2.1260774549766923,-43.13971080198279,185.0,0.03177450434031355,1.1141558139811656,0.010177802492941054,-5.272600447972238,524.0,388.0,-67.18016725401343,-4.792428573859212,4.223869423797213,-44.44241844620659,367.0,0.14302739166541112,1.0778658787936835,0.008073955109635524,-14.856649977913204,1399.0,1538.0,-67.18016725401343,-26.524327379851755,8.685188567916514,-43.328026145908815,384.0,0.05945294744811605
6-023,6-023-3,EC MEC LV Superficial PC (e)-213330,N,0.40286535837411563,0.009048253273883153,5.29291061908398,-12.0,56.0,-66.3244245831912,-31.51084485693808,13.076126405339565,-51.29579152551956,0.6904370119621946,0.0012875264717564594,13.821031664784094,4.0,263.0,-65.41572957187216,-46.585157490721635,10.643119378104856,-53.14031857862528,1.4352319470022143,0.010977141445878538,7.394947227616726,788.0,646.0,-65.41572957187216,-10.451809580897887,-2.460674145307088,-40.96690163484334,193.0,0.02767679939721296,0.8670135134636288,0.020705716693212882,21.715430877966988,928.0,422.0,-65.41572957187216,-6.585391919576928,0.6146164911050835,-40.588834751052,391.0,0.07935480371044278,0.8730746436838335,0.011310363854590853,20.654846587629173,1498.0,1755.0,-65.41572957187216,-2.1472985619790137,6.986097235904043,-40.398910612676616,355.0,0.24718296346645102
6-092,6-092-1,LIII Pyramidal-Stellate (e)223200p,Y,0.31324950999066914,6.438592060688443E-4,-3.358964718201811,11.0,250.0,-64.62085879416324,-35.31711857497933,5.800988307836562,-48.634928349841175,1.2896033225303358,3.4193567267048363E-4,-22.39301864124153,13.0,168.0,-65.38407711144681,-52.41701756565435,-1.5417714244465444,-55.840919467892974,1.7387205905103724,0.019365159646209024,-27.028205320465812,1465.0,263.0,-65.38407711144681,-20.642383479719612,-15.92218691649118,-46.442877975897545,286.0,0.10446127390250096,1.6734849906852256,0.002361116746727372,-27.26083999938086,760.0,1443.0,-65.38407711144681,-13.643950165419952,-20.034873262197426,-46.17320419877551,531.0,0.11134350477136651,1.4406907441755419,0.014238552190376725,-28.20756399070275,1424.0,1002.0,-65.38407711144681,-24.337309429579065,-5.696706897300523,-46.4284111302015,531.0,0.16243631144937362
6-092,6-092-2,LIII Pyramidal-Stellate (e)223200p,N,0.8767022069365952,0.005235260642011899,2.24165363211398,-2.0,416.0,-64.72774669286454,-39.23820956822371,5.5312939220242185,-48.59921022180805,1.7268566940083603,0.008070104924333032,-4.917364421010866,53.0,971.0,-64.57160041039195,-50.56216588756023,-0.3076285019483862,-55.13694568363322,1.9101169611828828,0.01604592050427424,8.63787093503467,782.0,1467.0,-64.57160041039195,-13.253089369095925,-4.0002469385977,-45.55628563688099,191.0,0.11912333954037485,2.40980915290801,0.018028093791782156,-11.77662907713885,734.0,1001.0,-64.57160041039195,-11.891407855565589,-9.932971473881219,-45.66480736256153,422.0,0.10336125303458164,1.8942367355528134,0.010278899629208086,8.931049518796677,596.0,1753.0,-64.57160041039195,-6.508005422386503,-2.3388333367501817,-45.19566649665197,414.0,0.4807970538354741
6-092,6-092-3,LIII Pyramidal-Stellate (e)223200p,N,0.3955355679241671,0.00704563066710341,-8.830180668624202,524.0,474.0,-66.47556452608885,-23.614950507142026,33.33600392654512,-41.251228238413326,1.1781408222253336,0.006524498436577807,-13.023069801237058,554.0,666.0,-66.6606365369575,-45.39761172534358,22.866667809565357,-51.0043104624908,1.4752899308313576,0.008352308334997106,-18.712828622128576,986.0,1428.0,-66.6606365369575,-12.332208329205272,10.940207076223679,-35.90054758508993,172.0,0.039701237033388743,1.8757537310092038,0.010995785156157801,-19.71450672922365,629.0,943.0,-66.6606365369575,-17.91920272737822,15.315718742750793,-35.9266290338115,369.0,0.10104148119074907,1.991466054906381,0.009238369788576704,-22.64395703201785,1173.0,966.0,-66.6606365369575,-17.912485853943387,7.065168320393804,-35.30042737865505,357.0,0.11147954924866861
1-004,1-004-1, Total Molecular Layer (i)3303,Y,0.9216547082703215,7.156417132021207E-4,-3.120896548577278,8.0,236.0,-54.905892206927916,-41.690132101974086,-11.612896100542436,-48.73470073384611,0.6011772243040729,9.333288440056364E-4,-9.808316665097166,14.0,288.0,-54.644455570171324,-42.17869935173016,-11.296950782563748,-48.241315120544144,0.8337958146270217,0.0015987936854728203,-29.036851499416787,116.0,549.0,-54.644455570171324,-21.375224023442073,-18.273820553550735,-41.5600438688482,196.0,0.12715346998733534,0.7649667777275713,0.001200102564426881,-17.73861465174056,591.0,589.0,-54.644455570171324,-3.289863339515783,-12.698268218594572,-41.643717091695564,378.0,0.08089638679475535
1-004,1-004-2, Total Molecular Layer (i)3303,N,3.533876766696612,0.0013604520512307849,16.757273763657324,2.0,429.0,-54.046046113370195,-37.228953172542475,-10.764574790978152,-47.14324105931722,3.7224507996034584,0.0010551976909878935,20.893619978327227,3.0,688.0,-54.648729355302656,-42.624306443374124,-11.03405666230087,-47.87940666697413,4.24598234746783,0.008829183005360612,22.796796717412427,464.0,723.0,-54.648729355302656,5.113123715325905,-12.361773863334324,-41.377163687607705,163.0,0.24788304705343675,4.000857656997162,0.010681367141307033,34.24597015162266,930.0,1136.0,-54.648729355302656,0.2691715166302586,-12.0362097309804,-40.940817910117104,360.0,0.17774023665641028
1-004,1-004-3, Total Molecular Layer (i)3303,N,2.687759896999504,0.002113321865293617,-46.08077291597345,77.0,275.0,-54.60816948745224,-43.216127969351504,-11.342999646465579,-46.82960264791462,2.6017431443306562,0.0041811068020057894,-15.458017575483979,56.0,395.0,-54.22762125231444,-43.72706482478754,-10.416807862296224,-47.55262796901807,4.088988327674342,0.011999790607936305,-36.44331967090826,942.0,479.0,-54.22762125231444,-19.88801684218798,-18.569316207326793,-40.578980374396366,175.0,0.05573494122527369,2.7119895474104796,0.005003176425707812,-5.94115290072763,99.0,1856.0,-54.22762125231444,6.033162582229913,-11.537886271160152,-40.844521154273124,335.0,0.07090827672721081
1-004,1-004-4, Total Molecular Layer (i)3303,N,0.651391512571753,0.00831512486957638,-10.1182837734517,196.0,149.0,-54.9444999813255,-36.4963654852683,33.7467861913829,-30.4855358688879,0.9886784080575513,0.00997830719915174,-1.773846110466316,280.0,323.0,-54.51220452642184,-37.5400349322439,28.111990541386305,-41.64261803875935,1.6818471677321392,0.013497296706886704,-22.781611917971723,1107.0,1079.0,-54.51220452642184,-8.071977349264735,23.08405291967165,-28.84683137155192,167.0,0.059406139316320807,1.1225622428700088,0.01866929205885485,5.919540074863683,942.0,748.0,-54.51220452642184,5.047644095077175,19.048539638260046,-28.963752389276223,331.0,0.15691569164025923
1-004,1-004-5, Total Molecular Layer (i)3303,N,3.8347594754076835,0.009739729056504429,-4.8877978267679225,57.0,202.0,-54.20224495368957,-43.77535649504873,-11.055221012783171,-47.09506867023734,2.0001437726046936,0.032257854905996954,7.944353370640499,129.0,329.0,-54.56524894798925,-47.46500874009381,-10.927875469145768,-48.173580016353476,2.29392511390372,0.036951840518851906,25.05840052712592,466.0,820.0,-54.56524894798925,-21.029815953986343,-14.941095273394744,-41.552504105392615,170.0,0.1153309347245648,2.1511888784695468,0.034223825943942826,27.30545578310545,245.0,695.0,-54.56524894798925,-15.083440703178184,-12.224258436683776,-41.6273424228889,354.0,0.164462189143277
1-005,1-005-1,MOLAX (i)3302,Y,0.9216547082703215,7.156417132021207E-4,-3.120896548577278,8.0,236.0,-54.905892206927916,-41.690132101974086,-11.612896100542436,-48.73470073384611,0.6011772243040729,9.333288440056364E-4,-9.808316665097166,14.0,288.0,-54.644455570171324,-42.17869935173016,-11.296950782563748,-48.241315120544144,0.8337958146270217,0.0015987936854728203,-29.036851499416787,116.0,549.0,-54.644455570171324,-21.375224023442073,-18.273820553550735,-41.5600438688482,196.0,0.12715346998733534,0.7649667777275713,0.001200102564426881,-17.73861465174056,591.0,589.0,-54.644455570171324,-3.289863339515783,-12.698268218594572,-41.643717091695564,378.0,0.08089638679475535
1-005,1-005-2,MOLAX (i)3302,N,3.533876766696612,0.0013604520512307849,16.757273763657324,2.0,429.0,-54.046046113370195,-37.228953172542475,-10.764574790978152,-47.14324105931722,3.7224507996034584,0.0010551976909878935,20.893619978327227,3.0,688.0,-54.648729355302656,-42.624306443374124,-11.03405666230087,-47.87940666697413,4.24598234746783,0.008829183005360612,22.796796717412427,464.0,723.0,-54.648729355302656,5.113123715325905,-12.361773863334324,-41.377163687607705,163.0,0.24788304705343675,4.000857656997162,0.010681367141307033,34.24597015162266,930.0,1136.0,-54.648729355302656,0.2691715166302586,-12.0362097309804,-40.940817910117104,360.0,0.17774023665641028
1-005,1-005-3,MOLAX (i)3302,N,2.687759896999504,0.002113321865293617,-46.08077291597345,77.0,275.0,-54.60816948745224,-43.216127969351504,-11.342999646465579,-46.82960264791462,2.6017431443306562,0.0041811068020057894,-15.458017575483979,56.0,395.0,-54.22762125231444,-43.72706482478754,-10.416807862296224,-47.55262796901807,4.088988327674342,0.011999790607936305,-36.44331967090826,942.0,479.0,-54.22762125231444,-19.88801684218798,-18.569316207326793,-40.578980374396366,175.0,0.05573494122527369,2.7119895474104796,0.005003176425707812,-5.94115290072763,99.0,1856.0,-54.22762125231444,6.033162582229913,-11.537886271160152,-40.844521154273124,335.0,0.07090827672721081
1-005,1-005-4,MOLAX (i)3302,N,0.651391512571753,0.00831512486957638,-10.1182837734517,196.0,149.0,-54.9444999813255,-36.4963654852683,33.7467861913829,-30.4855358688879,0.9886784080575513,0.00997830719915174,-1.773846110466316,280.0,323.0,-54.51220452642184,-37.5400349322439,28.111990541386305,-41.64261803875935,1.6818471677321392,0.013497296706886704,-22.781611917971723,1107.0,1079.0,-54.51220452642184,-8.071977349264735,23.08405291967165,-28.84683137155192,167.0,0.059406139316320807,1.1225622428700088,0.01866929205885485,5.919540074863683,942.0,748.0,-54.51220452642184,5.047644095077175,19.048539638260046,-28.963752389276223,331.0,0.15691569164025923
1-005,1-005-5,MOLAX (i)3302,N,3.8347594754076835,0.009739729056504429,-4.8877978267679225,57.0,202.0,-54.20224495368957,-43.77535649504873,-11.055221012783171,-47.09506867023734,2.0001437726046936,0.032257854905996954,7.944353370640499,129.0,329.0,-54.56524894798925,-47.46500874009381,-10.927875469145768,-48.173580016353476,2.29392511390372,0.036951840518851906,25.05840052712592,466.0,820.0,-54.56524894798925,-21.029815953986343,-14.941095273394744,-41.552504105392615,170.0,0.1153309347245648,2.1511888784695468,0.034223825943942826,27.30545578310545,245.0,695.0,-54.56524894798925,-15.083440703178184,-12.224258436683776,-41.6273424228889,354.0,0.164462189143277
1-026,1-026-1,DG HIPROM  1333,Y,2.1576516288311827,0.0010538576800869742,-21.23867256487969,28.0,510.0,-65.40026424056384,-45.28032898759648,-9.919793311273096,-49.31195572952896,2.0455269852551377,6.008572078215346E-4,-5.8792593399699555,15.0,471.0,-65.8851745701196,-44.069367004832486,-8.826230217287893,-49.86418697827597,2.1991244327086292,0.008909209064650519,31.93915905830891,766.0,1583.0,-65.8851745701196,-15.913978503375603,-10.683743844705415,-31.105110885558474,161.0,0.09027432951429357,2.2556772334178095,0.010519640252109032,9.849795050242694,793.0,1680.0,-65.8851745701196,-8.914223161349994,-23.338607577516235,-34.82155992774992,322.0,0.033522026725825126
1-041,1-041-1,Hilar Ectopic Granule (e)2203p,Y,2.902833205459678,0.005950413295293897,6.169909475441681,186.0,483.0,-70.36524069201764,-55.22067008610016,-37.81719001726479,-62.23422151292678,3.9491304144003196,0.008863961353312293,-4.489477610625441,210.0,500.0,-70.91445989865484,-57.67469502257731,-37.91864027171106,-62.83859718233165,4.7462564321569,0.016602475390118325,5.983856237378719,1069.0,1326.0,-70.91445989865484,-13.33954900696537,-39.370053679473195,-54.185055364318984,194.0,0.3644595718405887,4.353160582660981,0.018644293137323485,4.016465827271491,1248.0,534.0,-70.91445989865484,-7.917216980972967,-39.04354252336098,-54.74810610749761,391.0,0.2590247984620933
1-041,1-041-2,Hilar Ectopic Granule (e)2203p,N,1.8227046017776958,0.0016903912516408525,-1.0843966366301299,54.0,63.0,-70.86459640097469,-36.28845244204478,-11.373010149037562,-53.29121922101221,2.7322950288294052,0.0022060118879437883,2.497429984261883,66.0,292.0,-70.89110207668226,-60.844974565886986,-11.423561126310368,-62.92979963543635,4.158278458400719,0.011470092744606385,14.55726923033726,713.0,472.0,-70.89110207668226,-48.524808542093986,-30.663687129920323,-55.033395528490026,177.0,0.12772762433316517,3.048403999853396,0.011378620480320869,19.787423456194354,189.0,1651.0,-70.89110207668226,-46.60502374619738,-13.135926388796932,-54.98195778016172,337.0,0.043067762517810505
2-005,2-005-1,CA3 LMR-Targeting (i)-33200,Y,1.103614344,9.94E-4,-61.26447822,43.0,54.0,-67.7253072,-24.08892339,10.38028985,-42.7378584,0.6447010956349846,6.030110767778152E-5,-64.67822428486735,31.0,483.0,-67.78986320543105,-51.566293178620825,11.51902767663178,-55.020888245689264,1.5896731950283325,0.0022190813339935515,-86.37785695809434,590.0,1754.0,-67.78986320543105,-36.233226242773995,-3.0564473076329257,-42.5448811204702,169.0,0.09009111007825206,1.2735988280904689,0.007389902005881477,-73.79425287358957,1398.0,1737.0,-67.78986320543105,-25.68929908413952,5.88038898402767,-42.4793732405024,322.0,0.20658999486053234
2-036,2-036-1,Mossy Fiber-Associated (i)03330p,Y,0.5537620687180225,0.003253592309695741,3.685755904191206,5.0,185.0,-59.41328791130742,-36.59455014471939,9.988888062112437,-43.54912180240387,0.963558410036568,0.008231960024406425,0.9488916085580144,7.0,240.0,-59.50612537671908,-46.42590343352008,4.019748107138639,-51.850429603268445,1.7120447650013937,0.00848183581269526,-2.3265941462757525,161.0,280.0,-59.50612537671908,-26.3038802809044,-12.012738461612557,-44.67256894500764,183.0,0.0776026365264898,1.1223766228266043,0.015571372796354413,5.298899738784289,1232.0,1342.0,-59.50612537671908,-29.984635783075454,2.322256433388394,-43.92305221025266,352.0,0.012372437979199971
4-080,4-080-1, CA1 Bistratified (i)0333,Y,3.935030495,0.001952449,16.57957046,19.0,107.0,-64.67262808,-58.74397154,-9.928793958,-59.70326258,4.015176204355656,0.004779592327138751,14.66198924581853,7.0,240.0,-65.13708733684199,-57.60244310343567,-10.20144723013231,-60.42782441031646,5.244973647682553,0.013253543064811506,27.625971074846518,682.0,350.0,-65.13708733684199,-41.59706806259583,-24.97195747493268,-55.571294642393234,196.0,0.14270662228574774,4.472571977181066,0.008759937353352294,20.312412477577205,1453.0,1447.0,-65.13708733684199,-40.04797446769953,-14.739472823258078,-55.75094266246291,371.0,0.029369635423973896
4-080,4-080-2, CA1 Bistratified (i)0333,N,3.058763438,0.026098736,7.363427418,4.0,208.0,-64.94459579,-44.57573757,-0.416937007,-51.08807349
4-081,4-081-1,CA1 Ivy (i)0333,Y,1.916038229420462,0.009151158130158005,1.9083370231896666,45.0,364.0,-70.43451357502616,-40.85892637583558,-6.919736715602269,-53.39985033360094,0.5578952256066542,0.0039576171945875736,-20.08351769498237,154.0,253.0,-70.97182692319234,-42.16959909408804,-7.029044361967927,-53.09699765540532,0.6887800370609414,0.0089028551221141,-18.482985971875358,303.0,747.0,-70.97182692319234,-12.365156644118855,-8.524021233466259,-35.61875276960966,25.0,0.12974336089256294,0.6798992091835554,0.01069351278429271,-18.964414475362382,319.0,759.0,-70.97182692319234,-12.357104250524898,-16.348682638660527,-36.05500431503726,51.0,0.12809814250716875
6-002,6-002-1,MEC LV Pyramidal (e)331131p,Y,0.20529689869515144,2.453815262552446E-4,-16.137075111163625,19.0,157.0,-66.5467924517774,-32.89007207235856,13.401960177613304,-51.20104239894857,0.8640705691875772,1.1817086162167811E-4,-24.718439035540214,11.0,165.0,-65.27219972057091,-48.43522449380126,11.388928960068867,-53.71312158880157,1.4791547684939848,0.009528285077258971,-42.1554651059976,766.0,194.0,-65.27219972057091,-6.341057402896041,2.3935094772625227,-41.7774410460664,162.0,0.07302037471737685,1.2258179157509819,0.0022554362700036587,-30.01497176697655,838.0,1257.0,-65.27219972057091,-27.062824980910378,8.284844601052699,-43.16018701120551,330.0,0.013579227251860788,1.336255295821029,0.007504857340769832,-43.15133849777866,810.0,256.0,-65.27219972057091,-1.3387723518595465,7.971908529600359,-42.20785311465442,357.0,0.11534695914978321
6-002,6-002-2,MEC LV Pyramidal (e)331131p,N,0.36054108626879916,8.650931896888269E-4,-3.240842626058054,13.0,131.0,-68.46726735963524,-35.23707102978097,10.736317876030654,-53.19542185306988,0.8952784333752899,2.692584658779562E-4,-6.929102984897408,8.0,378.0,-67.18016725401343,-54.50406330048682,9.698831213960617,-55.39629931861935,1.1027416879135399,0.007345381960430464,-30.046816355254272,1401.0,1602.0,-67.18016725401343,-5.247380444983989,2.1260774549766923,-43.13971080198279,185.0,0.03177450434031355,1.1141558139811656,0.010177802492941054,-5.272600447972238,524.0,388.0,-67.18016725401343,-4.792428573859212,4.223869423797213,-44.44241844620659,367.0,0.14302739166541112,1.0778658787936835,0.008073955109635524,-14.856649977913204,1399.0,1538.0,-67.18016725401343,-26.524327379851755,8.685188567916514,-43.328026145908815,384.0,0.05945294744811605
6-002,6-002-3,MEC LV Pyramidal (e)331131p,N,0.40286535837411563,0.009048253273883153,5.29291061908398,-12.0,56.0,-66.3244245831912,-31.51084485693808,13.076126405339565,-51.29579152551956,0.6904370119621946,0.0012875264717564594,13.821031664784094,4.0,263.0,-65.41572957187216,-46.585157490721635,10.643119378104856,-53.14031857862528,1.4352319470022143,0.010977141445878538,7.394947227616726,788.0,646.0,-65.41572957187216,-10.451809580897887,-2.460674145307088,-40.96690163484334,193.0,0.02767679939721296,0.8670135134636288,0.020705716693212882,21.715430877966988,928.0,422.0,-65.41572957187216,-6.585391919576928,0.6146164911050835,-40.588834751052,391.0,0.07935480371044278,0.8730746436838335,0.011310363854590853,20.654846587629173,1498.0,1755.0,-65.41572957187216,-2.1472985619790137,6.986097235904043,-40.398910612676616,355.0,0.24718296346645102
6-006,6-006-1,Medial LIII Complex Pyramidal (e)313300,Y,0.9533773758508639,0.028146831267297667,-21.985201656959987,805.0,407.0,-59.01310970806863,-39.00521245938936,21.506520944059638,-38.578579093395575,1.1370240864814218,0.08328294426323794,-6.826266158120124,695.0,72.0,-59.427912888585496,-36.30639029222759,21.151824169641046,-38.55623284229644,1.7933989172340037,0.15865606586608055,-18.00174127765931,1029.0,810.0,-59.427912888585496,-13.28926124370497,4.075165474906775,-18.17877545112853,23.0,0.4364778098915677,1.4512413459270164,0.13129758932850163,-0.331991161134102,1450.0,775.0,-59.427912888585496,-15.217094709393386,10.589798400810322,-17.957420124005303,85.0,0.2748498164789728
6-006,6-006-2,Medial LIII Complex Pyramidal (e)313300,N,0.5304816636186251,0.003514477683772621,-0.5758953218530038,79.0,749.0,-63.59170391991902,-38.653742263377865,18.15457401272584,-43.58968463295436,0.880301604558256,0.02090153231245468,-7.237703524110685,984.0,274.0,-63.79735940297665,-37.924187540660405,17.73413983642493,-43.74810564834888,2.2956805412928722,0.046608208933927496,-44.34348838112163,1461.0,795.0,-63.79735940297665,-10.571277710706845,11.681250439120099,-23.56299108855645,46.0,0.16047354794936564,1.4854993170360038,0.04517084315858444,-5.838835424076436,1110.0,969.0,-63.79735940297665,-11.92979753017741,15.784698989695771,-23.622485887829818,81.0,0.36658322809790567
6-006,6-006-3,Medial LIII Complex Pyramidal (e)313300,N,0.905351704053685,0.0685965384362544,4.075837348538556,45.0,115.0,-58.980533034841315,-35.20515631656637,21.98677890041239,-38.942803187721466,1.1977479522004146,0.023775383680429342,-23.37320892861705,975.0,164.0,-58.20415726525812,-34.8272110403756,22.574777878035917,-40.471987692409215,1.3099632241623904,0.026226018214399315,-15.036421969076752,1111.0,1152.0,-58.20415726525812,-9.900961580933512,7.443850992947683,-26.309487691336653,138.0,0.32020354780585286,1.4546629845753702,0.02457568613383077,-15.701288086602135,1721.0,856.0,-58.20415726525812,-8.214733492006303,11.558963082935774,-21.980745639456394,336.0,0.4559410335344569
6-008,6-008-1,MEC LII PC-Multiform (e)-233111,Y,0.368841404173356,9.049716611252613E-4,-4.080294972247593,13.0,204.0,-70.53217130469808,-39.9867707705909,3.9634516484520788,-54.94826994018686,0.9675771287718586,8.146354375476378E-4,-0.1782023016927674,10.0,383.0,-70.37014318210086,-56.43659221086871,0.45305780099717197,-63.28176291204238,1.0986799242711134,0.0014715166657628459,-13.043880201230131,694.0,1309.0,-70.37014318210086,-42.39269683690884,-3.885209787810604,-55.92113123152644,153.0,0.028455154622932577,1.3563646853195248,0.0010839988300868524,-12.110455294112029,33.0,556.0,-70.37014318210086,-13.199810615813135,-16.35218899158292,-55.59520645864724,334.0,0.049933875588354604
6-008,6-008-2,MEC LII PC-Multiform (e)-233111,N,1.5307385727861265,0.0012837956201046776,0.011568646789483772,7.0,286.0,-56.1374580189373,-39.77502787012879,18.2736315677871,-49.81140755943429,1.8611679715881775,3.1184264524566576E-4,-2.2702513420484536,2.0,383.0,-56.407090664641004,-43.31339958001414,18.32669625307352,-49.50874149935509,1.971005045897337,0.005311622795124811,-0.011125279272885535,762.0,891.0,-56.407090664641004,-7.734546205977402,4.523295482266457,-43.166171575829495,181.0,0.04392063129659105,2.048102587195609,0.00775327503269589,16.40233724955118,970.0,411.0,-56.407090664641004,-16.067523538257987,0.6742516774095471,-42.8290164686789,334.0,0.03243058914633617
6-017,6-017-1,LIII Pyramidal (e)223111p,Y,0.9533773758508639,0.028146831267297667,-21.985201656959987,805.0,407.0,-59.01310970806863,-39.00521245938936,21.506520944059638,-38.578579093395575,1.1370240864814218,0.08328294426323794,-6.826266158120124,695.0,72.0,-59.427912888585496,-36.30639029222759,21.151824169641046,-38.55623284229644,1.7933989172340037,0.15865606586608055,-18.00174127765931,1029.0,810.0,-59.427912888585496,-13.28926124370497,4.075165474906775,-18.17877545112853,23.0,0.4364778098915677,1.4512413459270164,0.13129758932850163,-0.331991161134102,1450.0,775.0,-59.427912888585496,-15.217094709393386,10.589798400810322,-17.957420124005303,85.0,0.2748498164789728
6-017,6-017-2,LIII Pyramidal (e)223111p,N,0.5304816636186251,0.003514477683772621,-0.5758953218530038,79.0,749.0,-63.59170391991902,-38.653742263377865,18.15457401272584,-43.58968463295436,0.880301604558256,0.02090153231245468,-7.237703524110685,984.0,274.0,-63.79735940297665,-37.924187540660405,17.73413983642493,-43.74810564834888,2.2956805412928722,0.046608208933927496,-44.34348838112163,1461.0,795.0,-63.79735940297665,-10.571277710706845,11.681250439120099,-23.56299108855645,46.0,0.16047354794936564,1.4854993170360038,0.04517084315858444,-5.838835424076436,1110.0,969.0,-63.79735940297665,-11.92979753017741,15.784698989695771,-23.622485887829818,81.0,0.36658322809790567
6-017,6-017-3,LIII Pyramidal (e)223111p,N,0.905351704053685,0.0685965384362544,4.075837348538556,45.0,115.0,-58.980533034841315,-35.20515631656637,21.98677890041239,-38.942803187721466,1.1977479522004146,0.023775383680429342,-23.37320892861705,975.0,164.0,-58.20415726525812,-34.8272110403756,22.574777878035917,-40.471987692409215,1.3099632241623904,0.026226018214399315,-15.036421969076752,1111.0,1152.0,-58.20415726525812,-9.900961580933512,7.443850992947683,-26.309487691336653,138.0,0.32020354780585286,1.4546629845753702,0.02457568613383077,-15.701288086602135,1721.0,856.0,-58.20415726525812,-8.214733492006303,11.558963082935774,-21.980745639456394,336.0,0.4559410335344569
6-018,6-018-1,LIII Stellate (e)223000,Y,0.9533773758508639,0.028146831267297667,-21.985201656959987,805.0,407.0,-59.01310970806863,-39.00521245938936,21.506520944059638,-38.578579093395575,1.1370240864814218,0.08328294426323794,-6.826266158120124,695.0,72.0,-59.427912888585496,-36.30639029222759,21.151824169641046,-38.55623284229644,1.7933989172340037,0.15865606586608055,-18.00174127765931,1029.0,810.0,-59.427912888585496,-13.28926124370497,4.075165474906775,-18.17877545112853,23.0,0.4364778098915677,1.4512413459270164,0.13129758932850163,-0.331991161134102,1450.0,775.0,-59.427912888585496,-15.217094709393386,10.589798400810322,-17.957420124005303,85.0,0.2748498164789728
6-018,6-018-2,LIII Stellate (e)223000,N,0.5304816636186251,0.003514477683772621,-0.5758953218530038,79.0,749.0,-63.59170391991902,-38.653742263377865,18.15457401272584,-43.58968463295436,0.880301604558256,0.02090153231245468,-7.237703524110685,984.0,274.0,-63.79735940297665,-37.924187540660405,17.73413983642493,-43.74810564834888,2.2956805412928722,0.046608208933927496,-44.34348838112163,1461.0,795.0,-63.79735940297665,-10.571277710706845,11.681250439120099,-23.56299108855645,46.0,0.16047354794936564,1.4854993170360038,0.04517084315858444,-5.838835424076436,1110.0,969.0,-63.79735940297665,-11.92979753017741,15.784698989695771,-23.622485887829818,81.0,0.36658322809790567
6-018,6-018-3,LIII Stellate (e)223000,N,0.905351704053685,0.0685965384362544,4.075837348538556,45.0,115.0,-58.980533034841315,-35.20515631656637,21.98677890041239,-38.942803187721466,1.1977479522004146,0.023775383680429342,-23.37320892861705,975.0,164.0,-58.20415726525812,-34.8272110403756,22.574777878035917,-40.471987692409215,1.3099632241623904,0.026226018214399315,-15.036421969076752,1111.0,1152.0,-58.20415726525812,-9.900961580933512,7.443850992947683,-26.309487691336653,138.0,0.32020354780585286,1.4546629845753702,0.02457568613383077,-15.701288086602135,1721.0,856.0,-58.20415726525812,-8.214733492006303,11.558963082935774,-21.980745639456394,336.0,0.4559410335344569
6-025,6-025-1, LEC LIII Multipolar Principal (e)113330,Y,0.31324950999066914,6.438592060688443E-4,-3.358964718201811,11.0,250.0,-64.62085879416324,-35.31711857497933,5.800988307836562,-48.634928349841175,1.2896033225303358,3.4193567267048363E-4,-22.39301864124153,13.0,168.0,-65.38407711144681,-52.41701756565435,-1.5417714244465444,-55.840919467892974,1.7387205905103724,0.019365159646209024,-27.028205320465812,1465.0,263.0,-65.38407711144681,-20.642383479719612,-15.92218691649118,-46.442877975897545,286.0,0.10446127390250096,1.6734849906852256,0.002361116746727372,-27.26083999938086,760.0,1443.0,-65.38407711144681,-13.643950165419952,-20.034873262197426,-46.17320419877551,531.0,0.11134350477136651,1.4406907441755419,0.014238552190376725,-28.20756399070275,1424.0,1002.0,-65.38407711144681,-24.337309429579065,-5.696706897300523,-46.4284111302015,531.0,0.16243631144937362
6-025,6-025-2, LEC LIII Multipolar Principal (e)113330,N,0.8767022069365952,0.005235260642011899,2.24165363211398,-2.0,416.0,-64.72774669286454,-39.23820956822371,5.5312939220242185,-48.59921022180805,1.7268566940083603,0.008070104924333032,-4.917364421010866,53.0,971.0,-64.57160041039195,-50.56216588756023,-0.3076285019483862,-55.13694568363322,1.9101169611828828,0.01604592050427424,8.63787093503467,782.0,1467.0,-64.57160041039195,-13.253089369095925,-4.0002469385977,-45.55628563688099,191.0,0.11912333954037485,2.40980915290801,0.018028093791782156,-11.77662907713885,734.0,1001.0,-64.57160041039195,-11.891407855565589,-9.932971473881219,-45.66480736256153,422.0,0.10336125303458164,1.8942367355528134,0.010278899629208086,8.931049518796677,596.0,1753.0,-64.57160041039195,-6.508005422386503,-2.3388333367501817,-45.19566649665197,414.0,0.4807970538354741
6-038,6-038-1,MEC LIII Superficial Trilayer (i)333000,Y,1.1481379575674113,0.004489512798737156,7.385008072572816,1.0,152.0,-59.179744206396144,-36.71126019252947,17.725563936929454,-54.95805722613167,0.39289476480837426,0.0034178722664858787,-23.95128041834866,154.0,211.0,-59.023784667992466,-36.643151512879,20.447941884779446,-54.47325648591884,0.8918469362313352,0.005689561130626715,-119.22214285850136,452.0,933.0,-59.023784667992466,-15.338741234112454,16.054521765902393,-49.77065712044228,37.0,0.2624297507511334,0.677839437615635,0.00444524652448436,-114.277720908422,462.0,619.0,-59.023784667992466,-12.517650813643122,18.11074199976626,-49.50455285947757,64.0,0.2180418778370338
6-040,6-040-1,MEC LIII Superficial MPI (i)233000,Y,3.5039155900839813,0.17187843228017485,-48.94734557230292,295.0,29.0,-61.99788148361346,-41.459049351244204,38.88551116324171,-67.52983942666705,3.173051254572785,0.18274970331994067,-43.67627448883648,346.0,16.0,-61.226790208333185,-45.236572531201915,39.63560990578969,-66.91949723389841,4.9098738930302535,0.3781002463108222,-54.120659935624104,670.0,220.0,-61.226790208333185,-37.81722580527888,21.71050254573551,-72.5144460903048,141.0,0.05324319395978147,3.514899743500568,0.1919130118108036,-51.69299056244548,560.0,1015.0,-61.226790208333185,-36.736823521790726,38.55867506996539,-72.62836663506306,324.0,0.4412853087575803
6-047,6-047-1,MEC LIII Multipolar (i)113220,Y,2.3241173423561383,0.002783003419124519,12.27352907536854,-2.0,115.0,-57.1512022883697,-50.74905748089165,2.429123768695696,-60.23459872179691,2.1314501839086604,0.006751731527946558,8.755757138970571,1.0,98.0,-56.93399950793065,-51.991017311195726,2.898946875097664,-61.76433388485269,2.377638935064377,0.036076884800697796,12.013578216597692,978.0,211.0,-56.93399950793065,-43.48171624037264,-12.411910943702695,-66.1030078699088,186.0,0.04414033835898863,2.460708104684431,0.035843241774339535,-0.08460016953386607,649.0,994.0,-56.93399950793065,-2.3628833141125654,1.6771885683740884,-64.8978965332937,359.0,0.2129185354793485
6-082,6-082-1,LII-III Pyramidal-Tripolar (e)333000p ,Y,0.368841404173356,9.049716611252613E-4,-4.080294972247593,13.0,204.0,-70.53217130469808,-39.9867707705909,3.9634516484520788,-54.94826994018686,0.9675771287718586,8.146354375476378E-4,-0.1782023016927674,10.0,383.0,-70.37014318210086,-56.43659221086871,0.45305780099717197,-63.28176291204238,1.0986799242711134,0.0014715166657628459,-13.043880201230131,694.0,1309.0,-70.37014318210086,-42.39269683690884,-3.885209787810604,-55.92113123152644,153.0,0.028455154622932577,1.3563646853195248,0.0010839988300868524,-12.110455294112029,33.0,556.0,-70.37014318210086,-13.199810615813135,-16.35218899158292,-55.59520645864724,334.0,0.049933875588354604
6-082,6-082-2,LII-III Pyramidal-Tripolar (e)333000p ,N,1.5307385727861265,0.0012837956201046776,0.011568646789483772,7.0,286.0,-56.1374580189373,-39.77502787012879,18.2736315677871,-49.81140755943429,1.8611679715881775,3.1184264524566576E-4,-2.2702513420484536,2.0,383.0,-56.407090664641004,-43.31339958001414,18.32669625307352,-49.50874149935509,1.971005045897337,0.005311622795124811,-0.011125279272885535,762.0,891.0,-56.407090664641004,-7.734546205977402,4.523295482266457,-43.166171575829495,181.0,0.04392063129659105,2.048102587195609,0.00775327503269589,16.40233724955118,970.0,411.0,-56.407090664641004,-16.067523538257987,0.6742516774095471,-42.8290164686789,334.0,0.03243058914633617
6-082,6-082-3,LII-III Pyramidal-Tripolar (e)333000p ,N,0.9810962971341177,0.003926182069977976,-23.765155900126867,119.0,131.0,-62.65242275268868,-43.60420719367761,7.846967869599197,-52.6792734688982,1.0101865428615429,0.008462673079629687,-24.026660816687517,370.0,202.0,-60.043783329627,-39.333012687275954,10.398072242357976,-50.456645470660085,1.549862604997093,0.009920364501182081,-27.22697721011844,483.0,931.0,-60.043783329627,-19.927343733391503,6.644590543390047,-40.95156448710992,15.0,0.473918254161379,1.6669556279503346,0.015350940243601098,-82.58853782918814,798.0,809.0,-60.043783329627,-18.583045256859343,2.3306819796412004,-40.96307721144157,50.0,0.3603436745726019
6-086,6-086-1,LIV-VI Deep Multipolar (e)000333p,Y,0.6170988153886569,4.0605240049861545E-4,-22.08673119982234,37.0,240.0,-67.72608577004262,-40.44114858537738,21.379193934191505,-48.284147828819584
6-086,6-086-2,LIV-VI Deep Multipolar (e)000333p,N,0.548715191575105,0.0031057212480895815,-5.776602523836356,51.0,195.0,-67.98464855996966,-44.208151621542164,9.918419760434745,-51.708351272621314
6-086,6-086-3,LIV-VI Deep Multipolar (e)000333p,N,0.6314984719760458,0.0033775697511829084,-4.598378518787229,82.0,459.0,-64.84354579620828,-46.38616219076701,12.948412715817454,-45.49589503340582
6-086,6-086-4,LIV-VI Deep Multipolar (e)000333p,N,1.8039057801178797,0.0019430859405314361,2.5780725530820163,7.0,476.0,-64.72177918304915,-58.75844970736644,-4.006677982314265,-59.311616075845635
6-087,6-087-1,LIII Pyramidal-Looking (i)023300,Y,1.226780822458698,0.007614010987340258,10.675677263045237,25.0,521.0,-71.29133387320978,-37.77701236767125,8.30495230139961,-50.41805657863628,1.8644359111775635,8.381764338871112E-4,-6.111938225334772,46.0,1166.0,-71.23372699170483,-51.263648949938016,6.477822079582992,-59.19885575970147,2.0526892125259293,0.006044903745704552,10.516828601712486,1504.0,2159.0,-71.23372699170483,-19.425375906438752,-0.8983609946392415,-45.3458449081687,170.0,0.07175434333916875,2.1146348916787776,0.009418698303736359,7.557336666048659,1241.0,1861.0,-71.23372699170483,-7.889628060106261,5.211639672465808,-46.98432677946438,344.0,0.1334123071217124
1-000,1-000-1,DG Granule (e) 2201p,Y,0.4471817006977834,0.0032799410036917333,24.478421990208606,50.0,38.0,-77.40291336465064,-44.90054428048817,15.489726771001997,-66.46563513097735,0.19587413165627549,8.890080778181897E-4,20.55220317013014,84.0,83.0,-77.25580664529014,-36.33817675933864,16.97936509647623,-58.64855817763884,0.3387515686550074,0.006464805152735577,31.70657442510145,290.0,1148.0,-77.25580664529014,7.143994486935867,7.842956175415329,-41.97198962521709,165.0,0.05433263474826056,0.3224707316278875,0.020843351279093803,33.43661883183359,1448.0,1064.0,-77.25580664529014,4.680625981311181,3.836865369320778,-40.25350444675773,335.0,0.04376434490507482
1-000,1-000-2,DG Granule (e) 2201p,N,1.1710147017775439,0.005856051329217439,6.556103776407099,74.0,168.0,-75.35527708943673,-53.78028240839604,13.752051838614378,-55.52258655339298
1-000,1-000-3,DG Granule (e) 2201p,N,1.4883861244418468,0.029376952231325817,-27.463995744265105,436.0,235.0,-75.84837977197502,-53.66265472428559,13.686604455224526,-56.01351066512653
1-001,1-001-1,Semilunar granule ( e ) 2311p,Y,0.9435564806967471,3.8574839631243084E-4,-77.48643495680187,182.0,910.0,-78.37613397491567,-58.40275866917288,2.6115053746223396,-62.904163452964994
2-001,2-001-1,CA3 Granule (e)22100,Y,2.2457392596461787,0.05299303334168679,1.5382678042833553,443.0,241.0,-78.04310161409101,-64.88107482758818,-7.726602652356235,-68.00754960176899
2-003,2-003-1,CA3 Giant (e)22010,Y,0.6092607,0.0036472806,1.8359184,2.0,96.0,-57.579357,-37.121007000000006,36.421593,-49.445649,0.540290857144493,0.00364854528484555,-9.31700486880505,25.0,119.0,-57.7321791126922,-37.2286027426922,37.117102587307805,-48.7975058046922,1.067099801955411,0.00437323480436656,-31.27345616234585,135.0,216.0,-57.7321791126922,-15.645483962692204,20.535515607307804,-40.0792452546922,113.0,0.109565680497224
2-013,2-013-1,Lucidum ORAX (i)03311,Y,1.02517187673574,0.0421001283933016,-5.0726514702479,68.0,67.0,-60.0241415995967,-47.9730637069381,11.0918217336367,-59.3811253801446,2.411539312593636,0.048349674617186957,-6.169342006287735,95.0,90.0,-61.17638371972646,-52.99416934599492,8.41373221579778,-60.55315038800795,3.0385106279363248,0.059339507379991774,-31.004076748028112,349.0,175.0,-61.17638371972646,-19.219834713108895,5.720166074184924,-59.86709713233731,191.0,0.0433841027767639
2-013,2-013-2,Lucidum ORAX (i)03311,N,1.195187289463572,2.2656928681785706E-5,2.0356979307909473,5.0,262.0,-61.025847908003215,-47.10152854141184,9.971774781530726,-51.66642367626269
2-019,2-019-1,Spiny lucidum (i) 01320p,Y,3.1278805284667737,0.002515063950466524,10.11732957397694,18.0,590.0,-69.58985793374488,-52.9745098372351,34.30228663739027,-58.61608318938255,1.4488588501111692,0.009182462421333927,13.52681890063532,33.0,646.0,-69.76146115005787,-55.71006761254603,34.36828162207637,-58.80342391151125,2.1297478513275614,0.01253822980340854,24.883091610199763,1386.0,1134.0,-69.76146115005787,-25.209556386805026,24.91255758170876,-48.68016348821434,168.0,0.10687437262625049
3-003,3-003-1,CA2 Bistratified (i)0313p,Y,0.7981262953058378,0.007629998840749039,4.754906330672338,4.0,118.0,-74.10259821671264,-40.19407963284318,11.463619329325923,-53.61371159297946,0.518779162905594,0.0016240370738368239,-7.594582653095352,14.0,73.0,-73.9815399092442,-39.854232625363515,12.025457451359586,-53.45954060928017,1.0200356331435334,0.0029053961471186486,-173.83173452678886,14.0,207.0,-73.9815399092442,-4.161564279809738,4.230223991291685,-33.087988118008965,7.0,0.9300865739808191
3-008,3-008-1,CA2 SP-SR (i)-0302,Y,3.590881992054694,0.002631041334055018,48.43475310353249,64.0,226.0,-71.92485578870804,-57.051966938244945,-6.496991814779392,-66.93755750926377,1.8257951771039862,0.004852169974650146,13.59843663069366,127.0,169.0,-70.48453988824414,-49.884114509839954,-3.6334147791431377,-65.53692022569186,2.0834669866690234,0.007540670190030322,49.68565190547781,1099.0,459.0,-70.48453988824414,-22.798310731248996,-9.687317090917226,-61.36368688057048,160.0,0.24150093923084037
4-005,4-005-1,CA1 LMR (i)3300,Y,0.6460869182924136,0.002634962967481794,-12.119209169617273,11.0,40.0,-53.95183826675027,-43.83060961075481,25.195211601210417,-54.04927084425732,0.4659540585238706,0.006003097305101626,-22.56602774399886,50.0,35.0,-53.47123331588642,-43.07347947868148,26.488696467518537,-54.23410613653018,0.8665591147607679,0.006947687755060536,-67.01862085314792,130.0,136.0,-53.47123331588642,-32.68734525799611,8.91581840936093,-54.36157967596564,14.0,0.10177611380391535
4-005,4-005-2,CA1 LMR (i)3300,N,3.2666762963373115,0.0028600105490035987,14.465976466616354,19.0,138.0,-53.17485944424415,-36.069979694973384,7.662790550991609,-46.21886112799776
4-006,4-006-1,CA1 Perforant Path-Assoc (i)3200p,Y,4.838056053238451,0.045127009643410904,-49.30790984034932,194.0,12.0,-55.44446407173723,-42.499697607845896,-0.04506779940931693,-50.995730588820074,4.177598700105857,0.026589362919575556,-43.80030208527693,183.0,28.0,-55.93921199777359,-43.90346001796922,-0.8369077396164997,-51.31026485213759,4.532231325281289,0.08315607943192901,-41.87756099120002,730.0,1239.0,-55.93921199777359,-18.901366176635563,-19.468082850603075,-46.87559737413527,161.0,0.08221658583775948
4-006,4-006-2,CA1 Perforant Path-Assoc (i)3200p,N,4.100487678358459,7.263679116449873E-5,5.046796684305519,47.0,233.0,-55.46848130753209,-46.103088336451094,-5.272886260897202,-51.04148064492912,4.496187471176014,0.002010625157541639,3.4190406156106086,61.0,282.0,-55.32395127127678,-46.554910168692004,-5.237704808289841,-50.74194411930106,5.164919826681405,0.011249228580872562,19.939147958379092,486.0,964.0,-55.32395127127678,-17.932210864529218,-12.95567578785244,-45.832801532617154,173.0,0.19553850504580497
4-015,4-015-1,Schaffer Collateral-Assoc (i)2311,Y,2.990085377226567,0.0021734171607906416,24.813966131352544,34.0,224.0,-75.31302300466214,-64.8639637569239,0.5279224400557894,-67.7249369882104
4-015,4-015-2,Schaffer Collateral-Assoc (i)2311,N,1.5222862104780683,6.160925974347138E-4,-52.68105465610603,39.0,328.0,-60.75113735398852,-53.44056314151711,19.59825188813668,-58.64619441211865
4-023,4-023-1,CA1 Back Projection (i)1133p,Y,0.6674675085182875,0.0043447687876556175,15.660533497331485,-30.0,133.0,-60.278709877851796,-47.121152975013004,0.5867101944764528,-60.139814575078574,0.4333223514285957,0.003161498340020357,16.592507252497903,-7.0,96.0,-60.34486210645157,-47.964262057677246,0.4563733370669567,-59.83227024394214,1.0781649621611757,0.012524546937128074,-41.29360026064064,-51.0,286.0,-60.34486210645157,-35.68517199533123,-12.994755828917203,-59.50190082390718,69.0,0.07181446592660999
4-054,4-054-1,CA1 Radiatum Giant (e)2201,Y,0.7346641952001415,2.2791368599854868E-5,91.37048337036953,100.0,725.0,-66.09040753356817,-27.00561346629214,13.368008098976233,-46.97402933177894,0.8860616073670196,0.0010870811109890955,24.353389532038072,134.0,1170.0,-66.97461747160288,-53.18635618760654,12.952304527530515,-57.65201401834313,1.13165376197004,0.006374802686499919,42.647555157997594,442.0,2003.0,-66.97461747160288,-21.87632516997926,10.694404797640452,-48.093277385807355,159.0,0.1643465376451456
4-066,4-066-1,CA1 OR-LM (i)1202,Y,0.5583331765468498,0.014303596167633138,2.0949439303931197,-15.0,248.0,-57.033386850419745,-42.754578652153185,82.73135352476014,-45.4929503674726
5-005,5-005-1,SUB CA1-Proj Pyramidal (e)331p,Y,4.635267638789458,3.507719098194695E-5,25.16463647857205,3.0,724.0,-59.39554556014011,-45.35074774575038,-18.91905430698211,-53.447472701703205,4.197667542455718,8.479401580654855E-5,34.575840836728446,6.0,1399.0,-59.097466025543426,-45.220049509684486,-18.37109005318105,-53.99812554951835,5.2385160948498815,6.742778425306773E-4,51.06843024271479,728.0,2846.0,-59.097466025543426,4.610572186111817,-19.794810981530883,-48.98597673662532,198.0,0.19040585606789492
5-005,5-005-2,SUB CA1-Proj Pyramidal (e)331p,N,2.4733158208219845,0.027586579813060105,25.93899599732606,99.0,372.0,-59.172302794547804,-44.50386334865285,-19.346882342782592,-51.46332758249623,4.152650775249049,0.042660350081939996,23.8630922288023,122.0,360.0,-59.08202109462767,-47.377349560244184,-19.258477933170347,-51.390677174785914,4.435046452927628,0.04435377164008004,43.02483650440571,492.0,1025.0,-59.08202109462767,-10.404933397413679,-20.711631519424987,-44.23442707254204,189.0,0.2372956725856121
6-003,6-003-1,MEC LII Stellate (e)331111p,Y,0.6184380916765625,0.004821176339075235,11.688739717620688,3.0,118.0,-58.53106324064597,-43.51683183129753,11.482580030790679,-49.5218067494078,0.43876755239640175,0.0011970268056964984,26.379956619492784,-10.0,129.0,-58.35940109782759,-42.760058710095365,12.27182811361235,-48.94262308717025,0.8660493939361509,0.007901563209103004,-36.05026778019558,-7.0,226.0,-58.35940109782759,-23.94605423939216,7.759145553735818,-39.378304293851755,5.0,0.7177762675481265
6-003,6-003-2,MEC LII Stellate (e)331111p,N,0.9810962971341177,0.003926182069977976,-23.765155900126867,119.0,131.0,-62.65242275268868,-43.60420719367761,7.846967869599197,-52.6792734688982,0.7634699356916633,0.004131066751477173,-10.158466526740082,68.0,50.0,-60.4769079594519,-40.27374454577065,10.055513474762655,-50.66126662043469,1.912535729841676,0.00413650249267482,-113.68484644293306,94.0,212.0,-60.4769079594519,-20.0033924480366,-2.3789360521447165,-41.4647858661056,6.0,0.6718559847078833
6-005,6-005-1,LI-II Pyramidal-Fan (e)331000p,Y,0.9387001205385692,0.010467107012361344,-0.3158968389558332,283.0,539.0,-50.044755761255395,-46.536862548072556,29.21947467654389,-50.62645030087222,0.9897309201278865,0.010264025739210803,-2.8247499429500555,391.0,308.0,-49.83852042540709,-44.4532609991154,28.88802058300815,-50.14156275101872,1.204169288816531,0.03566691053000755,-2.4008262271162826,879.0,899.0,-49.83852042540709,-15.39178689987866,20.44104310292377,-50.441815825705866,184.0,0.08306203627275141
6-005,6-005-2,LI-II Pyramidal-Fan (e)331000p,N,1.1508812952956695,0.002398605301691944,9.386601223324654,5.0,528.0,-50.70485343250453,-40.33813903101469,27.70742804064701,-40.82509351547799,1.2917434077245138,4.854118651304018E-4,13.169121962374236,12.0,779.0,-49.924881085948556,-40.79428470451048,30.044926547100047,-40.878430342751614,1.5623963977833573,0.008498439283434947,6.436415297416991,1152.0,1950.0,-49.924881085948556,-26.915877570797523,23.122502305208812,-31.134427246034427,177.0,0.047353541876882455
6-005,6-005-3,LI-II Pyramidal-Fan (e)331000p,N,0.7788511292913444,4.969583901350471E-4,-62.840899881467415,117.0,567.0,-63.472396832023406,-40.467923799099374,16.52388970991035,-44.745084256214525,1.3719623305357624,0.0019494556341028413,-0.15393116679557295,48.0,1166.0,-62.849110626858426,-50.44324455903958,16.13207405371562,-52.8185833628051,1.6482570373484904,0.002014596857130956,-6.94905279510926,1354.0,1632.0,-62.849110626858426,-12.930499078718427,15.020744762145814,-42.50581291532032,198.0,0.09766598865681815
6-019,6-019-1,MEC LII Oblique Pyramidal (e)221100,Y,0.6184380916765625,0.004821176339075235,11.688739717620688,3.0,118.0,-58.53106324064597,-43.51683183129753,11.482580030790679,-49.5218067494078,0.43876755239640175,0.0011970268056964984,26.379956619492784,-10.0,129.0,-58.35940109782759,-42.760058710095365,12.27182811361235,-48.94262308717025,0.8660493939361509,0.007901563209103004,-36.05026778019558,-7.0,226.0,-58.35940109782759,-23.94605423939216,7.759145553735818,-39.378304293851755,5.0,0.7177762675481265
6-019,6-019-2,MEC LII Oblique Pyramidal (e)221100,N,0.9810962971341177,0.003926182069977976,-23.765155900126867,119.0,131.0,-62.65242275268868,-43.60420719367761,7.846967869599197,-52.6792734688982,0.7634699356916633,0.004131066751477173,-10.158466526740082,68.0,50.0,-60.4769079594519,-40.27374454577065,10.055513474762655,-50.66126662043469,1.912535729841676,0.00413650249267482,-113.68484644293306,94.0,212.0,-60.4769079594519,-20.0033924480366,-2.3789360521447165,-41.4647858661056,6.0,0.6718559847078833
6-024,6-024-1,MEC LIII BP Cmplx PC (e)133100,Y,0.9533773758508639,0.028146831267297667,-21.985201656959987,805.0,407.0,-59.01310970806863,-39.00521245938936,21.506520944059638,-38.578579093395575,0.7969948009407775,0.016264996377272325,-35.5576775896347,850.0,374.0,-59.82450763074355,-38.794439577852614,21.959796144727655,-39.266920049618065,1.3661513517804136,0.016592512157431797,-103.39891078735809,1743.0,819.0,-59.82450763074355,-17.17023761326537,20.696455036352035,-18.617118385258138,39.0,0.11582889813221398
6-024,6-024-2,MEC LIII BP Cmplx PC (e)133100,N,0.5304816636186251,0.003514477683772621,-0.5758953218530038,79.0,749.0,-63.59170391991902,-38.653742263377865,18.15457401272584,-43.58968463295436,1.042988558169071,0.04284279472189341,-12.67209540847561,774.0,288.0,-63.27019075414841,-35.46725989479244,16.80895080720895,-43.25691468812542,1.2384707575523286,0.04466878081854026,18.205118579833428,925.0,999.0,-63.27019075414841,-7.924549902066239,-0.26230234840852873,-22.588142321548965,19.0,0.4787627289748053
6-024,6-024-3,MEC LIII BP Cmplx PC (e)133100,N,0.905351704053685,0.0685965384362544,4.075837348538556,45.0,115.0,-58.980533034841315,-35.20515631656637,21.98677890041239,-38.942803187721466,1.589514771532013,0.030663551098407005,-19.930629181037986,649.0,240.0,-58.05332194467344,-34.53268774524897,22.17105334162075,-39.38396870128271,2.139038489291226,0.03383132315771449,-6.5528458462189825,1324.0,692.0,-58.05332194467344,-11.539358603738137,21.102391562882282,-21.010315712628753,47.0,0.2811150256009335
6-031,6-031-1,MEC LIII Multipolar Principal (e) 003310,Y,0.9533773758508639,0.028146831267297667,-21.985201656959987,805.0,407.0,-59.01310970806863,-39.00521245938936,21.506520944059638,-38.578579093395575,0.7969948009407775,0.016264996377272325,-35.5576775896347,850.0,374.0,-59.82450763074355,-38.794439577852614,21.959796144727655,-39.266920049618065,1.3661513517804136,0.016592512157431797,-103.39891078735809,1743.0,819.0,-59.82450763074355,-17.17023761326537,20.696455036352035,-18.617118385258138,39.0,0.11582889813221398
6-031,6-031-2,MEC LIII Multipolar Principal (e) 003310,N,0.5304816636186251,0.003514477683772621,-0.5758953218530038,79.0,749.0,-63.59170391991902,-38.653742263377865,18.15457401272584,-43.58968463295436,1.042988558169071,0.04284279472189341,-12.67209540847561,774.0,288.0,-63.27019075414841,-35.46725989479244,16.80895080720895,-43.25691468812542,1.2384707575523286,0.04466878081854026,18.205118579833428,925.0,999.0,-63.27019075414841,-7.924549902066239,-0.26230234840852873,-22.588142321548965,19.0,0.4787627289748053
6-031,6-031-3,MEC LIII Multipolar Principal (e) 003310,N,0.905351704053685,0.0685965384362544,4.075837348538556,45.0,115.0,-58.980533034841315,-35.20515631656637,21.98677890041239,-38.942803187721466,1.589514771532013,0.030663551098407005,-19.930629181037986,649.0,240.0,-58.05332194467344,-34.53268774524897,22.17105334162075,-39.38396870128271,2.139038489291226,0.03383132315771449,-6.5528458462189825,1324.0,692.0,-58.05332194467344,-11.539358603738137,21.102391562882282,-21.010315712628753,47.0,0.2811150256009335
6-033,6-033-1,MEC LV Multipolar-PC (e)-001331,Y,0.20529689869515144,2.453815262552446E-4,-16.137075111163625,19.0,157.0,-66.5467924517774,-32.89007207235856,13.401960177613304,-51.20104239894857,0.8640705691875772,1.1817086162167811E-4,-24.718439035540214,11.0,165.0,-65.27219972057091,-48.43522449380126,11.388928960068867,-53.71312158880157,1.4791547684939848,0.009528285077258971,-42.1554651059976,766.0,194.0,-65.27219972057091,-6.341057402896041,2.3935094772625227,-41.7774410460664,162.0,0.07302037471737685,1.2258179157509819,0.0022554362700036587,-30.01497176697655,838.0,1257.0,-65.27219972057091,-27.062824980910378,8.284844601052699,-43.16018701120551,330.0,0.013579227251860788,1.336255295821029,0.007504857340769832,-43.15133849777866,810.0,256.0,-65.27219972057091,-1.3387723518595465,7.971908529600359,-42.20785311465442,357.0,0.11534695914978321
6-033,6-033-2,MEC LV Multipolar-PC (e)-001331,N,0.36054108626879916,8.650931896888269E-4,-3.240842626058054,13.0,131.0,-68.46726735963524,-35.23707102978097,10.736317876030654,-53.19542185306988,0.8952784333752899,2.692584658779562E-4,-6.929102984897408,8.0,378.0,-67.18016725401343,-54.50406330048682,9.698831213960617,-55.39629931861935,1.1027416879135399,0.007345381960430464,-30.046816355254272,1401.0,1602.0,-67.18016725401343,-5.247380444983989,2.1260774549766923,-43.13971080198279,185.0,0.03177450434031355,1.1141558139811656,0.010177802492941054,-5.272600447972238,524.0,388.0,-67.18016725401343,-4.792428573859212,4.223869423797213,-44.44241844620659,367.0,0.14302739166541112,1.0778658787936835,0.008073955109635524,-14.856649977913204,1399.0,1538.0,-67.18016725401343,-26.524327379851755,8.685188567916514,-43.328026145908815,384.0,0.05945294744811605
6-033,6-033-3,MEC LV Multipolar-PC (e)-001331,N,0.40286535837411563,0.009048253273883153,5.29291061908398,-12.0,56.0,-66.3244245831912,-31.51084485693808,13.076126405339565,-51.29579152551956,0.6904370119621946,0.0012875264717564594,13.821031664784094,4.0,263.0,-65.41572957187216,-46.585157490721635,10.643119378104856,-53.14031857862528,1.4352319470022143,0.010977141445878538,7.394947227616726,788.0,646.0,-65.41572957187216,-10.451809580897887,-2.460674145307088,-40.96690163484334,193.0,0.02767679939721296,0.8670135134636288,0.020705716693212882,21.715430877966988,928.0,422.0,-65.41572957187216,-6.585391919576928,0.6146164911050835,-40.588834751052,391.0,0.07935480371044278,0.8730746436838335,0.011310363854590853,20.654846587629173,1498.0,1755.0,-65.41572957187216,-2.1472985619790137,6.986097235904043,-40.398910612676616,355.0,0.24718296346645102
6-052,6-052-1,MEC LV-VI PC-Polymorph (e)000023,Y,0.5478182020496982,2.8706425833757135E-4,-21.052312893250672,13.0,218.0,-63.16311175099713,-39.453910124272795,28.81906029362389,-51.143753220077,0.7246950594167456,2.9850444460878723E-4,-20.11877819189462,15.0,284.0,-63.058661232774675,-37.004751344291165,28.341285599441356,-48.09235613000034,1.2687646601194311,5.126908441587737E-4,-39.53935902580171,1031.0,523.0,-63.058661232774675,-6.411848680253421,18.227723666417585,-33.0069620172967,165.0,0.011883899566540814
6-078,6-078-1,LEC LVI Multipolar-PC (e)001133,Y,0.8513065560783958,0.0010167930248440404,-6.977868905630189,21.0,380.0,-63.53574664923888,-41.31860739881673,14.204768732149724,-49.275242996975244,0.733714718724045,0.0029009650671266685,-5.898658688524613,89.0,304.0,-64.57635047051711,-42.26280676119099,12.716846718421834,-50.426813474824826,1.3159325805241942,0.007858870830911847,-74.43767959976992,180.0,745.0,-64.57635047051711,-18.853596665001632,10.41299239293652,-35.992912439007455,31.0,0.1989641555905387
6-094,6-094-1,LI-II Multipolar-Pyramidal (e) 231000,Y,0.368841404173356,9.049716611252613E-4,-4.080294972247593,13.0,204.0,-70.53217130469808,-39.9867707705909,3.9634516484520788,-54.94826994018686,0.9675771287718586,8.146354375476378E-4,-0.1782023016927674,10.0,383.0,-70.37014318210086,-56.43659221086871,0.45305780099717197,-63.28176291204238,1.0986799242711134,0.0014715166657628459,-13.043880201230131,694.0,1309.0,-70.37014318210086,-42.39269683690884,-3.885209787810604,-55.92113123152644,153.0,0.028455154622932577,1.3563646853195248,0.0010839988300868524,-12.110455294112029,33.0,556.0,-70.37014318210086,-13.199810615813135,-16.35218899158292,-55.59520645864724,334.0,0.049933875588354604
6-094,6-094-2,LI-II Multipolar-Pyramidal (e) 231000,N,1.5307385727861265,0.0012837956201046776,0.011568646789483772,7.0,286.0,-56.1374580189373,-39.77502787012879,18.2736315677871,-49.81140755943429,1.8611679715881775,3.1184264524566576E-4,-2.2702513420484536,2.0,383.0,-56.407090664641004,-43.31339958001414,18.32669625307352,-49.50874149935509,1.971005045897337,0.005311622795124811,-0.011125279272885535,762.0,891.0,-56.407090664641004,-7.734546205977402,4.523295482266457,-43.166171575829495,181.0,0.04392063129659105,2.048102587195609,0.00775327503269589,16.40233724955118,970.0,411.0,-56.407090664641004,-16.067523538257987,0.6742516774095471,-42.8290164686789,334.0,0.03243058914633617
1-002,1-002-1, Mossy (e) 0103,Y,1.49950884990439,0.00375903046296513,-20.8444164211052,117.0,258.0,-63.6729549510998,-37.1129841355212,28.2913663209474,-47.9809096414196
1-007,1-007-1,Neurogliaform (i)3000p ,Y,0.6664007028736493,0.0017358955175341517,-32.4238751704751,163.0,250.0,-74.6739552384572,-6.829340552521245,17.027610952295348,-42.93010415260932
1-008,1-008-1,MOPP (i)3000 ,Y,0.6664007028736493,0.0017358955175341517,-32.4238751704751,163.0,250.0,-74.6739552384572,-6.829340552521245,17.027610952295348,-42.93010415260932
1-008,1-008-2,MOPP (i)3000 ,N,5.379383661292702,0.006297539053820995,23.841296933861223,30.0,89.0,-75.84525133440802,-67.70869193530162,-31.480968736949677,-77.05074566929461
1-013,1-013-1,HIPP (e ) 1002,Y,1.2833102565689956,0.006380990562354527,57.941038132372135,-58.0,74.0,-59.006040705399336,-50.53342176093605,0.5706428111684687,-56.97945472527379
2-009,2-009-1,CA3 O-LM (i)11003       ,Y,0.5091262478834193,0.009992916930786392,2.3943826680001044,6.0,65.0,-60.042485181595964,-30.86630121066196,19.7678131981134,-52.81049440689757
2-020,2-020-1, CA3 Trilaminar (-)01113p        ,Y,0.9307159388034032,4.4125867408879984E-4,-18.757654124872218,74.0,251.0,-63.132602265551874,-55.63967126844138,17.00685860497037,-52.61771924201447
2-047,2-047-1,CA3 Horizontal AA (i)00012,Y,0.6283394005836465,0.0018555601530547705,-16.43821429322607,21.0,154.0,-58.523285397260686,-33.49937071744226,36.089784079627,-38.499372222455236
4-011,4-011-1,CA1 NGF Projecting (i) 3000p,Y,1.857338202423168,0.0028914961500554675,-2.7181949662881144,90.0,456.0,-63.35382852742431,-56.264116647947375,17.062683565827868,-52.77044149929337
4-011,4-011-2,CA1 NGF Projecting (i) 3000p,N,2.359841640215614,0.008734647376236082,17.559378330600065,40.0,254.0,-63.3338585875631,-47.61631264732124,10.700707680926783,-50.781674699909146
4-012,4-012-1,CA1 Neurogliaform (i) 3000,Y,2.359841640215614,0.008734647376236082,17.559378330600065,40.0,254.0,-63.3338585875631,-47.61631264732124,10.700707680926783,-50.781674699909146
4-028,4-028-1,CA1 Radiatum (i)0300,Y,3.344844908222605,0.010911282725066584,14.892044907741479,20.0,194.0,-68.97529966530693,-58.14971780300447,-8.587023506627325,-68.0326520625727
4-028,4-028-2,CA1 Radiatum (i)0300,N,0.6202843645170084,0.02989773145776848,10.61963875660463,150.0,54.0,-66.66416134578742,-48.01748315232416,-16.202191471528792,-63.968567027777766
4-028,4-028-3,CA1 Radiatum (i)0300,N,9.289485290670953,0.029404120067713486,1.1628610197863654,180.0,59.0,-65.681826743779,-50.29384981271158,-15.116510083727484,-59.59586093354744
4-033,4-033-1,CA1 SO-SO (i)0003,Y,0.3209096886905659,0.008346728740501998,1.7237225939690681,-5.0,177.0,-77.24436539720509,-54.22114288581985,-22.003638859782946,-61.08535576036905
4-033,4-033-2,CA1 SO-SO (i)0003,N,0.14780958207805414,0.005197096517678641,7.439344839253115,6.0,93.0,-77.33076254089954,-50.4781990577502,18.079050313905938,-60.33481522229094
4-035,4-035-1,CA1 Trilaminar (i)0113p,Y,0.157738363144106,0.00391280528406517,2.72086523665894,-3.0,38.0,-60.9399087444229,-46.1883820042337,-0.919606264399725,-55.3355148567927
4-035,4-035-2,CA1 Trilaminar (i)0113p,N,0.5215560672754133,0.0017146638976151209,42.235322099247455,-19.0,205.0,-64.64373865122903,-56.25433169748841,0.17302795240324542,-60.616002624356554
4-038,4-038-1,CA1 Horizontal AA (i)0012,Y,2.1477037090598934,0.030161957144150153,-47.84988426287277,277.0,88.0,-56.446078253001765,-41.32222322755091,23.893428927565346,-46.01289215490158
4-039,4-039-1,CA1 Horizontal BC (i)0012,Y,0.8281213269525167,0.0019182995200740572,0.2579622289252459,1.0,46.0,-55.716679080251176,-27.74937789976201,20.277842872895683,-45.422312115100894
4-039,4-039-2,CA1 Horizontal BC (i)0012,N,0.28169920255919945,0.08110495659944202,1.0775949752348857,-18.0,66.0,-55.890164073727114,-40.64563057832359,19.80764099630081,-45.00400246867777
4-061,4-061-1,CA1 R-Recv Apical-Target (i)1300,Y,0.6680042435875406,0.02722145242944641,-9.28923099803211,142.0,92.0,-57.27551450708666,-43.1904355172385,-6.339883864670533,-46.58168737912801
4-061,4-061-2,CA1 R-Recv Apical-Target (i)1300,N,1.3575603328885906,6.200430553770053E-4,-23.725325793846448,31.0,376.0,-57.513205938015716,-39.13244232996761,-7.28970338441102,-47.50341440267787
4-069,4-069-1,CA1 O-LM (i)1002,Y,4.474663989207966,0.06862674235257507,74.29907701565071,299.0,73.0,-60.00295694024928,-56.41418552877317,7.988595950054517,-58.159728716619135
4-083,4-083-1,Oriens-Bistratified (i)0103,Y,2.907902345702047,0.0016802107244094523,13.66912236107436,35.0,841.0,-57.08082117327016,-48.47351020004545,4.145524955039768,-52.912199338766705
4-087,4-087-1,CA1 O-LMR (i)1102,Y,0.32641358746828747,0.006319519570668397,0.39523446800684425,48.0,96.0,-56.43658309716827,-27.617615325055674,29.48367087017047,-51.29448021713541
4-089,4-089-1,CA1 Recurrent O-LM (i)1003,Y,0.6379802720721868,7.829290735640035E-4,1.9262762844787562,20.0,210.0,-68.45844438051516,-40.03047836109537,24.595301086467316,-68.06036021209457
